2026-09-15 10:22:54 INFO  [devtools.env.DevToolsPropertyDefaultsPostProcessor] - Devtools property defaults active! Set 'spring.devtools.add-properties' to 'false' to disable
2026-09-15 10:22:54 INFO  [devtools.env.DevToolsPropertyDefaultsPostProcessor] - For additional web related logging consider setting the 'logging.level.web' property to 'DEBUG'
2026-09-15 10:22:55 INFO  [boot.tomcat.TomcatWebServer] - Tomcat initialized with port 8090 (http)
2026-09-15 10:22:55 INFO  [coyote.http11.Http11NioProtocol] - Initializing ProtocolHandler ["http-nio-8090"]
2026-09-15 10:22:55 INFO  [catalina.core.StandardService] - Starting service [Tomcat]
2026-09-15 10:22:55 INFO  [catalina.core.StandardEngine] - Starting Servlet engine: [Apache Tomcat/11.0.24]
2026-09-15 10:22:55 INFO  [context.servlet.WebApplicationContextInitializer] - Root WebApplicationContext: initialization completed in 1190 ms
2026-09-15 10:22:55 WARN  [security.autoconfigure.UserDetailsServiceAutoConfiguration] - 

Using generated security password: ec3b916b-d569-4c11-b6aa-fd9a831a218f

This generated password is for development use only. Your security configuration must be updated before running your application in production.

2026-09-15 10:22:55 INFO  [authentication.configuration.InitializeUserDetailsBeanManagerConfigurer$InitializeUserDetailsManagerConfigurer] - Global AuthenticationManager configured with UserDetailsService bean with name inMemoryUserDetailsManager
2026-09-15 10:22:56 INFO  [coyote.http11.Http11NioProtocol] - Starting ProtocolHandler ["http-nio-8090"]
2026-09-15 10:22:56 INFO  [boot.tomcat.TomcatWebServer] - Tomcat started on port 8090 (http) with context path '/'
2026-09-15 10:23:00 INFO  [[Tomcat].[localhost].[/]] - Initializing Spring DispatcherServlet 'dispatcherServlet'
2026-09-15 10:23:00 INFO  [web.servlet.DispatcherServlet] - Initializing Servlet 'dispatcherServlet'
2026-09-15 10:23:00 INFO  [web.servlet.DispatcherServlet] - Completed initialization in 1 ms
2026-09-15 11:07:09 INFO  [devtools.autoconfigure.LocalDevToolsAutoConfiguration$RestartingClassPathChangeChangedEventListener] - Restarting due to 20 class path changes (0 additions, 0 deletions, 20 modifications)
2026-09-15 11:07:10 INFO  [boot.tomcat.GracefulShutdown] - Commencing graceful shutdown. Waiting for active requests to complete
2026-09-15 11:07:10 INFO  [coyote.http11.Http11NioProtocol] - Pausing ProtocolHandler ["http-nio-8090"]
2026-09-15 11:07:10 INFO  [boot.tomcat.GracefulShutdown] - Graceful shutdown complete
2026-09-15 11:07:10 INFO  [coyote.http11.Http11NioProtocol] - Stopping ProtocolHandler ["http-nio-8090"]
2026-09-15 11:07:10 INFO  [boot.tomcat.TomcatWebServer] - Tomcat initialized with port 8090 (http)
2026-09-15 11:07:10 INFO  [coyote.http11.Http11NioProtocol] - Initializing ProtocolHandler ["http-nio-8090"]
2026-09-15 11:07:10 INFO  [catalina.core.StandardService] - Starting service [Tomcat]
2026-09-15 11:07:10 INFO  [catalina.core.StandardEngine] - Starting Servlet engine: [Apache Tomcat/11.0.24]
2026-09-15 11:07:10 INFO  [context.servlet.WebApplicationContextInitializer] - Root WebApplicationContext: initialization completed in 300 ms
2026-09-15 11:07:10 WARN  [security.autoconfigure.UserDetailsServiceAutoConfiguration] - 

Using generated security password: 7550c323-1823-4fb5-b831-d2bcb5489d43

This generated password is for development use only. Your security configuration must be updated before running your application in production.

2026-09-15 11:07:10 INFO  [authentication.configuration.InitializeUserDetailsBeanManagerConfigurer$InitializeUserDetailsManagerConfigurer] - Global AuthenticationManager configured with UserDetailsService bean with name inMemoryUserDetailsManager
2026-09-15 11:07:10 INFO  [coyote.http11.Http11NioProtocol] - Starting ProtocolHandler ["http-nio-8090"]
2026-09-15 11:07:10 INFO  [boot.tomcat.TomcatWebServer] - Tomcat started on port 8090 (http) with context path '/'
2026-09-15 11:07:10 INFO  [devtools.autoconfigure.ConditionEvaluationDeltaLoggingListener] - Condition evaluation unchanged
2026-09-15 11:07:48 INFO  [devtools.autoconfigure.LocalDevToolsAutoConfiguration$RestartingClassPathChangeChangedEventListener] - Restarting due to 21 class path changes (1 addition, 0 deletions, 20 modifications)
2026-09-15 11:07:48 INFO  [boot.tomcat.GracefulShutdown] - Commencing graceful shutdown. Waiting for active requests to complete
2026-09-15 11:07:48 INFO  [coyote.http11.Http11NioProtocol] - Pausing ProtocolHandler ["http-nio-8090"]
2026-09-15 11:07:48 INFO  [boot.tomcat.GracefulShutdown] - Graceful shutdown complete
2026-09-15 11:07:48 INFO  [coyote.http11.Http11NioProtocol] - Stopping ProtocolHandler ["http-nio-8090"]
2026-09-15 11:07:48 INFO  [boot.tomcat.TomcatWebServer] - Tomcat initialized with port 8090 (http)
2026-09-15 11:07:48 INFO  [coyote.http11.Http11NioProtocol] - Initializing ProtocolHandler ["http-nio-8090"]
2026-09-15 11:07:48 INFO  [catalina.core.StandardService] - Starting service [Tomcat]
2026-09-15 11:07:48 INFO  [catalina.core.StandardEngine] - Starting Servlet engine: [Apache Tomcat/11.0.24]
2026-09-15 11:07:48 INFO  [context.servlet.WebApplicationContextInitializer] - Root WebApplicationContext: initialization completed in 273 ms
2026-09-15 11:07:48 WARN  [security.autoconfigure.UserDetailsServiceAutoConfiguration] - 

Using generated security password: 7cc7bb85-c04c-4220-a977-0d2dbf6b8dd3

This generated password is for development use only. Your security configuration must be updated before running your application in production.

2026-09-15 11:07:48 INFO  [authentication.configuration.InitializeUserDetailsBeanManagerConfigurer$InitializeUserDetailsManagerConfigurer] - Global AuthenticationManager configured with UserDetailsService bean with name inMemoryUserDetailsManager
2026-09-15 11:07:49 INFO  [coyote.http11.Http11NioProtocol] - Starting ProtocolHandler ["http-nio-8090"]
2026-09-15 11:07:49 INFO  [boot.tomcat.TomcatWebServer] - Tomcat started on port 8090 (http) with context path '/'
2026-09-15 11:07:49 INFO  [devtools.autoconfigure.ConditionEvaluationDeltaLoggingListener] - Condition evaluation unchanged
2026-09-15 11:09:13 INFO  [devtools.autoconfigure.LocalDevToolsAutoConfiguration$RestartingClassPathChangeChangedEventListener] - Restarting due to 22 class path changes (1 addition, 0 deletions, 21 modifications)
2026-09-15 11:09:13 INFO  [boot.tomcat.GracefulShutdown] - Commencing graceful shutdown. Waiting for active requests to complete
2026-09-15 11:09:13 INFO  [coyote.http11.Http11NioProtocol] - Pausing ProtocolHandler ["http-nio-8090"]
2026-09-15 11:09:13 INFO  [boot.tomcat.GracefulShutdown] - Graceful shutdown complete
2026-09-15 11:09:13 INFO  [coyote.http11.Http11NioProtocol] - Stopping ProtocolHandler ["http-nio-8090"]
2026-09-15 11:09:13 INFO  [boot.tomcat.TomcatWebServer] - Tomcat initialized with port 8090 (http)
2026-09-15 11:09:13 INFO  [coyote.http11.Http11NioProtocol] - Initializing ProtocolHandler ["http-nio-8090"]
2026-09-15 11:09:13 INFO  [catalina.core.StandardService] - Starting service [Tomcat]
2026-09-15 11:09:13 INFO  [catalina.core.StandardEngine] - Starting Servlet engine: [Apache Tomcat/11.0.24]
2026-09-15 11:09:13 INFO  [context.servlet.WebApplicationContextInitializer] - Root WebApplicationContext: initialization completed in 278 ms
2026-09-15 11:09:14 WARN  [security.autoconfigure.UserDetailsServiceAutoConfiguration] - 

Using generated security password: 81db3069-4684-4990-b8de-c54114af33f1

This generated password is for development use only. Your security configuration must be updated before running your application in production.

2026-09-15 11:09:14 INFO  [authentication.configuration.InitializeUserDetailsBeanManagerConfigurer$InitializeUserDetailsManagerConfigurer] - Global AuthenticationManager configured with UserDetailsService bean with name inMemoryUserDetailsManager
2026-09-15 11:09:14 INFO  [coyote.http11.Http11NioProtocol] - Starting ProtocolHandler ["http-nio-8090"]
2026-09-15 11:09:14 INFO  [boot.tomcat.TomcatWebServer] - Tomcat started on port 8090 (http) with context path '/'
2026-09-15 11:09:14 INFO  [devtools.autoconfigure.ConditionEvaluationDeltaLoggingListener] - Condition evaluation unchanged
2026-09-15 11:12:45 INFO  [devtools.autoconfigure.LocalDevToolsAutoConfiguration$RestartingClassPathChangeChangedEventListener] - Restarting due to 23 class path changes (1 addition, 0 deletions, 22 modifications)
2026-09-15 11:12:45 INFO  [boot.tomcat.GracefulShutdown] - Commencing graceful shutdown. Waiting for active requests to complete
2026-09-15 11:12:45 INFO  [coyote.http11.Http11NioProtocol] - Pausing ProtocolHandler ["http-nio-8090"]
2026-09-15 11:12:45 INFO  [boot.tomcat.GracefulShutdown] - Graceful shutdown complete
2026-09-15 11:12:45 INFO  [coyote.http11.Http11NioProtocol] - Stopping ProtocolHandler ["http-nio-8090"]
2026-09-15 11:12:45 INFO  [boot.tomcat.TomcatWebServer] - Tomcat initialized with port 8090 (http)
2026-09-15 11:12:45 INFO  [coyote.http11.Http11NioProtocol] - Initializing ProtocolHandler ["http-nio-8090"]
2026-09-15 11:12:45 INFO  [catalina.core.StandardService] - Starting service [Tomcat]
2026-09-15 11:12:45 INFO  [catalina.core.StandardEngine] - Starting Servlet engine: [Apache Tomcat/11.0.24]
2026-09-15 11:12:46 INFO  [context.servlet.WebApplicationContextInitializer] - Root WebApplicationContext: initialization completed in 267 ms
2026-09-15 11:12:46 WARN  [security.autoconfigure.UserDetailsServiceAutoConfiguration] - 

Using generated security password: 6e224b99-b768-4229-9524-7bb7a9ef0de3

This generated password is for development use only. Your security configuration must be updated before running your application in production.

2026-09-15 11:12:46 INFO  [authentication.configuration.InitializeUserDetailsBeanManagerConfigurer$InitializeUserDetailsManagerConfigurer] - Global AuthenticationManager configured with UserDetailsService bean with name inMemoryUserDetailsManager
2026-09-15 11:12:46 INFO  [coyote.http11.Http11NioProtocol] - Starting ProtocolHandler ["http-nio-8090"]
2026-09-15 11:12:46 INFO  [boot.tomcat.TomcatWebServer] - Tomcat started on port 8090 (http) with context path '/'
2026-09-15 11:12:46 INFO  [devtools.autoconfigure.ConditionEvaluationDeltaLoggingListener] - Condition evaluation unchanged
2026-09-15 11:17:01 INFO  [devtools.autoconfigure.LocalDevToolsAutoConfiguration$RestartingClassPathChangeChangedEventListener] - Restarting due to 1 class path change (0 additions, 1 deletion, 0 modifications)
2026-09-15 11:17:01 INFO  [boot.tomcat.GracefulShutdown] - Commencing graceful shutdown. Waiting for active requests to complete
2026-09-15 11:17:01 INFO  [coyote.http11.Http11NioProtocol] - Pausing ProtocolHandler ["http-nio-8090"]
2026-09-15 11:17:01 INFO  [boot.tomcat.GracefulShutdown] - Graceful shutdown complete
2026-09-15 11:17:01 INFO  [coyote.http11.Http11NioProtocol] - Stopping ProtocolHandler ["http-nio-8090"]
2026-09-15 11:17:02 INFO  [boot.tomcat.TomcatWebServer] - Tomcat initialized with port 8090 (http)
2026-09-15 11:17:02 INFO  [coyote.http11.Http11NioProtocol] - Initializing ProtocolHandler ["http-nio-8090"]
2026-09-15 11:17:02 INFO  [catalina.core.StandardService] - Starting service [Tomcat]
2026-09-15 11:17:02 INFO  [catalina.core.StandardEngine] - Starting Servlet engine: [Apache Tomcat/11.0.24]
2026-09-15 11:17:02 INFO  [context.servlet.WebApplicationContextInitializer] - Root WebApplicationContext: initialization completed in 309 ms
2026-09-15 11:17:02 WARN  [security.autoconfigure.UserDetailsServiceAutoConfiguration] - 

Using generated security password: 6a6a2303-157f-413c-9c86-4234e1bbd931

This generated password is for development use only. Your security configuration must be updated before running your application in production.

2026-09-15 11:17:02 INFO  [authentication.configuration.InitializeUserDetailsBeanManagerConfigurer$InitializeUserDetailsManagerConfigurer] - Global AuthenticationManager configured with UserDetailsService bean with name inMemoryUserDetailsManager
2026-09-15 11:17:02 INFO  [coyote.http11.Http11NioProtocol] - Starting ProtocolHandler ["http-nio-8090"]
2026-09-15 11:17:02 INFO  [boot.tomcat.TomcatWebServer] - Tomcat started on port 8090 (http) with context path '/'
2026-09-15 11:17:02 INFO  [devtools.autoconfigure.ConditionEvaluationDeltaLoggingListener] - Condition evaluation unchanged
2026-09-15 11:17:03 INFO  [devtools.autoconfigure.LocalDevToolsAutoConfiguration$RestartingClassPathChangeChangedEventListener] - Restarting due to 23 class path changes (1 addition, 0 deletions, 22 modifications)
2026-09-15 11:17:03 INFO  [boot.tomcat.GracefulShutdown] - Commencing graceful shutdown. Waiting for active requests to complete
2026-09-15 11:17:03 INFO  [coyote.http11.Http11NioProtocol] - Pausing ProtocolHandler ["http-nio-8090"]
2026-09-15 11:17:04 INFO  [boot.tomcat.GracefulShutdown] - Graceful shutdown complete
2026-09-15 11:17:04 INFO  [coyote.http11.Http11NioProtocol] - Stopping ProtocolHandler ["http-nio-8090"]
2026-09-15 11:17:04 INFO  [boot.tomcat.TomcatWebServer] - Tomcat initialized with port 8090 (http)
2026-09-15 11:17:04 INFO  [coyote.http11.Http11NioProtocol] - Initializing ProtocolHandler ["http-nio-8090"]
2026-09-15 11:17:04 INFO  [catalina.core.StandardService] - Starting service [Tomcat]
2026-09-15 11:17:04 INFO  [catalina.core.StandardEngine] - Starting Servlet engine: [Apache Tomcat/11.0.24]
2026-09-15 11:17:04 INFO  [context.servlet.WebApplicationContextInitializer] - Root WebApplicationContext: initialization completed in 241 ms
2026-09-15 11:17:04 WARN  [security.autoconfigure.UserDetailsServiceAutoConfiguration] - 

Using generated security password: 86353511-062f-460c-a5d7-577d5d5e4f9d

This generated password is for development use only. Your security configuration must be updated before running your application in production.

2026-09-15 11:17:04 INFO  [authentication.configuration.InitializeUserDetailsBeanManagerConfigurer$InitializeUserDetailsManagerConfigurer] - Global AuthenticationManager configured with UserDetailsService bean with name inMemoryUserDetailsManager
2026-09-15 11:17:04 INFO  [coyote.http11.Http11NioProtocol] - Starting ProtocolHandler ["http-nio-8090"]
2026-09-15 11:17:04 INFO  [boot.tomcat.TomcatWebServer] - Tomcat started on port 8090 (http) with context path '/'
2026-09-15 11:17:04 INFO  [devtools.autoconfigure.ConditionEvaluationDeltaLoggingListener] - Condition evaluation unchanged
2026-09-15 11:35:18 INFO  [boot.tomcat.GracefulShutdown] - Commencing graceful shutdown. Waiting for active requests to complete
2026-09-15 11:35:18 INFO  [boot.tomcat.GracefulShutdown] - Graceful shutdown complete
2026-09-15 11:35:23 INFO  [devtools.env.DevToolsPropertyDefaultsPostProcessor] - Devtools property defaults active! Set 'spring.devtools.add-properties' to 'false' to disable
2026-09-15 11:35:23 INFO  [devtools.env.DevToolsPropertyDefaultsPostProcessor] - For additional web related logging consider setting the 'logging.level.web' property to 'DEBUG'
2026-09-15 11:35:24 INFO  [boot.tomcat.TomcatWebServer] - Tomcat initialized with port 8090 (http)
2026-09-15 11:35:24 INFO  [coyote.http11.Http11NioProtocol] - Initializing ProtocolHandler ["http-nio-8090"]
2026-09-15 11:35:24 INFO  [catalina.core.StandardService] - Starting service [Tomcat]
2026-09-15 11:35:24 INFO  [catalina.core.StandardEngine] - Starting Servlet engine: [Apache Tomcat/11.0.24]
2026-09-15 11:35:24 INFO  [context.servlet.WebApplicationContextInitializer] - Root WebApplicationContext: initialization completed in 1311 ms
2026-09-15 11:35:24 WARN  [servlet.context.AnnotationConfigServletWebServerApplicationContext] - Exception encountered during context initialization - cancelling refresh attempt: org.springframework.beans.factory.UnsatisfiedDependencyException: Error creating bean with name 'memberController' defined in file [C:\lyh\springboot_intellij\pjt\calendar\build\classes\java\main\com\office\calendar\member\MemberController.class]: Unsatisfied dependency expressed through constructor parameter 0: Error creating bean with name 'memberService' defined in file [C:\lyh\springboot_intellij\pjt\calendar\build\classes\java\main\com\office\calendar\member\MemberService.class]: Unsatisfied dependency expressed through constructor parameter 3: No qualifying bean of type 'com.office.calendaradmin.member.mapper.MemberMapper' available: expected at least 1 bean which qualifies as autowire candidate. Dependency annotations: {}
2026-09-15 11:35:24 INFO  [catalina.core.StandardService] - Stopping service [Tomcat]
2026-09-15 11:35:24 INFO  [autoconfigure.logging.ConditionEvaluationReportLogger] - 

Error starting ApplicationContext. To display the condition evaluation report re-run your application with 'debug' enabled.
2026-09-15 11:35:24 ERROR [boot.diagnostics.LoggingFailureAnalysisReporter] - 

***************************
APPLICATION FAILED TO START
***************************

Description:

Parameter 3 of constructor in com.office.calendaradmin.member.MemberService required a bean of type 'com.office.calendaradmin.member.mapper.MemberMapper' that could not be found.


Action:

Consider defining a bean of type 'com.office.calendaradmin.member.mapper.MemberMapper' in your configuration.

2026-09-15 11:43:36 INFO  [devtools.env.DevToolsPropertyDefaultsPostProcessor] - Devtools property defaults active! Set 'spring.devtools.add-properties' to 'false' to disable
2026-09-15 11:43:36 INFO  [devtools.env.DevToolsPropertyDefaultsPostProcessor] - For additional web related logging consider setting the 'logging.level.web' property to 'DEBUG'
2026-09-15 11:43:37 INFO  [boot.tomcat.TomcatWebServer] - Tomcat initialized with port 8090 (http)
2026-09-15 11:43:37 INFO  [coyote.http11.Http11NioProtocol] - Initializing ProtocolHandler ["http-nio-8090"]
2026-09-15 11:43:37 INFO  [catalina.core.StandardService] - Starting service [Tomcat]
2026-09-15 11:43:37 INFO  [catalina.core.StandardEngine] - Starting Servlet engine: [Apache Tomcat/11.0.24]
2026-09-15 11:43:37 INFO  [context.servlet.WebApplicationContextInitializer] - Root WebApplicationContext: initialization completed in 1257 ms
2026-09-15 11:43:37 WARN  [servlet.context.AnnotationConfigServletWebServerApplicationContext] - Exception encountered during context initialization - cancelling refresh attempt: org.springframework.beans.factory.UnsatisfiedDependencyException: Error creating bean with name 'memberController' defined in file [C:\lyh\springboot_intellij\pjt\calendar\build\classes\java\main\com\office\calendar\member\MemberController.class]: Unsatisfied dependency expressed through constructor parameter 0: Error creating bean with name 'memberService' defined in file [C:\lyh\springboot_intellij\pjt\calendar\build\classes\java\main\com\office\calendar\member\MemberService.class]: Unsatisfied dependency expressed through constructor parameter 3: No qualifying bean of type 'com.office.calendaradmin.member.mapper.MemberMapper' available: expected at least 1 bean which qualifies as autowire candidate. Dependency annotations: {}
2026-09-15 11:43:37 INFO  [catalina.core.StandardService] - Stopping service [Tomcat]
2026-09-15 11:43:37 INFO  [autoconfigure.logging.ConditionEvaluationReportLogger] - 

Error starting ApplicationContext. To display the condition evaluation report re-run your application with 'debug' enabled.
2026-09-15 11:43:37 ERROR [boot.diagnostics.LoggingFailureAnalysisReporter] - 

***************************
APPLICATION FAILED TO START
***************************

Description:

Parameter 3 of constructor in com.office.calendaradmin.member.MemberService required a bean of type 'com.office.calendaradmin.member.mapper.MemberMapper' that could not be found.


Action:

Consider defining a bean of type 'com.office.calendaradmin.member.mapper.MemberMapper' in your configuration.

2026-09-15 11:46:12 INFO  [devtools.env.DevToolsPropertyDefaultsPostProcessor] - Devtools property defaults active! Set 'spring.devtools.add-properties' to 'false' to disable
2026-09-15 11:46:12 INFO  [devtools.env.DevToolsPropertyDefaultsPostProcessor] - For additional web related logging consider setting the 'logging.level.web' property to 'DEBUG'
2026-09-15 11:46:14 INFO  [boot.tomcat.TomcatWebServer] - Tomcat initialized with port 8090 (http)
2026-09-15 11:46:14 INFO  [coyote.http11.Http11NioProtocol] - Initializing ProtocolHandler ["http-nio-8090"]
2026-09-15 11:46:14 INFO  [catalina.core.StandardService] - Starting service [Tomcat]
2026-09-15 11:46:14 INFO  [catalina.core.StandardEngine] - Starting Servlet engine: [Apache Tomcat/11.0.24]
2026-09-15 11:46:14 INFO  [context.servlet.WebApplicationContextInitializer] - Root WebApplicationContext: initialization completed in 1296 ms
2026-09-15 11:46:14 WARN  [servlet.context.AnnotationConfigServletWebServerApplicationContext] - Exception encountered during context initialization - cancelling refresh attempt: org.springframework.beans.factory.UnsatisfiedDependencyException: Error creating bean with name 'memberController' defined in file [C:\lyh\springboot_intellij\pjt\calendar\build\classes\java\main\com\office\calendar\member\MemberController.class]: Unsatisfied dependency expressed through constructor parameter 0: Error creating bean with name 'memberService' defined in file [C:\lyh\springboot_intellij\pjt\calendar\build\classes\java\main\com\office\calendar\member\MemberService.class]: Unsatisfied dependency expressed through constructor parameter 3: No qualifying bean of type 'com.office.calendaradmin.member.mapper.MemberMapper' available: expected at least 1 bean which qualifies as autowire candidate. Dependency annotations: {}
2026-09-15 11:46:14 INFO  [catalina.core.StandardService] - Stopping service [Tomcat]
2026-09-15 11:46:14 INFO  [autoconfigure.logging.ConditionEvaluationReportLogger] - 

Error starting ApplicationContext. To display the condition evaluation report re-run your application with 'debug' enabled.
2026-09-15 11:46:14 ERROR [boot.diagnostics.LoggingFailureAnalysisReporter] - 

***************************
APPLICATION FAILED TO START
***************************

Description:

Parameter 3 of constructor in com.office.calendaradmin.member.MemberService required a bean of type 'com.office.calendaradmin.member.mapper.MemberMapper' that could not be found.


Action:

Consider defining a bean of type 'com.office.calendaradmin.member.mapper.MemberMapper' in your configuration.

2026-09-15 12:03:54 INFO  [devtools.env.DevToolsPropertyDefaultsPostProcessor] - Devtools property defaults active! Set 'spring.devtools.add-properties' to 'false' to disable
2026-09-15 12:03:54 INFO  [devtools.env.DevToolsPropertyDefaultsPostProcessor] - For additional web related logging consider setting the 'logging.level.web' property to 'DEBUG'
2026-09-15 12:03:56 INFO  [boot.tomcat.TomcatWebServer] - Tomcat initialized with port 8090 (http)
2026-09-15 12:03:56 INFO  [coyote.http11.Http11NioProtocol] - Initializing ProtocolHandler ["http-nio-8090"]
2026-09-15 12:03:56 INFO  [catalina.core.StandardService] - Starting service [Tomcat]
2026-09-15 12:03:56 INFO  [catalina.core.StandardEngine] - Starting Servlet engine: [Apache Tomcat/11.0.24]
2026-09-15 12:03:56 INFO  [context.servlet.WebApplicationContextInitializer] - Root WebApplicationContext: initialization completed in 1456 ms
2026-09-15 12:03:56 WARN  [security.autoconfigure.UserDetailsServiceAutoConfiguration] - 

Using generated security password: 98eb3bf0-1ebf-4e68-9403-456d5c2268ad

This generated password is for development use only. Your security configuration must be updated before running your application in production.

2026-09-15 12:03:56 INFO  [authentication.configuration.InitializeUserDetailsBeanManagerConfigurer$InitializeUserDetailsManagerConfigurer] - Global AuthenticationManager configured with UserDetailsService bean with name inMemoryUserDetailsManager
2026-09-15 12:03:57 INFO  [coyote.http11.Http11NioProtocol] - Starting ProtocolHandler ["http-nio-8090"]
2026-09-15 12:03:57 INFO  [boot.tomcat.TomcatWebServer] - Tomcat started on port 8090 (http) with context path '/'
2026-09-15 12:04:02 INFO  [[Tomcat].[localhost].[/]] - Initializing Spring DispatcherServlet 'dispatcherServlet'
2026-09-15 12:04:02 INFO  [web.servlet.DispatcherServlet] - Initializing Servlet 'dispatcherServlet'
2026-09-15 12:04:02 INFO  [web.servlet.DispatcherServlet] - Completed initialization in 1 ms
2026-09-15 12:04:18 INFO  [zaxxer.hikari.HikariDataSource] - HikariPool-1 - Starting...
2026-09-15 12:04:18 INFO  [hikari.pool.HikariPool] - HikariPool-1 - Added connection com.mysql.cj.jdbc.ConnectionImpl@60d99b6
2026-09-15 12:04:18 INFO  [zaxxer.hikari.HikariDataSource] - HikariPool-1 - Start completed.
2026-09-15 12:14:28 INFO  [devtools.autoconfigure.LocalDevToolsAutoConfiguration$RestartingClassPathChangeChangedEventListener] - Restarting due to 25 class path changes (0 additions, 0 deletions, 25 modifications)
2026-09-15 12:14:28 INFO  [boot.tomcat.GracefulShutdown] - Commencing graceful shutdown. Waiting for active requests to complete
2026-09-15 12:14:28 INFO  [coyote.http11.Http11NioProtocol] - Pausing ProtocolHandler ["http-nio-8090"]
2026-09-15 12:14:28 INFO  [boot.tomcat.GracefulShutdown] - Graceful shutdown complete
2026-09-15 12:14:28 INFO  [coyote.http11.Http11NioProtocol] - Stopping ProtocolHandler ["http-nio-8090"]
2026-09-15 12:14:28 INFO  [zaxxer.hikari.HikariDataSource] - HikariPool-1 - Shutdown initiated...
2026-09-15 12:14:28 INFO  [zaxxer.hikari.HikariDataSource] - HikariPool-1 - Shutdown completed.
2026-09-15 12:14:28 INFO  [boot.tomcat.TomcatWebServer] - Tomcat initialized with port 8090 (http)
2026-09-15 12:14:28 INFO  [coyote.http11.Http11NioProtocol] - Initializing ProtocolHandler ["http-nio-8090"]
2026-09-15 12:14:28 INFO  [catalina.core.StandardService] - Starting service [Tomcat]
2026-09-15 12:14:28 INFO  [catalina.core.StandardEngine] - Starting Servlet engine: [Apache Tomcat/11.0.24]
2026-09-15 12:14:28 INFO  [context.servlet.WebApplicationContextInitializer] - Root WebApplicationContext: initialization completed in 315 ms
2026-09-15 12:14:29 WARN  [security.autoconfigure.UserDetailsServiceAutoConfiguration] - 

Using generated security password: e3fde4b9-da4f-4fa1-967d-0e148d6cc3b6

This generated password is for development use only. Your security configuration must be updated before running your application in production.

2026-09-15 12:14:29 INFO  [authentication.configuration.InitializeUserDetailsBeanManagerConfigurer$InitializeUserDetailsManagerConfigurer] - Global AuthenticationManager configured with UserDetailsService bean with name inMemoryUserDetailsManager
2026-09-15 12:14:29 INFO  [coyote.http11.Http11NioProtocol] - Starting ProtocolHandler ["http-nio-8090"]
2026-09-15 12:14:29 INFO  [boot.tomcat.TomcatWebServer] - Tomcat started on port 8090 (http) with context path '/'
2026-09-15 12:14:29 INFO  [devtools.autoconfigure.ConditionEvaluationDeltaLoggingListener] - Condition evaluation unchanged
2026-09-15 12:28:35 INFO  [devtools.autoconfigure.LocalDevToolsAutoConfiguration$RestartingClassPathChangeChangedEventListener] - Restarting due to 3 class path changes (0 additions, 3 deletions, 0 modifications)
2026-09-15 12:28:35 INFO  [boot.tomcat.GracefulShutdown] - Commencing graceful shutdown. Waiting for active requests to complete
2026-09-15 12:28:35 INFO  [coyote.http11.Http11NioProtocol] - Pausing ProtocolHandler ["http-nio-8090"]
2026-09-15 12:28:35 INFO  [boot.tomcat.GracefulShutdown] - Graceful shutdown complete
2026-09-15 12:28:35 INFO  [coyote.http11.Http11NioProtocol] - Stopping ProtocolHandler ["http-nio-8090"]
2026-09-15 12:28:36 INFO  [boot.tomcat.TomcatWebServer] - Tomcat initialized with port 8090 (http)
2026-09-15 12:28:36 INFO  [coyote.http11.Http11NioProtocol] - Initializing ProtocolHandler ["http-nio-8090"]
2026-09-15 12:28:36 INFO  [catalina.core.StandardService] - Starting service [Tomcat]
2026-09-15 12:28:36 INFO  [catalina.core.StandardEngine] - Starting Servlet engine: [Apache Tomcat/11.0.24]
2026-09-15 12:28:36 INFO  [context.servlet.WebApplicationContextInitializer] - Root WebApplicationContext: initialization completed in 309 ms
2026-09-15 12:28:36 WARN  [security.autoconfigure.UserDetailsServiceAutoConfiguration] - 

Using generated security password: e83dadb6-30fe-49cf-a990-cb77632396ff

This generated password is for development use only. Your security configuration must be updated before running your application in production.

2026-09-15 12:28:36 INFO  [authentication.configuration.InitializeUserDetailsBeanManagerConfigurer$InitializeUserDetailsManagerConfigurer] - Global AuthenticationManager configured with UserDetailsService bean with name inMemoryUserDetailsManager
2026-09-15 12:28:36 INFO  [coyote.http11.Http11NioProtocol] - Starting ProtocolHandler ["http-nio-8090"]
2026-09-15 12:28:36 INFO  [boot.tomcat.TomcatWebServer] - Tomcat started on port 8090 (http) with context path '/'
2026-09-15 12:28:36 INFO  [devtools.autoconfigure.ConditionEvaluationDeltaLoggingListener] - Condition evaluation unchanged
2026-09-15 12:28:37 INFO  [devtools.autoconfigure.LocalDevToolsAutoConfiguration$RestartingClassPathChangeChangedEventListener] - Restarting due to 25 class path changes (3 additions, 0 deletions, 22 modifications)
2026-09-15 12:28:37 INFO  [boot.tomcat.GracefulShutdown] - Commencing graceful shutdown. Waiting for active requests to complete
2026-09-15 12:28:37 INFO  [coyote.http11.Http11NioProtocol] - Pausing ProtocolHandler ["http-nio-8090"]
2026-09-15 12:28:38 INFO  [boot.tomcat.GracefulShutdown] - Graceful shutdown complete
2026-09-15 12:28:38 INFO  [coyote.http11.Http11NioProtocol] - Stopping ProtocolHandler ["http-nio-8090"]
2026-09-15 12:28:38 INFO  [boot.tomcat.TomcatWebServer] - Tomcat initialized with port 8090 (http)
2026-09-15 12:28:38 INFO  [coyote.http11.Http11NioProtocol] - Initializing ProtocolHandler ["http-nio-8090"]
2026-09-15 12:28:38 INFO  [catalina.core.StandardService] - Starting service [Tomcat]
2026-09-15 12:28:38 INFO  [catalina.core.StandardEngine] - Starting Servlet engine: [Apache Tomcat/11.0.24]
2026-09-15 12:28:38 INFO  [context.servlet.WebApplicationContextInitializer] - Root WebApplicationContext: initialization completed in 275 ms
2026-09-15 12:28:38 WARN  [security.autoconfigure.UserDetailsServiceAutoConfiguration] - 

Using generated security password: 4bb0b741-2201-425f-ab23-da261c50f1cb

This generated password is for development use only. Your security configuration must be updated before running your application in production.

2026-09-15 12:28:38 INFO  [authentication.configuration.InitializeUserDetailsBeanManagerConfigurer$InitializeUserDetailsManagerConfigurer] - Global AuthenticationManager configured with UserDetailsService bean with name inMemoryUserDetailsManager
2026-09-15 12:28:38 INFO  [coyote.http11.Http11NioProtocol] - Starting ProtocolHandler ["http-nio-8090"]
2026-09-15 12:28:38 INFO  [boot.tomcat.TomcatWebServer] - Tomcat started on port 8090 (http) with context path '/'
2026-09-15 12:28:38 INFO  [devtools.autoconfigure.ConditionEvaluationDeltaLoggingListener] - Condition evaluation unchanged
2026-09-15 12:28:45 INFO  [boot.tomcat.GracefulShutdown] - Commencing graceful shutdown. Waiting for active requests to complete
2026-09-15 12:28:45 INFO  [boot.tomcat.GracefulShutdown] - Graceful shutdown complete
2026-09-15 12:33:24 INFO  [devtools.env.DevToolsPropertyDefaultsPostProcessor] - Devtools property defaults active! Set 'spring.devtools.add-properties' to 'false' to disable
2026-09-15 12:33:24 INFO  [devtools.env.DevToolsPropertyDefaultsPostProcessor] - For additional web related logging consider setting the 'logging.level.web' property to 'DEBUG'
2026-09-15 12:33:25 INFO  [boot.tomcat.TomcatWebServer] - Tomcat initialized with port 8090 (http)
2026-09-15 12:33:25 INFO  [coyote.http11.Http11NioProtocol] - Initializing ProtocolHandler ["http-nio-8090"]
2026-09-15 12:33:25 INFO  [catalina.core.StandardService] - Starting service [Tomcat]
2026-09-15 12:33:25 INFO  [catalina.core.StandardEngine] - Starting Servlet engine: [Apache Tomcat/11.0.24]
2026-09-15 12:33:25 INFO  [context.servlet.WebApplicationContextInitializer] - Root WebApplicationContext: initialization completed in 1309 ms
2026-09-15 12:33:25 WARN  [security.autoconfigure.UserDetailsServiceAutoConfiguration] - 

Using generated security password: 9ce17250-8370-457b-957b-d99e611da428

This generated password is for development use only. Your security configuration must be updated before running your application in production.

2026-09-15 12:33:25 INFO  [authentication.configuration.InitializeUserDetailsBeanManagerConfigurer$InitializeUserDetailsManagerConfigurer] - Global AuthenticationManager configured with UserDetailsService bean with name inMemoryUserDetailsManager
2026-09-15 12:33:26 INFO  [coyote.http11.Http11NioProtocol] - Starting ProtocolHandler ["http-nio-8090"]
2026-09-15 12:33:26 INFO  [boot.tomcat.TomcatWebServer] - Tomcat started on port 8090 (http) with context path '/'
2026-09-15 12:33:32 INFO  [[Tomcat].[localhost].[/]] - Initializing Spring DispatcherServlet 'dispatcherServlet'
2026-09-15 12:33:32 INFO  [web.servlet.DispatcherServlet] - Initializing Servlet 'dispatcherServlet'
2026-09-15 12:33:32 INFO  [web.servlet.DispatcherServlet] - Completed initialization in 1 ms
2026-09-15 12:33:56 INFO  [zaxxer.hikari.HikariDataSource] - HikariPool-1 - Starting...
2026-09-15 12:33:57 INFO  [hikari.pool.HikariPool] - HikariPool-1 - Added connection com.mysql.cj.jdbc.ConnectionImpl@154d2345
2026-09-15 12:33:57 INFO  [zaxxer.hikari.HikariDataSource] - HikariPool-1 - Start completed.
2026-09-15 12:33:57 ERROR [[localhost].[/].[dispatcherServlet]] - Servlet.service() for servlet [dispatcherServlet] in context with path [] threw exception [Request processing failed: org.springframework.jdbc.BadSqlGrammarException: 
### Error querying database.  Cause: java.sql.SQLSyntaxErrorException: Table 'db_calendar.intouser_member' doesn't exist
### The error may exist in com/office/calendar/member/mapper/MemberMapper.java (best guess)
### The error may involve com.office.calendaradmin.member.mapper.MemberMapper.insertMember-Inline
### The error occurred while setting parameters
### SQL: INSERT INTOuser_member(id, pw, mail, phone) VALUES (?, ?, ?, ?)
### Cause: java.sql.SQLSyntaxErrorException: Table 'db_calendar.intouser_member' doesn't exist
; bad SQL grammar []] with root cause
java.sql.SQLSyntaxErrorException: Table 'db_calendar.intouser_member' doesn't exist
	at com.mysql.cj.jdbc.exceptions.SQLError.createSQLException(SQLError.java:112)
	at com.mysql.cj.jdbc.exceptions.SQLExceptionsMapping.translateException(SQLExceptionsMapping.java:114)
	at com.mysql.cj.jdbc.ClientPreparedStatement.executeInternal(ClientPreparedStatement.java:988)
	at com.mysql.cj.jdbc.ClientPreparedStatement.execute(ClientPreparedStatement.java:383)
	at com.zaxxer.hikari.pool.ProxyPreparedStatement.execute(ProxyPreparedStatement.java:44)
	at com.zaxxer.hikari.pool.HikariProxyPreparedStatement.execute(HikariProxyPreparedStatement.java)
	at java.base/jdk.internal.reflect.NativeMethodAccessorImpl.invoke0(Native Method)
	at java.base/jdk.internal.reflect.NativeMethodAccessorImpl.invoke(NativeMethodAccessorImpl.java:77)
	at java.base/jdk.internal.reflect.DelegatingMethodAccessorImpl.invoke(DelegatingMethodAccessorImpl.java:43)
	at java.base/java.lang.reflect.Method.invoke(Method.java:568)
	at org.apache.ibatis.logging.jdbc.PreparedStatementLogger.invoke(PreparedStatementLogger.java:58)
	at jdk.proxy4/jdk.proxy4.$Proxy96.execute(Unknown Source)
	at org.apache.ibatis.executor.statement.PreparedStatementHandler.query(PreparedStatementHandler.java:65)
	at org.apache.ibatis.executor.statement.RoutingStatementHandler.query(RoutingStatementHandler.java:80)
	at org.apache.ibatis.executor.SimpleExecutor.doQuery(SimpleExecutor.java:65)
	at org.apache.ibatis.executor.BaseExecutor.queryFromDatabase(BaseExecutor.java:336)
	at org.apache.ibatis.executor.BaseExecutor.query(BaseExecutor.java:158)
	at org.apache.ibatis.executor.CachingExecutor.query(CachingExecutor.java:110)
	at org.apache.ibatis.executor.CachingExecutor.query(CachingExecutor.java:90)
	at org.apache.ibatis.session.defaults.DefaultSqlSession.selectList(DefaultSqlSession.java:154)
	at org.apache.ibatis.session.defaults.DefaultSqlSession.selectList(DefaultSqlSession.java:147)
	at org.apache.ibatis.session.defaults.DefaultSqlSession.selectList(DefaultSqlSession.java:142)
	at org.apache.ibatis.session.defaults.DefaultSqlSession.selectOne(DefaultSqlSession.java:75)
	at java.base/jdk.internal.reflect.NativeMethodAccessorImpl.invoke0(Native Method)
	at java.base/jdk.internal.reflect.NativeMethodAccessorImpl.invoke(NativeMethodAccessorImpl.java:77)
	at java.base/jdk.internal.reflect.DelegatingMethodAccessorImpl.invoke(DelegatingMethodAccessorImpl.java:43)
	at java.base/java.lang.reflect.Method.invoke(Method.java:568)
	at org.mybatis.spring.SqlSessionTemplate$SqlSessionInterceptor.invoke(SqlSessionTemplate.java:348)
	at jdk.proxy2/jdk.proxy2.$Proxy84.selectOne(Unknown Source)
	at org.mybatis.spring.SqlSessionTemplate.selectOne(SqlSessionTemplate.java:169)
	at org.apache.ibatis.binding.MapperMethod.execute(MapperMethod.java:87)
	at org.apache.ibatis.binding.MapperProxy$PlainMethodInvoker.invoke(MapperProxy.java:141)
	at org.apache.ibatis.binding.MapperProxy.invoke(MapperProxy.java:86)
	at jdk.proxy3/jdk.proxy3.$Proxy86.insertMember(Unknown Source)
	at com.office.calendaradmin.member.MemberService.signupConfirm(MemberService.java:51)
	at com.office.calendaradmin.member.MemberController.signupConfirm(MemberController.java:42)
	at java.base/jdk.internal.reflect.NativeMethodAccessorImpl.invoke0(Native Method)
	at java.base/jdk.internal.reflect.NativeMethodAccessorImpl.invoke(NativeMethodAccessorImpl.java:77)
	at java.base/jdk.internal.reflect.DelegatingMethodAccessorImpl.invoke(DelegatingMethodAccessorImpl.java:43)
	at java.base/java.lang.reflect.Method.invoke(Method.java:568)
	at org.springframework.web.method.support.InvocableHandlerMethod.doInvoke(InvocableHandlerMethod.java:252)
	at org.springframework.web.method.support.InvocableHandlerMethod.invokeForRequest(InvocableHandlerMethod.java:184)
	at org.springframework.web.servlet.mvc.method.annotation.ServletInvocableHandlerMethod.invokeAndHandle(ServletInvocableHandlerMethod.java:117)
	at org.springframework.web.servlet.mvc.method.annotation.RequestMappingHandlerAdapter.invokeHandlerMethod(RequestMappingHandlerAdapter.java:934)
	at org.springframework.web.servlet.mvc.method.annotation.RequestMappingHandlerAdapter.handleInternal(RequestMappingHandlerAdapter.java:853)
	at org.springframework.web.servlet.mvc.method.AbstractHandlerMethodAdapter.handle(AbstractHandlerMethodAdapter.java:86)
	at org.springframework.web.servlet.DispatcherServlet.doDispatch(DispatcherServlet.java:963)
	at org.springframework.web.servlet.DispatcherServlet.doService(DispatcherServlet.java:866)
	at org.springframework.web.servlet.FrameworkServlet.processRequest(FrameworkServlet.java:1000)
	at org.springframework.web.servlet.FrameworkServlet.doPost(FrameworkServlet.java:903)
	at jakarta.servlet.http.HttpServlet.service(HttpServlet.java:649)
	at org.springframework.web.servlet.FrameworkServlet.service(FrameworkServlet.java:874)
	at jakarta.servlet.http.HttpServlet.service(HttpServlet.java:710)
	at org.apache.catalina.core.ApplicationFilterChain.doFilter(ApplicationFilterChain.java:132)
	at org.apache.tomcat.websocket.server.WsFilter.doFilter(WsFilter.java:59)
	at org.apache.catalina.core.ApplicationFilterChain.doFilter(ApplicationFilterChain.java:111)
	at org.springframework.web.filter.CompositeFilter$VirtualFilterChain.doFilter(CompositeFilter.java:108)
	at org.springframework.security.web.FilterChainProxy.lambda$doFilterInternal$2(FilterChainProxy.java:235)
	at org.springframework.security.web.FilterChainProxy$VirtualFilterChain.doFilter(FilterChainProxy.java:376)
	at org.springframework.security.web.access.ExceptionTranslationFilter.doFilter(ExceptionTranslationFilter.java:126)
	at org.springframework.security.web.access.ExceptionTranslationFilter.doFilter(ExceptionTranslationFilter.java:120)
	at org.springframework.security.web.FilterChainProxy$VirtualFilterChain.doFilter(FilterChainProxy.java:385)
	at org.springframework.security.web.authentication.AnonymousAuthenticationFilter.doFilter(AnonymousAuthenticationFilter.java:100)
	at org.springframework.security.web.FilterChainProxy$VirtualFilterChain.doFilter(FilterChainProxy.java:385)
	at org.springframework.security.web.servletapi.SecurityContextHolderAwareRequestFilter.doFilter(SecurityContextHolderAwareRequestFilter.java:181)
	at org.springframework.security.web.FilterChainProxy$VirtualFilterChain.doFilter(FilterChainProxy.java:385)
	at org.springframework.security.web.savedrequest.RequestCacheAwareFilter.doFilter(RequestCacheAwareFilter.java:63)
	at org.springframework.security.web.FilterChainProxy$VirtualFilterChain.doFilter(FilterChainProxy.java:385)
	at org.springframework.security.web.authentication.logout.LogoutFilter.doFilter(LogoutFilter.java:110)
	at org.springframework.security.web.authentication.logout.LogoutFilter.doFilter(LogoutFilter.java:96)
	at org.springframework.security.web.FilterChainProxy$VirtualFilterChain.doFilter(FilterChainProxy.java:385)
	at org.springframework.security.web.header.HeaderWriterFilter.doHeadersAfter(HeaderWriterFilter.java:90)
	at org.springframework.security.web.header.HeaderWriterFilter.doFilterInternal(HeaderWriterFilter.java:75)
	at org.springframework.web.filter.OncePerRequestFilter.doFilter(OncePerRequestFilter.java:116)
	at org.springframework.security.web.FilterChainProxy$VirtualFilterChain.doFilter(FilterChainProxy.java:385)
	at org.springframework.security.web.context.SecurityContextHolderFilter.doFilter(SecurityContextHolderFilter.java:82)
	at org.springframework.security.web.context.SecurityContextHolderFilter.doFilter(SecurityContextHolderFilter.java:69)
	at org.springframework.security.web.FilterChainProxy$VirtualFilterChain.doFilter(FilterChainProxy.java:385)
	at org.springframework.security.web.context.request.async.WebAsyncManagerIntegrationFilter.doFilterInternal(WebAsyncManagerIntegrationFilter.java:62)
	at org.springframework.web.filter.OncePerRequestFilter.doFilter(OncePerRequestFilter.java:116)
	at org.springframework.security.web.FilterChainProxy$VirtualFilterChain.doFilter(FilterChainProxy.java:385)
	at org.springframework.security.web.session.DisableEncodeUrlFilter.doFilterInternal(DisableEncodeUrlFilter.java:42)
	at org.springframework.web.filter.OncePerRequestFilter.doFilter(OncePerRequestFilter.java:116)
	at org.springframework.security.web.FilterChainProxy$VirtualFilterChain.doFilter(FilterChainProxy.java:385)
	at org.springframework.security.web.FilterChainProxy.doFilterInternal(FilterChainProxy.java:237)
	at org.springframework.security.web.FilterChainProxy.doFilter(FilterChainProxy.java:195)
	at org.springframework.web.filter.CompositeFilter$VirtualFilterChain.doFilter(CompositeFilter.java:113)
	at org.springframework.web.filter.ServletRequestPathFilter.doFilter(ServletRequestPathFilter.java:52)
	at org.springframework.web.filter.CompositeFilter$VirtualFilterChain.doFilter(CompositeFilter.java:113)
	at org.springframework.web.filter.CompositeFilter.doFilter(CompositeFilter.java:74)
	at org.springframework.security.config.annotation.web.configuration.WebSecurityConfiguration$CompositeFilterChainProxy.doFilter(WebSecurityConfiguration.java:317)
	at org.springframework.web.filter.DelegatingFilterProxy.invokeDelegate(DelegatingFilterProxy.java:355)
	at org.springframework.web.filter.DelegatingFilterProxy.doFilter(DelegatingFilterProxy.java:272)
	at org.apache.catalina.core.ApplicationFilterChain.doFilter(ApplicationFilterChain.java:111)
	at org.springframework.web.filter.RequestContextFilter.doFilterInternal(RequestContextFilter.java:100)
	at org.springframework.web.filter.OncePerRequestFilter.doFilter(OncePerRequestFilter.java:116)
	at org.apache.catalina.core.ApplicationFilterChain.doFilter(ApplicationFilterChain.java:111)
	at org.springframework.web.filter.FormContentFilter.doFilterInternal(FormContentFilter.java:93)
	at org.springframework.web.filter.OncePerRequestFilter.doFilter(OncePerRequestFilter.java:116)
	at org.apache.catalina.core.ApplicationFilterChain.doFilter(ApplicationFilterChain.java:111)
	at org.springframework.web.filter.CharacterEncodingFilter.doFilterInternal(CharacterEncodingFilter.java:199)
	at org.springframework.web.filter.OncePerRequestFilter.doFilter(OncePerRequestFilter.java:116)
	at org.apache.catalina.core.ApplicationFilterChain.doFilter(ApplicationFilterChain.java:111)
	at org.apache.catalina.core.StandardWrapperValve.invoke(StandardWrapperValve.java:165)
	at org.apache.catalina.core.StandardContextValve.invoke(StandardContextValve.java:77)
	at org.apache.catalina.authenticator.AuthenticatorBase.invoke(AuthenticatorBase.java:535)
	at org.apache.catalina.core.StandardHostValve.invoke(StandardHostValve.java:115)
	at org.apache.catalina.valves.ErrorReportValve.invoke(ErrorReportValve.java:86)
	at org.apache.catalina.core.StandardEngineValve.invoke(StandardEngineValve.java:71)
	at org.apache.catalina.connector.CoyoteAdapter.service(CoyoteAdapter.java:347)
	at org.apache.coyote.http11.Http11Processor.service(Http11Processor.java:406)
	at org.apache.coyote.AbstractProcessorLight.process(AbstractProcessorLight.java:71)
	at org.apache.coyote.AbstractProtocol$ConnectionHandler.process(AbstractProtocol.java:1307)
	at org.apache.tomcat.util.net.NioEndpoint$SocketProcessor.doRun(NioEndpoint.java:2036)
	at org.apache.tomcat.util.net.SocketProcessorBase.run(SocketProcessorBase.java:74)
	at org.apache.tomcat.util.threads.ThreadPoolExecutor.runWorker(ThreadPoolExecutor.java:949)
	at org.apache.tomcat.util.threads.ThreadPoolExecutor$Worker.run(ThreadPoolExecutor.java:483)
	at org.apache.tomcat.util.threads.TaskThread$WrappingRunnable.run(TaskThread.java:74)
	at java.base/java.lang.Thread.run(Thread.java:842)
2026-09-15 12:34:48 INFO  [devtools.autoconfigure.LocalDevToolsAutoConfiguration$RestartingClassPathChangeChangedEventListener] - Restarting due to 3 class path changes (0 additions, 0 deletions, 3 modifications)
2026-09-15 12:34:48 INFO  [boot.tomcat.GracefulShutdown] - Commencing graceful shutdown. Waiting for active requests to complete
2026-09-15 12:34:48 INFO  [coyote.http11.Http11NioProtocol] - Pausing ProtocolHandler ["http-nio-8090"]
2026-09-15 12:34:49 INFO  [boot.tomcat.GracefulShutdown] - Graceful shutdown complete
2026-09-15 12:34:49 INFO  [coyote.http11.Http11NioProtocol] - Stopping ProtocolHandler ["http-nio-8090"]
2026-09-15 12:34:49 INFO  [zaxxer.hikari.HikariDataSource] - HikariPool-1 - Shutdown initiated...
2026-09-15 12:34:49 INFO  [zaxxer.hikari.HikariDataSource] - HikariPool-1 - Shutdown completed.
2026-09-15 12:34:49 INFO  [boot.tomcat.TomcatWebServer] - Tomcat initialized with port 8090 (http)
2026-09-15 12:34:49 INFO  [coyote.http11.Http11NioProtocol] - Initializing ProtocolHandler ["http-nio-8090"]
2026-09-15 12:34:49 INFO  [catalina.core.StandardService] - Starting service [Tomcat]
2026-09-15 12:34:49 INFO  [catalina.core.StandardEngine] - Starting Servlet engine: [Apache Tomcat/11.0.24]
2026-09-15 12:34:49 INFO  [context.servlet.WebApplicationContextInitializer] - Root WebApplicationContext: initialization completed in 320 ms
2026-09-15 12:34:49 WARN  [security.autoconfigure.UserDetailsServiceAutoConfiguration] - 

Using generated security password: 3f414de6-1d92-4690-9953-67f7488d2f2d

This generated password is for development use only. Your security configuration must be updated before running your application in production.

2026-09-15 12:34:49 INFO  [authentication.configuration.InitializeUserDetailsBeanManagerConfigurer$InitializeUserDetailsManagerConfigurer] - Global AuthenticationManager configured with UserDetailsService bean with name inMemoryUserDetailsManager
2026-09-15 12:34:49 INFO  [coyote.http11.Http11NioProtocol] - Starting ProtocolHandler ["http-nio-8090"]
2026-09-15 12:34:49 INFO  [boot.tomcat.TomcatWebServer] - Tomcat started on port 8090 (http) with context path '/'
2026-09-15 12:34:49 INFO  [devtools.autoconfigure.ConditionEvaluationDeltaLoggingListener] - Condition evaluation unchanged
2026-09-15 12:34:49 INFO  [[Tomcat].[localhost].[/]] - Initializing Spring DispatcherServlet 'dispatcherServlet'
2026-09-15 12:34:49 INFO  [web.servlet.DispatcherServlet] - Initializing Servlet 'dispatcherServlet'
2026-09-15 12:34:49 INFO  [web.servlet.DispatcherServlet] - Completed initialization in 1 ms
2026-09-15 12:34:57 INFO  [zaxxer.hikari.HikariDataSource] - HikariPool-2 - Starting...
2026-09-15 12:34:57 INFO  [hikari.pool.HikariPool] - HikariPool-2 - Added connection com.mysql.cj.jdbc.ConnectionImpl@17f966fd
2026-09-15 12:34:57 INFO  [zaxxer.hikari.HikariDataSource] - HikariPool-2 - Start completed.
2026-09-15 12:34:57 ERROR [[localhost].[/].[dispatcherServlet]] - Servlet.service() for servlet [dispatcherServlet] in context with path [] threw exception [Request processing failed: org.apache.ibatis.binding.BindingException: Mapper method 'com.office.calendaradmin.member.mapper.MemberMapper.insertMember' attempted to return null from a method with a primitive return type (int).] with root cause
org.apache.ibatis.binding.BindingException: Mapper method 'com.office.calendaradmin.member.mapper.MemberMapper.insertMember' attempted to return null from a method with a primitive return type (int).
	at org.apache.ibatis.binding.MapperMethod.execute(MapperMethod.java:101)
	at org.apache.ibatis.binding.MapperProxy$PlainMethodInvoker.invoke(MapperProxy.java:141)
	at org.apache.ibatis.binding.MapperProxy.invoke(MapperProxy.java:86)
	at jdk.proxy5/jdk.proxy5.$Proxy98.insertMember(Unknown Source)
	at com.office.calendaradmin.member.MemberService.signupConfirm(MemberService.java:51)
	at com.office.calendaradmin.member.MemberController.signupConfirm(MemberController.java:42)
	at java.base/jdk.internal.reflect.NativeMethodAccessorImpl.invoke0(Native Method)
	at java.base/jdk.internal.reflect.NativeMethodAccessorImpl.invoke(NativeMethodAccessorImpl.java:77)
	at java.base/jdk.internal.reflect.DelegatingMethodAccessorImpl.invoke(DelegatingMethodAccessorImpl.java:43)
	at java.base/java.lang.reflect.Method.invoke(Method.java:568)
	at org.springframework.web.method.support.InvocableHandlerMethod.doInvoke(InvocableHandlerMethod.java:252)
	at org.springframework.web.method.support.InvocableHandlerMethod.invokeForRequest(InvocableHandlerMethod.java:184)
	at org.springframework.web.servlet.mvc.method.annotation.ServletInvocableHandlerMethod.invokeAndHandle(ServletInvocableHandlerMethod.java:117)
	at org.springframework.web.servlet.mvc.method.annotation.RequestMappingHandlerAdapter.invokeHandlerMethod(RequestMappingHandlerAdapter.java:934)
	at org.springframework.web.servlet.mvc.method.annotation.RequestMappingHandlerAdapter.handleInternal(RequestMappingHandlerAdapter.java:853)
	at org.springframework.web.servlet.mvc.method.AbstractHandlerMethodAdapter.handle(AbstractHandlerMethodAdapter.java:86)
	at org.springframework.web.servlet.DispatcherServlet.doDispatch(DispatcherServlet.java:963)
	at org.springframework.web.servlet.DispatcherServlet.doService(DispatcherServlet.java:866)
	at org.springframework.web.servlet.FrameworkServlet.processRequest(FrameworkServlet.java:1000)
	at org.springframework.web.servlet.FrameworkServlet.doPost(FrameworkServlet.java:903)
	at jakarta.servlet.http.HttpServlet.service(HttpServlet.java:649)
	at org.springframework.web.servlet.FrameworkServlet.service(FrameworkServlet.java:874)
	at jakarta.servlet.http.HttpServlet.service(HttpServlet.java:710)
	at org.apache.catalina.core.ApplicationFilterChain.doFilter(ApplicationFilterChain.java:132)
	at org.apache.tomcat.websocket.server.WsFilter.doFilter(WsFilter.java:59)
	at org.apache.catalina.core.ApplicationFilterChain.doFilter(ApplicationFilterChain.java:111)
	at org.springframework.web.filter.CompositeFilter$VirtualFilterChain.doFilter(CompositeFilter.java:108)
	at org.springframework.security.web.FilterChainProxy.lambda$doFilterInternal$2(FilterChainProxy.java:235)
	at org.springframework.security.web.FilterChainProxy$VirtualFilterChain.doFilter(FilterChainProxy.java:376)
	at org.springframework.security.web.access.ExceptionTranslationFilter.doFilter(ExceptionTranslationFilter.java:126)
	at org.springframework.security.web.access.ExceptionTranslationFilter.doFilter(ExceptionTranslationFilter.java:120)
	at org.springframework.security.web.FilterChainProxy$VirtualFilterChain.doFilter(FilterChainProxy.java:385)
	at org.springframework.security.web.authentication.AnonymousAuthenticationFilter.doFilter(AnonymousAuthenticationFilter.java:100)
	at org.springframework.security.web.FilterChainProxy$VirtualFilterChain.doFilter(FilterChainProxy.java:385)
	at org.springframework.security.web.servletapi.SecurityContextHolderAwareRequestFilter.doFilter(SecurityContextHolderAwareRequestFilter.java:181)
	at org.springframework.security.web.FilterChainProxy$VirtualFilterChain.doFilter(FilterChainProxy.java:385)
	at org.springframework.security.web.savedrequest.RequestCacheAwareFilter.doFilter(RequestCacheAwareFilter.java:63)
	at org.springframework.security.web.FilterChainProxy$VirtualFilterChain.doFilter(FilterChainProxy.java:385)
	at org.springframework.security.web.authentication.logout.LogoutFilter.doFilter(LogoutFilter.java:110)
	at org.springframework.security.web.authentication.logout.LogoutFilter.doFilter(LogoutFilter.java:96)
	at org.springframework.security.web.FilterChainProxy$VirtualFilterChain.doFilter(FilterChainProxy.java:385)
	at org.springframework.security.web.header.HeaderWriterFilter.doHeadersAfter(HeaderWriterFilter.java:90)
	at org.springframework.security.web.header.HeaderWriterFilter.doFilterInternal(HeaderWriterFilter.java:75)
	at org.springframework.web.filter.OncePerRequestFilter.doFilter(OncePerRequestFilter.java:116)
	at org.springframework.security.web.FilterChainProxy$VirtualFilterChain.doFilter(FilterChainProxy.java:385)
	at org.springframework.security.web.context.SecurityContextHolderFilter.doFilter(SecurityContextHolderFilter.java:82)
	at org.springframework.security.web.context.SecurityContextHolderFilter.doFilter(SecurityContextHolderFilter.java:69)
	at org.springframework.security.web.FilterChainProxy$VirtualFilterChain.doFilter(FilterChainProxy.java:385)
	at org.springframework.security.web.context.request.async.WebAsyncManagerIntegrationFilter.doFilterInternal(WebAsyncManagerIntegrationFilter.java:62)
	at org.springframework.web.filter.OncePerRequestFilter.doFilter(OncePerRequestFilter.java:116)
	at org.springframework.security.web.FilterChainProxy$VirtualFilterChain.doFilter(FilterChainProxy.java:385)
	at org.springframework.security.web.session.DisableEncodeUrlFilter.doFilterInternal(DisableEncodeUrlFilter.java:42)
	at org.springframework.web.filter.OncePerRequestFilter.doFilter(OncePerRequestFilter.java:116)
	at org.springframework.security.web.FilterChainProxy$VirtualFilterChain.doFilter(FilterChainProxy.java:385)
	at org.springframework.security.web.FilterChainProxy.doFilterInternal(FilterChainProxy.java:237)
	at org.springframework.security.web.FilterChainProxy.doFilter(FilterChainProxy.java:195)
	at org.springframework.web.filter.CompositeFilter$VirtualFilterChain.doFilter(CompositeFilter.java:113)
	at org.springframework.web.filter.ServletRequestPathFilter.doFilter(ServletRequestPathFilter.java:52)
	at org.springframework.web.filter.CompositeFilter$VirtualFilterChain.doFilter(CompositeFilter.java:113)
	at org.springframework.web.filter.CompositeFilter.doFilter(CompositeFilter.java:74)
	at org.springframework.security.config.annotation.web.configuration.WebSecurityConfiguration$CompositeFilterChainProxy.doFilter(WebSecurityConfiguration.java:317)
	at org.springframework.web.filter.DelegatingFilterProxy.invokeDelegate(DelegatingFilterProxy.java:355)
	at org.springframework.web.filter.DelegatingFilterProxy.doFilter(DelegatingFilterProxy.java:272)
	at org.apache.catalina.core.ApplicationFilterChain.doFilter(ApplicationFilterChain.java:111)
	at org.springframework.web.filter.RequestContextFilter.doFilterInternal(RequestContextFilter.java:100)
	at org.springframework.web.filter.OncePerRequestFilter.doFilter(OncePerRequestFilter.java:116)
	at org.apache.catalina.core.ApplicationFilterChain.doFilter(ApplicationFilterChain.java:111)
	at org.springframework.web.filter.FormContentFilter.doFilterInternal(FormContentFilter.java:93)
	at org.springframework.web.filter.OncePerRequestFilter.doFilter(OncePerRequestFilter.java:116)
	at org.apache.catalina.core.ApplicationFilterChain.doFilter(ApplicationFilterChain.java:111)
	at org.springframework.web.filter.CharacterEncodingFilter.doFilterInternal(CharacterEncodingFilter.java:199)
	at org.springframework.web.filter.OncePerRequestFilter.doFilter(OncePerRequestFilter.java:116)
	at org.apache.catalina.core.ApplicationFilterChain.doFilter(ApplicationFilterChain.java:111)
	at org.apache.catalina.core.StandardWrapperValve.invoke(StandardWrapperValve.java:165)
	at org.apache.catalina.core.StandardContextValve.invoke(StandardContextValve.java:77)
	at org.apache.catalina.authenticator.AuthenticatorBase.invoke(AuthenticatorBase.java:535)
	at org.apache.catalina.core.StandardHostValve.invoke(StandardHostValve.java:115)
	at org.apache.catalina.valves.ErrorReportValve.invoke(ErrorReportValve.java:86)
	at org.apache.catalina.core.StandardEngineValve.invoke(StandardEngineValve.java:71)
	at org.apache.catalina.connector.CoyoteAdapter.service(CoyoteAdapter.java:347)
	at org.apache.coyote.http11.Http11Processor.service(Http11Processor.java:406)
	at org.apache.coyote.AbstractProcessorLight.process(AbstractProcessorLight.java:71)
	at org.apache.coyote.AbstractProtocol$ConnectionHandler.process(AbstractProtocol.java:1307)
	at org.apache.tomcat.util.net.NioEndpoint$SocketProcessor.doRun(NioEndpoint.java:2036)
	at org.apache.tomcat.util.net.SocketProcessorBase.run(SocketProcessorBase.java:74)
	at org.apache.tomcat.util.threads.ThreadPoolExecutor.runWorker(ThreadPoolExecutor.java:949)
	at org.apache.tomcat.util.threads.ThreadPoolExecutor$Worker.run(ThreadPoolExecutor.java:483)
	at org.apache.tomcat.util.threads.TaskThread$WrappingRunnable.run(TaskThread.java:74)
	at java.base/java.lang.Thread.run(Thread.java:842)
2026-09-15 12:44:04 INFO  [boot.tomcat.GracefulShutdown] - Commencing graceful shutdown. Waiting for active requests to complete
2026-09-15 12:44:04 INFO  [boot.tomcat.GracefulShutdown] - Graceful shutdown complete
2026-09-15 12:44:04 INFO  [zaxxer.hikari.HikariDataSource] - HikariPool-2 - Shutdown initiated...
2026-09-15 12:44:04 INFO  [zaxxer.hikari.HikariDataSource] - HikariPool-2 - Shutdown completed.
2026-09-16 11:11:46 INFO  [devtools.env.DevToolsPropertyDefaultsPostProcessor] - Devtools property defaults active! Set 'spring.devtools.add-properties' to 'false' to disable
2026-09-16 11:11:46 INFO  [devtools.env.DevToolsPropertyDefaultsPostProcessor] - For additional web related logging consider setting the 'logging.level.web' property to 'DEBUG'
2026-09-16 11:11:47 INFO  [repository.config.RepositoryConfigurationDelegate] - Bootstrapping Spring Data JPA repositories in DEFAULT mode.
2026-09-16 11:11:47 INFO  [repository.config.RepositoryConfigurationDelegate] - Finished Spring Data repository scanning in 36 ms. Found 1 JPA repository interface.
2026-09-16 11:11:48 INFO  [boot.tomcat.TomcatWebServer] - Tomcat initialized with port 8090 (http)
2026-09-16 11:11:48 INFO  [coyote.http11.Http11NioProtocol] - Initializing ProtocolHandler ["http-nio-8090"]
2026-09-16 11:11:48 INFO  [catalina.core.StandardService] - Starting service [Tomcat]
2026-09-16 11:11:48 INFO  [catalina.core.StandardEngine] - Starting Servlet engine: [Apache Tomcat/11.0.24]
2026-09-16 11:11:48 INFO  [context.servlet.WebApplicationContextInitializer] - Root WebApplicationContext: initialization completed in 2136 ms
2026-09-16 11:11:48 INFO  [zaxxer.hikari.HikariDataSource] - HikariPool-1 - Starting...
2026-09-16 11:11:49 INFO  [hikari.pool.HikariPool] - HikariPool-1 - Added connection com.mysql.cj.jdbc.ConnectionImpl@2d9892
2026-09-16 11:11:49 INFO  [zaxxer.hikari.HikariDataSource] - HikariPool-1 - Start completed.
2026-09-16 11:11:49 INFO  [hibernate.orm.jpa] - HHH008540: Processing PersistenceUnitInfo [name: default]
2026-09-16 11:11:49 INFO  [hibernate.orm.core] - HHH000001: Hibernate ORM core version 7.4.5.Final
2026-09-16 11:11:50 INFO  [jpa.persistenceunit.SpringPersistenceUnitInfo] - No LoadTimeWeaver setup: ignoring JPA class transformer
2026-09-16 11:11:50 WARN  [hibernate.orm.deprecation] - HHH90000025: MySQLDialect does not need to be specified explicitly using 'hibernate.dialect' (remove the property setting and it will be selected by default)
2026-09-16 11:11:50 INFO  [orm.connections.pooling] - HHH10001005: Database info:
	Database JDBC URL [jdbc:mysql://localhost:3306/DB_CALENDAR]
	Database driver: MySQL Connector/J
	Database dialect: MySQLDialect
	Database version: 8.0.46
	Default catalog/schema: DB_CALENDAR/undefined
	Autocommit mode: undefined/unknown
	Isolation level: REPEATABLE_READ [default REPEATABLE_READ]
	JDBC fetch size: none
	Pool: DataSourceConnectionProvider
	Minimum pool size: undefined/unknown
	Maximum pool size: undefined/unknown
2026-09-16 11:11:51 INFO  [hibernate.orm.core] - HHH000489: No JTA platform available (set 'hibernate.transaction.jta.platform' to enable JTA platform integration)
2026-09-16 11:11:51 INFO  [orm.jpa.LocalContainerEntityManagerFactoryBean] - Initialized JPA EntityManagerFactory for persistence unit 'default'
2026-09-16 11:11:51 INFO  [repository.query.QueryEnhancerFactories] - Hibernate is in classpath; If applicable, HQL parser will be used.
2026-09-16 11:11:51 WARN  [jpa.autoconfigure.JpaBaseConfiguration$JpaWebConfiguration] - spring.jpa.open-in-view is enabled by default. Therefore, database queries may be performed during view rendering. Explicitly configure spring.jpa.open-in-view to disable this warning
2026-09-16 11:11:51 WARN  [security.autoconfigure.UserDetailsServiceAutoConfiguration] - 

Using generated security password: e399a010-c7ab-49d7-9e26-d0bfc7abedf7

This generated password is for development use only. Your security configuration must be updated before running your application in production.

2026-09-16 11:11:51 INFO  [authentication.configuration.InitializeUserDetailsBeanManagerConfigurer$InitializeUserDetailsManagerConfigurer] - Global AuthenticationManager configured with UserDetailsService bean with name inMemoryUserDetailsManager
2026-09-16 11:11:52 INFO  [coyote.http11.Http11NioProtocol] - Starting ProtocolHandler ["http-nio-8090"]
2026-09-16 11:11:52 INFO  [boot.tomcat.TomcatWebServer] - Tomcat started on port 8090 (http) with context path '/'
2026-09-16 11:12:01 INFO  [[Tomcat].[localhost].[/]] - Initializing Spring DispatcherServlet 'dispatcherServlet'
2026-09-16 11:12:01 INFO  [web.servlet.DispatcherServlet] - Initializing Servlet 'dispatcherServlet'
2026-09-16 11:12:01 INFO  [web.servlet.DispatcherServlet] - Completed initialization in 1 ms
2026-09-16 11:25:53 INFO  [devtools.autoconfigure.LocalDevToolsAutoConfiguration$RestartingClassPathChangeChangedEventListener] - Restarting due to 3 class path changes (0 additions, 0 deletions, 3 modifications)
2026-09-16 11:25:53 INFO  [boot.tomcat.GracefulShutdown] - Commencing graceful shutdown. Waiting for active requests to complete
2026-09-16 11:25:53 INFO  [coyote.http11.Http11NioProtocol] - Pausing ProtocolHandler ["http-nio-8090"]
2026-09-16 11:25:53 INFO  [boot.tomcat.GracefulShutdown] - Graceful shutdown complete
2026-09-16 11:25:53 INFO  [coyote.http11.Http11NioProtocol] - Stopping ProtocolHandler ["http-nio-8090"]
2026-09-16 11:25:53 INFO  [orm.jpa.LocalContainerEntityManagerFactoryBean] - Closing JPA EntityManagerFactory for persistence unit 'default'
2026-09-16 11:25:53 INFO  [zaxxer.hikari.HikariDataSource] - HikariPool-1 - Shutdown initiated...
2026-09-16 11:25:53 INFO  [zaxxer.hikari.HikariDataSource] - HikariPool-1 - Shutdown completed.
2026-09-16 11:25:54 INFO  [repository.config.RepositoryConfigurationDelegate] - Bootstrapping Spring Data JPA repositories in DEFAULT mode.
2026-09-16 11:25:54 INFO  [repository.config.RepositoryConfigurationDelegate] - Finished Spring Data repository scanning in 7 ms. Found 1 JPA repository interface.
2026-09-16 11:25:54 INFO  [boot.tomcat.TomcatWebServer] - Tomcat initialized with port 8090 (http)
2026-09-16 11:25:54 INFO  [coyote.http11.Http11NioProtocol] - Initializing ProtocolHandler ["http-nio-8090"]
2026-09-16 11:25:54 INFO  [catalina.core.StandardService] - Starting service [Tomcat]
2026-09-16 11:25:54 INFO  [catalina.core.StandardEngine] - Starting Servlet engine: [Apache Tomcat/11.0.24]
2026-09-16 11:25:54 INFO  [context.servlet.WebApplicationContextInitializer] - Root WebApplicationContext: initialization completed in 359 ms
2026-09-16 11:25:54 INFO  [zaxxer.hikari.HikariDataSource] - HikariPool-2 - Starting...
2026-09-16 11:25:54 INFO  [hikari.pool.HikariPool] - HikariPool-2 - Added connection com.mysql.cj.jdbc.ConnectionImpl@76d89472
2026-09-16 11:25:54 INFO  [zaxxer.hikari.HikariDataSource] - HikariPool-2 - Start completed.
2026-09-16 11:25:54 INFO  [hibernate.orm.jpa] - HHH008540: Processing PersistenceUnitInfo [name: default]
2026-09-16 11:25:54 INFO  [jpa.persistenceunit.SpringPersistenceUnitInfo] - No LoadTimeWeaver setup: ignoring JPA class transformer
2026-09-16 11:25:54 WARN  [hibernate.orm.deprecation] - HHH90000025: MySQLDialect does not need to be specified explicitly using 'hibernate.dialect' (remove the property setting and it will be selected by default)
2026-09-16 11:25:54 INFO  [orm.connections.pooling] - HHH10001005: Database info:
	Database JDBC URL [jdbc:mysql://localhost:3306/DB_CALENDAR]
	Database driver: MySQL Connector/J
	Database dialect: MySQLDialect
	Database version: 8.0.46
	Default catalog/schema: DB_CALENDAR/undefined
	Autocommit mode: undefined/unknown
	Isolation level: REPEATABLE_READ [default REPEATABLE_READ]
	JDBC fetch size: none
	Pool: DataSourceConnectionProvider
	Minimum pool size: undefined/unknown
	Maximum pool size: undefined/unknown
2026-09-16 11:25:54 INFO  [hibernate.orm.core] - HHH000489: No JTA platform available (set 'hibernate.transaction.jta.platform' to enable JTA platform integration)
2026-09-16 11:25:54 INFO  [orm.jpa.LocalContainerEntityManagerFactoryBean] - Initialized JPA EntityManagerFactory for persistence unit 'default'
2026-09-16 11:25:54 WARN  [jpa.autoconfigure.JpaBaseConfiguration$JpaWebConfiguration] - spring.jpa.open-in-view is enabled by default. Therefore, database queries may be performed during view rendering. Explicitly configure spring.jpa.open-in-view to disable this warning
2026-09-16 11:25:54 WARN  [security.autoconfigure.UserDetailsServiceAutoConfiguration] - 

Using generated security password: a8447316-33c2-4468-9010-bb2d1845ae65

This generated password is for development use only. Your security configuration must be updated before running your application in production.

2026-09-16 11:25:54 INFO  [authentication.configuration.InitializeUserDetailsBeanManagerConfigurer$InitializeUserDetailsManagerConfigurer] - Global AuthenticationManager configured with UserDetailsService bean with name inMemoryUserDetailsManager
2026-09-16 11:25:54 INFO  [coyote.http11.Http11NioProtocol] - Starting ProtocolHandler ["http-nio-8090"]
2026-09-16 11:25:54 INFO  [boot.tomcat.TomcatWebServer] - Tomcat started on port 8090 (http) with context path '/'
2026-09-16 11:25:54 INFO  [devtools.autoconfigure.ConditionEvaluationDeltaLoggingListener] - Condition evaluation unchanged
2026-09-16 11:28:13 INFO  [[Tomcat].[localhost].[/]] - Initializing Spring DispatcherServlet 'dispatcherServlet'
2026-09-16 11:28:13 INFO  [web.servlet.DispatcherServlet] - Initializing Servlet 'dispatcherServlet'
2026-09-16 11:28:13 INFO  [web.servlet.DispatcherServlet] - Completed initialization in 1 ms
2026-09-16 11:34:33 INFO  [boot.tomcat.GracefulShutdown] - Commencing graceful shutdown. Waiting for active requests to complete
2026-09-16 11:34:34 INFO  [boot.tomcat.GracefulShutdown] - Graceful shutdown complete
2026-09-16 11:34:34 INFO  [orm.jpa.LocalContainerEntityManagerFactoryBean] - Closing JPA EntityManagerFactory for persistence unit 'default'
2026-09-16 11:34:34 INFO  [zaxxer.hikari.HikariDataSource] - HikariPool-2 - Shutdown initiated...
2026-09-16 11:34:34 INFO  [zaxxer.hikari.HikariDataSource] - HikariPool-2 - Shutdown completed.
2026-09-16 11:34:38 INFO  [devtools.env.DevToolsPropertyDefaultsPostProcessor] - Devtools property defaults active! Set 'spring.devtools.add-properties' to 'false' to disable
2026-09-16 11:34:38 INFO  [devtools.env.DevToolsPropertyDefaultsPostProcessor] - For additional web related logging consider setting the 'logging.level.web' property to 'DEBUG'
2026-09-16 11:34:39 INFO  [repository.config.RepositoryConfigurationDelegate] - Bootstrapping Spring Data JPA repositories in DEFAULT mode.
2026-09-16 11:34:39 INFO  [repository.config.RepositoryConfigurationDelegate] - Finished Spring Data repository scanning in 40 ms. Found 1 JPA repository interface.
2026-09-16 11:34:39 INFO  [boot.tomcat.TomcatWebServer] - Tomcat initialized with port 8090 (http)
2026-09-16 11:34:39 INFO  [coyote.http11.Http11NioProtocol] - Initializing ProtocolHandler ["http-nio-8090"]
2026-09-16 11:34:39 INFO  [catalina.core.StandardService] - Starting service [Tomcat]
2026-09-16 11:34:39 INFO  [catalina.core.StandardEngine] - Starting Servlet engine: [Apache Tomcat/11.0.24]
2026-09-16 11:34:39 INFO  [context.servlet.WebApplicationContextInitializer] - Root WebApplicationContext: initialization completed in 1620 ms
2026-09-16 11:34:40 INFO  [zaxxer.hikari.HikariDataSource] - HikariPool-1 - Starting...
2026-09-16 11:34:40 INFO  [hikari.pool.HikariPool] - HikariPool-1 - Added connection com.mysql.cj.jdbc.ConnectionImpl@1368252b
2026-09-16 11:34:40 INFO  [zaxxer.hikari.HikariDataSource] - HikariPool-1 - Start completed.
2026-09-16 11:34:40 INFO  [hibernate.orm.jpa] - HHH008540: Processing PersistenceUnitInfo [name: default]
2026-09-16 11:34:40 INFO  [hibernate.orm.core] - HHH000001: Hibernate ORM core version 7.4.5.Final
2026-09-16 11:34:41 INFO  [jpa.persistenceunit.SpringPersistenceUnitInfo] - No LoadTimeWeaver setup: ignoring JPA class transformer
2026-09-16 11:34:41 WARN  [hibernate.orm.deprecation] - HHH90000025: MySQLDialect does not need to be specified explicitly using 'hibernate.dialect' (remove the property setting and it will be selected by default)
2026-09-16 11:34:41 INFO  [orm.connections.pooling] - HHH10001005: Database info:
	Database JDBC URL [jdbc:mysql://localhost:3306/DB_CALENDAR]
	Database driver: MySQL Connector/J
	Database dialect: MySQLDialect
	Database version: 8.0.46
	Default catalog/schema: DB_CALENDAR/undefined
	Autocommit mode: undefined/unknown
	Isolation level: REPEATABLE_READ [default REPEATABLE_READ]
	JDBC fetch size: none
	Pool: DataSourceConnectionProvider
	Minimum pool size: undefined/unknown
	Maximum pool size: undefined/unknown
2026-09-16 11:34:42 INFO  [hibernate.orm.core] - HHH000489: No JTA platform available (set 'hibernate.transaction.jta.platform' to enable JTA platform integration)
2026-09-16 11:34:42 INFO  [orm.jpa.LocalContainerEntityManagerFactoryBean] - Initialized JPA EntityManagerFactory for persistence unit 'default'
2026-09-16 11:34:42 INFO  [repository.query.QueryEnhancerFactories] - Hibernate is in classpath; If applicable, HQL parser will be used.
2026-09-16 11:34:42 WARN  [jpa.autoconfigure.JpaBaseConfiguration$JpaWebConfiguration] - spring.jpa.open-in-view is enabled by default. Therefore, database queries may be performed during view rendering. Explicitly configure spring.jpa.open-in-view to disable this warning
2026-09-16 11:34:42 WARN  [security.autoconfigure.UserDetailsServiceAutoConfiguration] - 

Using generated security password: f5bb280b-b7dc-4b57-aa71-d96064e8645f

This generated password is for development use only. Your security configuration must be updated before running your application in production.

2026-09-16 11:34:42 INFO  [authentication.configuration.InitializeUserDetailsBeanManagerConfigurer$InitializeUserDetailsManagerConfigurer] - Global AuthenticationManager configured with UserDetailsService bean with name inMemoryUserDetailsManager
2026-09-16 11:34:43 INFO  [coyote.http11.Http11NioProtocol] - Starting ProtocolHandler ["http-nio-8090"]
2026-09-16 11:34:43 INFO  [boot.tomcat.TomcatWebServer] - Tomcat started on port 8090 (http) with context path '/'
2026-09-16 11:34:48 INFO  [[Tomcat].[localhost].[/]] - Initializing Spring DispatcherServlet 'dispatcherServlet'
2026-09-16 11:34:48 INFO  [web.servlet.DispatcherServlet] - Initializing Servlet 'dispatcherServlet'
2026-09-16 11:34:48 INFO  [web.servlet.DispatcherServlet] - Completed initialization in 1 ms
2026-09-16 11:34:49 INFO  [devtools.autoconfigure.LocalDevToolsAutoConfiguration$RestartingClassPathChangeChangedEventListener] - Restarting due to 2 class path changes (0 additions, 0 deletions, 2 modifications)
2026-09-16 11:34:49 INFO  [boot.tomcat.GracefulShutdown] - Commencing graceful shutdown. Waiting for active requests to complete
2026-09-16 11:34:49 INFO  [coyote.http11.Http11NioProtocol] - Pausing ProtocolHandler ["http-nio-8090"]
2026-09-16 11:34:49 INFO  [boot.tomcat.GracefulShutdown] - Graceful shutdown complete
2026-09-16 11:34:49 INFO  [coyote.http11.Http11NioProtocol] - Stopping ProtocolHandler ["http-nio-8090"]
2026-09-16 11:34:49 INFO  [orm.jpa.LocalContainerEntityManagerFactoryBean] - Closing JPA EntityManagerFactory for persistence unit 'default'
2026-09-16 11:34:49 INFO  [zaxxer.hikari.HikariDataSource] - HikariPool-1 - Shutdown initiated...
2026-09-16 11:34:49 INFO  [zaxxer.hikari.HikariDataSource] - HikariPool-1 - Shutdown completed.
2026-09-16 11:34:50 INFO  [repository.config.RepositoryConfigurationDelegate] - Bootstrapping Spring Data JPA repositories in DEFAULT mode.
2026-09-16 11:34:50 INFO  [repository.config.RepositoryConfigurationDelegate] - Finished Spring Data repository scanning in 8 ms. Found 1 JPA repository interface.
2026-09-16 11:34:50 INFO  [boot.tomcat.TomcatWebServer] - Tomcat initialized with port 8090 (http)
2026-09-16 11:34:50 INFO  [coyote.http11.Http11NioProtocol] - Initializing ProtocolHandler ["http-nio-8090"]
2026-09-16 11:34:50 INFO  [catalina.core.StandardService] - Starting service [Tomcat]
2026-09-16 11:34:50 INFO  [catalina.core.StandardEngine] - Starting Servlet engine: [Apache Tomcat/11.0.24]
2026-09-16 11:34:50 INFO  [context.servlet.WebApplicationContextInitializer] - Root WebApplicationContext: initialization completed in 374 ms
2026-09-16 11:34:50 INFO  [zaxxer.hikari.HikariDataSource] - HikariPool-2 - Starting...
2026-09-16 11:34:50 INFO  [hikari.pool.HikariPool] - HikariPool-2 - Added connection com.mysql.cj.jdbc.ConnectionImpl@497c926a
2026-09-16 11:34:50 INFO  [zaxxer.hikari.HikariDataSource] - HikariPool-2 - Start completed.
2026-09-16 11:34:50 INFO  [hibernate.orm.jpa] - HHH008540: Processing PersistenceUnitInfo [name: default]
2026-09-16 11:34:50 INFO  [jpa.persistenceunit.SpringPersistenceUnitInfo] - No LoadTimeWeaver setup: ignoring JPA class transformer
2026-09-16 11:34:50 WARN  [hibernate.orm.deprecation] - HHH90000025: MySQLDialect does not need to be specified explicitly using 'hibernate.dialect' (remove the property setting and it will be selected by default)
2026-09-16 11:34:50 INFO  [orm.connections.pooling] - HHH10001005: Database info:
	Database JDBC URL [jdbc:mysql://localhost:3306/DB_CALENDAR]
	Database driver: MySQL Connector/J
	Database dialect: MySQLDialect
	Database version: 8.0.46
	Default catalog/schema: DB_CALENDAR/undefined
	Autocommit mode: undefined/unknown
	Isolation level: REPEATABLE_READ [default REPEATABLE_READ]
	JDBC fetch size: none
	Pool: DataSourceConnectionProvider
	Minimum pool size: undefined/unknown
	Maximum pool size: undefined/unknown
2026-09-16 11:34:50 INFO  [hibernate.orm.core] - HHH000489: No JTA platform available (set 'hibernate.transaction.jta.platform' to enable JTA platform integration)
2026-09-16 11:34:50 INFO  [orm.jpa.LocalContainerEntityManagerFactoryBean] - Initialized JPA EntityManagerFactory for persistence unit 'default'
2026-09-16 11:34:50 WARN  [jpa.autoconfigure.JpaBaseConfiguration$JpaWebConfiguration] - spring.jpa.open-in-view is enabled by default. Therefore, database queries may be performed during view rendering. Explicitly configure spring.jpa.open-in-view to disable this warning
2026-09-16 11:34:50 WARN  [security.autoconfigure.UserDetailsServiceAutoConfiguration] - 

Using generated security password: 7bb9bd8c-261c-4563-bf4e-5aa69971c244

This generated password is for development use only. Your security configuration must be updated before running your application in production.

2026-09-16 11:34:50 INFO  [authentication.configuration.InitializeUserDetailsBeanManagerConfigurer$InitializeUserDetailsManagerConfigurer] - Global AuthenticationManager configured with UserDetailsService bean with name inMemoryUserDetailsManager
2026-09-16 11:34:50 INFO  [coyote.http11.Http11NioProtocol] - Starting ProtocolHandler ["http-nio-8090"]
2026-09-16 11:34:50 INFO  [boot.tomcat.TomcatWebServer] - Tomcat started on port 8090 (http) with context path '/'
2026-09-16 11:34:50 INFO  [devtools.autoconfigure.ConditionEvaluationDeltaLoggingListener] - Condition evaluation unchanged
2026-09-16 11:42:58 INFO  [[Tomcat].[localhost].[/]] - Initializing Spring DispatcherServlet 'dispatcherServlet'
2026-09-16 11:42:58 INFO  [web.servlet.DispatcherServlet] - Initializing Servlet 'dispatcherServlet'
2026-09-16 11:42:58 INFO  [web.servlet.DispatcherServlet] - Completed initialization in 2 ms
2026-09-16 11:42:59 INFO  [devtools.autoconfigure.LocalDevToolsAutoConfiguration$RestartingClassPathChangeChangedEventListener] - Restarting due to 2 class path changes (0 additions, 0 deletions, 2 modifications)
2026-09-16 11:42:59 INFO  [boot.tomcat.GracefulShutdown] - Commencing graceful shutdown. Waiting for active requests to complete
2026-09-16 11:42:59 INFO  [coyote.http11.Http11NioProtocol] - Pausing ProtocolHandler ["http-nio-8090"]
2026-09-16 11:42:59 INFO  [boot.tomcat.GracefulShutdown] - Graceful shutdown complete
2026-09-16 11:42:59 INFO  [coyote.http11.Http11NioProtocol] - Stopping ProtocolHandler ["http-nio-8090"]
2026-09-16 11:42:59 INFO  [orm.jpa.LocalContainerEntityManagerFactoryBean] - Closing JPA EntityManagerFactory for persistence unit 'default'
2026-09-16 11:42:59 INFO  [zaxxer.hikari.HikariDataSource] - HikariPool-2 - Shutdown initiated...
2026-09-16 11:42:59 INFO  [zaxxer.hikari.HikariDataSource] - HikariPool-2 - Shutdown completed.
2026-09-16 11:42:59 INFO  [repository.config.RepositoryConfigurationDelegate] - Bootstrapping Spring Data JPA repositories in DEFAULT mode.
2026-09-16 11:42:59 INFO  [repository.config.RepositoryConfigurationDelegate] - Finished Spring Data repository scanning in 6 ms. Found 1 JPA repository interface.
2026-09-16 11:43:00 INFO  [boot.tomcat.TomcatWebServer] - Tomcat initialized with port 8090 (http)
2026-09-16 11:43:00 INFO  [coyote.http11.Http11NioProtocol] - Initializing ProtocolHandler ["http-nio-8090"]
2026-09-16 11:43:00 INFO  [catalina.core.StandardService] - Starting service [Tomcat]
2026-09-16 11:43:00 INFO  [catalina.core.StandardEngine] - Starting Servlet engine: [Apache Tomcat/11.0.24]
2026-09-16 11:43:00 INFO  [context.servlet.WebApplicationContextInitializer] - Root WebApplicationContext: initialization completed in 335 ms
2026-09-16 11:43:00 INFO  [zaxxer.hikari.HikariDataSource] - HikariPool-3 - Starting...
2026-09-16 11:43:00 INFO  [hikari.pool.HikariPool] - HikariPool-3 - Added connection com.mysql.cj.jdbc.ConnectionImpl@715b0098
2026-09-16 11:43:00 INFO  [zaxxer.hikari.HikariDataSource] - HikariPool-3 - Start completed.
2026-09-16 11:43:00 INFO  [hibernate.orm.jpa] - HHH008540: Processing PersistenceUnitInfo [name: default]
2026-09-16 11:43:00 INFO  [jpa.persistenceunit.SpringPersistenceUnitInfo] - No LoadTimeWeaver setup: ignoring JPA class transformer
2026-09-16 11:43:00 WARN  [hibernate.orm.deprecation] - HHH90000025: MySQLDialect does not need to be specified explicitly using 'hibernate.dialect' (remove the property setting and it will be selected by default)
2026-09-16 11:43:00 INFO  [orm.connections.pooling] - HHH10001005: Database info:
	Database JDBC URL [jdbc:mysql://localhost:3306/DB_CALENDAR]
	Database driver: MySQL Connector/J
	Database dialect: MySQLDialect
	Database version: 8.0.46
	Default catalog/schema: DB_CALENDAR/undefined
	Autocommit mode: undefined/unknown
	Isolation level: REPEATABLE_READ [default REPEATABLE_READ]
	JDBC fetch size: none
	Pool: DataSourceConnectionProvider
	Minimum pool size: undefined/unknown
	Maximum pool size: undefined/unknown
2026-09-16 11:43:00 INFO  [hibernate.orm.core] - HHH000489: No JTA platform available (set 'hibernate.transaction.jta.platform' to enable JTA platform integration)
2026-09-16 11:43:00 INFO  [orm.jpa.LocalContainerEntityManagerFactoryBean] - Initialized JPA EntityManagerFactory for persistence unit 'default'
2026-09-16 11:43:00 WARN  [jpa.autoconfigure.JpaBaseConfiguration$JpaWebConfiguration] - spring.jpa.open-in-view is enabled by default. Therefore, database queries may be performed during view rendering. Explicitly configure spring.jpa.open-in-view to disable this warning
2026-09-16 11:43:00 WARN  [security.autoconfigure.UserDetailsServiceAutoConfiguration] - 

Using generated security password: a3088ccd-fbde-4c16-9ea4-580f27bc5e9c

This generated password is for development use only. Your security configuration must be updated before running your application in production.

2026-09-16 11:43:00 INFO  [authentication.configuration.InitializeUserDetailsBeanManagerConfigurer$InitializeUserDetailsManagerConfigurer] - Global AuthenticationManager configured with UserDetailsService bean with name inMemoryUserDetailsManager
2026-09-16 11:43:00 INFO  [coyote.http11.Http11NioProtocol] - Starting ProtocolHandler ["http-nio-8090"]
2026-09-16 11:43:00 INFO  [boot.tomcat.TomcatWebServer] - Tomcat started on port 8090 (http) with context path '/'
2026-09-16 11:43:00 INFO  [devtools.autoconfigure.ConditionEvaluationDeltaLoggingListener] - Condition evaluation unchanged
2026-09-16 11:43:02 INFO  [[Tomcat].[localhost].[/]] - Initializing Spring DispatcherServlet 'dispatcherServlet'
2026-09-16 11:43:02 INFO  [web.servlet.DispatcherServlet] - Initializing Servlet 'dispatcherServlet'
2026-09-16 11:43:02 INFO  [web.servlet.DispatcherServlet] - Completed initialization in 2 ms
2026-09-16 11:45:48 INFO  [devtools.autoconfigure.LocalDevToolsAutoConfiguration$RestartingClassPathChangeChangedEventListener] - Restarting due to 2 class path changes (0 additions, 2 deletions, 0 modifications)
2026-09-16 11:45:48 INFO  [boot.tomcat.GracefulShutdown] - Commencing graceful shutdown. Waiting for active requests to complete
2026-09-16 11:45:48 INFO  [coyote.http11.Http11NioProtocol] - Pausing ProtocolHandler ["http-nio-8090"]
2026-09-16 11:45:48 INFO  [boot.tomcat.GracefulShutdown] - Graceful shutdown complete
2026-09-16 11:45:48 INFO  [coyote.http11.Http11NioProtocol] - Stopping ProtocolHandler ["http-nio-8090"]
2026-09-16 11:45:48 INFO  [orm.jpa.LocalContainerEntityManagerFactoryBean] - Closing JPA EntityManagerFactory for persistence unit 'default'
2026-09-16 11:45:48 INFO  [zaxxer.hikari.HikariDataSource] - HikariPool-3 - Shutdown initiated...
2026-09-16 11:45:48 INFO  [zaxxer.hikari.HikariDataSource] - HikariPool-3 - Shutdown completed.
2026-09-16 11:45:48 INFO  [repository.config.RepositoryConfigurationDelegate] - Bootstrapping Spring Data JPA repositories in DEFAULT mode.
2026-09-16 11:45:48 INFO  [repository.config.RepositoryConfigurationDelegate] - Finished Spring Data repository scanning in 6 ms. Found 1 JPA repository interface.
2026-09-16 11:45:49 INFO  [boot.tomcat.TomcatWebServer] - Tomcat initialized with port 8090 (http)
2026-09-16 11:45:49 INFO  [coyote.http11.Http11NioProtocol] - Initializing ProtocolHandler ["http-nio-8090"]
2026-09-16 11:45:49 INFO  [catalina.core.StandardService] - Starting service [Tomcat]
2026-09-16 11:45:49 INFO  [catalina.core.StandardEngine] - Starting Servlet engine: [Apache Tomcat/11.0.24]
2026-09-16 11:45:49 INFO  [context.servlet.WebApplicationContextInitializer] - Root WebApplicationContext: initialization completed in 379 ms
2026-09-16 11:45:49 INFO  [zaxxer.hikari.HikariDataSource] - HikariPool-4 - Starting...
2026-09-16 11:45:49 INFO  [hikari.pool.HikariPool] - HikariPool-4 - Added connection com.mysql.cj.jdbc.ConnectionImpl@731e806d
2026-09-16 11:45:49 INFO  [zaxxer.hikari.HikariDataSource] - HikariPool-4 - Start completed.
2026-09-16 11:45:49 INFO  [hibernate.orm.jpa] - HHH008540: Processing PersistenceUnitInfo [name: default]
2026-09-16 11:45:49 INFO  [jpa.persistenceunit.SpringPersistenceUnitInfo] - No LoadTimeWeaver setup: ignoring JPA class transformer
2026-09-16 11:45:49 WARN  [hibernate.orm.deprecation] - HHH90000025: MySQLDialect does not need to be specified explicitly using 'hibernate.dialect' (remove the property setting and it will be selected by default)
2026-09-16 11:45:49 INFO  [orm.connections.pooling] - HHH10001005: Database info:
	Database JDBC URL [jdbc:mysql://localhost:3306/DB_CALENDAR]
	Database driver: MySQL Connector/J
	Database dialect: MySQLDialect
	Database version: 8.0.46
	Default catalog/schema: DB_CALENDAR/undefined
	Autocommit mode: undefined/unknown
	Isolation level: REPEATABLE_READ [default REPEATABLE_READ]
	JDBC fetch size: none
	Pool: DataSourceConnectionProvider
	Minimum pool size: undefined/unknown
	Maximum pool size: undefined/unknown
2026-09-16 11:45:49 INFO  [hibernate.orm.core] - HHH000489: No JTA platform available (set 'hibernate.transaction.jta.platform' to enable JTA platform integration)
2026-09-16 11:45:49 INFO  [orm.jpa.LocalContainerEntityManagerFactoryBean] - Initialized JPA EntityManagerFactory for persistence unit 'default'
2026-09-16 11:45:49 WARN  [jpa.autoconfigure.JpaBaseConfiguration$JpaWebConfiguration] - spring.jpa.open-in-view is enabled by default. Therefore, database queries may be performed during view rendering. Explicitly configure spring.jpa.open-in-view to disable this warning
2026-09-16 11:45:49 WARN  [security.autoconfigure.UserDetailsServiceAutoConfiguration] - 

Using generated security password: 519efed6-07da-4b9d-a92f-3c61d05b3197

This generated password is for development use only. Your security configuration must be updated before running your application in production.

2026-09-16 11:45:49 INFO  [authentication.configuration.InitializeUserDetailsBeanManagerConfigurer$InitializeUserDetailsManagerConfigurer] - Global AuthenticationManager configured with UserDetailsService bean with name inMemoryUserDetailsManager
2026-09-16 11:45:49 INFO  [coyote.http11.Http11NioProtocol] - Starting ProtocolHandler ["http-nio-8090"]
2026-09-16 11:45:49 INFO  [boot.tomcat.TomcatWebServer] - Tomcat started on port 8090 (http) with context path '/'
2026-09-16 11:45:49 INFO  [devtools.autoconfigure.ConditionEvaluationDeltaLoggingListener] - Condition evaluation unchanged
2026-09-16 11:45:49 INFO  [[Tomcat].[localhost].[/]] - Initializing Spring DispatcherServlet 'dispatcherServlet'
2026-09-16 11:45:49 INFO  [web.servlet.DispatcherServlet] - Initializing Servlet 'dispatcherServlet'
2026-09-16 11:45:49 INFO  [web.servlet.DispatcherServlet] - Completed initialization in 2 ms
2026-09-16 11:45:50 INFO  [devtools.autoconfigure.LocalDevToolsAutoConfiguration$RestartingClassPathChangeChangedEventListener] - Restarting due to 2 class path changes (2 additions, 0 deletions, 0 modifications)
2026-09-16 11:45:50 INFO  [boot.tomcat.GracefulShutdown] - Commencing graceful shutdown. Waiting for active requests to complete
2026-09-16 11:45:50 INFO  [coyote.http11.Http11NioProtocol] - Pausing ProtocolHandler ["http-nio-8090"]
2026-09-16 11:45:51 INFO  [boot.tomcat.GracefulShutdown] - Graceful shutdown complete
2026-09-16 11:45:51 INFO  [coyote.http11.Http11NioProtocol] - Stopping ProtocolHandler ["http-nio-8090"]
2026-09-16 11:45:51 INFO  [orm.jpa.LocalContainerEntityManagerFactoryBean] - Closing JPA EntityManagerFactory for persistence unit 'default'
2026-09-16 11:45:51 INFO  [zaxxer.hikari.HikariDataSource] - HikariPool-4 - Shutdown initiated...
2026-09-16 11:45:51 INFO  [zaxxer.hikari.HikariDataSource] - HikariPool-4 - Shutdown completed.
2026-09-16 11:45:51 INFO  [repository.config.RepositoryConfigurationDelegate] - Bootstrapping Spring Data JPA repositories in DEFAULT mode.
2026-09-16 11:45:51 INFO  [repository.config.RepositoryConfigurationDelegate] - Finished Spring Data repository scanning in 6 ms. Found 1 JPA repository interface.
2026-09-16 11:45:51 INFO  [boot.tomcat.TomcatWebServer] - Tomcat initialized with port 8090 (http)
2026-09-16 11:45:51 INFO  [coyote.http11.Http11NioProtocol] - Initializing ProtocolHandler ["http-nio-8090"]
2026-09-16 11:45:51 INFO  [catalina.core.StandardService] - Starting service [Tomcat]
2026-09-16 11:45:51 INFO  [catalina.core.StandardEngine] - Starting Servlet engine: [Apache Tomcat/11.0.24]
2026-09-16 11:45:51 INFO  [context.servlet.WebApplicationContextInitializer] - Root WebApplicationContext: initialization completed in 320 ms
2026-09-16 11:45:51 INFO  [zaxxer.hikari.HikariDataSource] - HikariPool-5 - Starting...
2026-09-16 11:45:51 INFO  [hikari.pool.HikariPool] - HikariPool-5 - Added connection com.mysql.cj.jdbc.ConnectionImpl@57710b15
2026-09-16 11:45:51 INFO  [zaxxer.hikari.HikariDataSource] - HikariPool-5 - Start completed.
2026-09-16 11:45:51 INFO  [hibernate.orm.jpa] - HHH008540: Processing PersistenceUnitInfo [name: default]
2026-09-16 11:45:51 INFO  [jpa.persistenceunit.SpringPersistenceUnitInfo] - No LoadTimeWeaver setup: ignoring JPA class transformer
2026-09-16 11:45:51 WARN  [hibernate.orm.deprecation] - HHH90000025: MySQLDialect does not need to be specified explicitly using 'hibernate.dialect' (remove the property setting and it will be selected by default)
2026-09-16 11:45:51 INFO  [orm.connections.pooling] - HHH10001005: Database info:
	Database JDBC URL [jdbc:mysql://localhost:3306/DB_CALENDAR]
	Database driver: MySQL Connector/J
	Database dialect: MySQLDialect
	Database version: 8.0.46
	Default catalog/schema: DB_CALENDAR/undefined
	Autocommit mode: undefined/unknown
	Isolation level: REPEATABLE_READ [default REPEATABLE_READ]
	JDBC fetch size: none
	Pool: DataSourceConnectionProvider
	Minimum pool size: undefined/unknown
	Maximum pool size: undefined/unknown
2026-09-16 11:45:52 INFO  [hibernate.orm.core] - HHH000489: No JTA platform available (set 'hibernate.transaction.jta.platform' to enable JTA platform integration)
2026-09-16 11:45:52 INFO  [orm.jpa.LocalContainerEntityManagerFactoryBean] - Initialized JPA EntityManagerFactory for persistence unit 'default'
2026-09-16 11:45:52 WARN  [jpa.autoconfigure.JpaBaseConfiguration$JpaWebConfiguration] - spring.jpa.open-in-view is enabled by default. Therefore, database queries may be performed during view rendering. Explicitly configure spring.jpa.open-in-view to disable this warning
2026-09-16 11:45:52 WARN  [security.autoconfigure.UserDetailsServiceAutoConfiguration] - 

Using generated security password: 45a53b36-1e29-4d8e-9a5b-f8d814bac3ef

This generated password is for development use only. Your security configuration must be updated before running your application in production.

2026-09-16 11:45:52 INFO  [authentication.configuration.InitializeUserDetailsBeanManagerConfigurer$InitializeUserDetailsManagerConfigurer] - Global AuthenticationManager configured with UserDetailsService bean with name inMemoryUserDetailsManager
2026-09-16 11:45:52 INFO  [coyote.http11.Http11NioProtocol] - Starting ProtocolHandler ["http-nio-8090"]
2026-09-16 11:45:52 INFO  [boot.tomcat.TomcatWebServer] - Tomcat started on port 8090 (http) with context path '/'
2026-09-16 11:45:52 INFO  [devtools.autoconfigure.ConditionEvaluationDeltaLoggingListener] - Condition evaluation unchanged
2026-09-16 11:46:03 INFO  [[Tomcat].[localhost].[/]] - Initializing Spring DispatcherServlet 'dispatcherServlet'
2026-09-16 11:46:03 INFO  [web.servlet.DispatcherServlet] - Initializing Servlet 'dispatcherServlet'
2026-09-16 11:46:03 INFO  [web.servlet.DispatcherServlet] - Completed initialization in 2 ms
2026-09-16 11:53:03 INFO  [devtools.autoconfigure.LocalDevToolsAutoConfiguration$RestartingClassPathChangeChangedEventListener] - Restarting due to 3 class path changes (0 additions, 3 deletions, 0 modifications)
2026-09-16 11:53:03 INFO  [boot.tomcat.GracefulShutdown] - Commencing graceful shutdown. Waiting for active requests to complete
2026-09-16 11:53:03 INFO  [coyote.http11.Http11NioProtocol] - Pausing ProtocolHandler ["http-nio-8090"]
2026-09-16 11:53:03 INFO  [boot.tomcat.GracefulShutdown] - Graceful shutdown complete
2026-09-16 11:53:03 INFO  [coyote.http11.Http11NioProtocol] - Stopping ProtocolHandler ["http-nio-8090"]
2026-09-16 11:53:03 INFO  [orm.jpa.LocalContainerEntityManagerFactoryBean] - Closing JPA EntityManagerFactory for persistence unit 'default'
2026-09-16 11:53:03 INFO  [zaxxer.hikari.HikariDataSource] - HikariPool-5 - Shutdown initiated...
2026-09-16 11:53:03 INFO  [zaxxer.hikari.HikariDataSource] - HikariPool-5 - Shutdown completed.
2026-09-16 11:53:03 INFO  [repository.config.RepositoryConfigurationDelegate] - Bootstrapping Spring Data JPA repositories in DEFAULT mode.
2026-09-16 11:53:03 INFO  [repository.config.RepositoryConfigurationDelegate] - Finished Spring Data repository scanning in 8 ms. Found 1 JPA repository interface.
2026-09-16 11:53:03 INFO  [boot.tomcat.TomcatWebServer] - Tomcat initialized with port 8090 (http)
2026-09-16 11:53:03 INFO  [coyote.http11.Http11NioProtocol] - Initializing ProtocolHandler ["http-nio-8090"]
2026-09-16 11:53:03 INFO  [catalina.core.StandardService] - Starting service [Tomcat]
2026-09-16 11:53:03 INFO  [catalina.core.StandardEngine] - Starting Servlet engine: [Apache Tomcat/11.0.24]
2026-09-16 11:53:03 INFO  [context.servlet.WebApplicationContextInitializer] - Root WebApplicationContext: initialization completed in 341 ms
2026-09-16 11:53:03 INFO  [zaxxer.hikari.HikariDataSource] - HikariPool-6 - Starting...
2026-09-16 11:53:03 INFO  [hikari.pool.HikariPool] - HikariPool-6 - Added connection com.mysql.cj.jdbc.ConnectionImpl@1c5172a9
2026-09-16 11:53:03 INFO  [zaxxer.hikari.HikariDataSource] - HikariPool-6 - Start completed.
2026-09-16 11:53:03 INFO  [hibernate.orm.jpa] - HHH008540: Processing PersistenceUnitInfo [name: default]
2026-09-16 11:53:04 INFO  [jpa.persistenceunit.SpringPersistenceUnitInfo] - No LoadTimeWeaver setup: ignoring JPA class transformer
2026-09-16 11:53:04 WARN  [hibernate.orm.deprecation] - HHH90000025: MySQLDialect does not need to be specified explicitly using 'hibernate.dialect' (remove the property setting and it will be selected by default)
2026-09-16 11:53:04 INFO  [orm.connections.pooling] - HHH10001005: Database info:
	Database JDBC URL [jdbc:mysql://localhost:3306/DB_CALENDAR]
	Database driver: MySQL Connector/J
	Database dialect: MySQLDialect
	Database version: 8.0.46
	Default catalog/schema: DB_CALENDAR/undefined
	Autocommit mode: undefined/unknown
	Isolation level: REPEATABLE_READ [default REPEATABLE_READ]
	JDBC fetch size: none
	Pool: DataSourceConnectionProvider
	Minimum pool size: undefined/unknown
	Maximum pool size: undefined/unknown
2026-09-16 11:53:04 INFO  [hibernate.orm.core] - HHH000489: No JTA platform available (set 'hibernate.transaction.jta.platform' to enable JTA platform integration)
2026-09-16 11:53:04 INFO  [orm.jpa.LocalContainerEntityManagerFactoryBean] - Initialized JPA EntityManagerFactory for persistence unit 'default'
2026-09-16 11:53:04 WARN  [jpa.autoconfigure.JpaBaseConfiguration$JpaWebConfiguration] - spring.jpa.open-in-view is enabled by default. Therefore, database queries may be performed during view rendering. Explicitly configure spring.jpa.open-in-view to disable this warning
2026-09-16 11:53:04 WARN  [security.autoconfigure.UserDetailsServiceAutoConfiguration] - 

Using generated security password: 88103245-2698-47ab-9db9-3ea5fada0b51

This generated password is for development use only. Your security configuration must be updated before running your application in production.

2026-09-16 11:53:04 INFO  [authentication.configuration.InitializeUserDetailsBeanManagerConfigurer$InitializeUserDetailsManagerConfigurer] - Global AuthenticationManager configured with UserDetailsService bean with name inMemoryUserDetailsManager
2026-09-16 11:53:04 INFO  [coyote.http11.Http11NioProtocol] - Starting ProtocolHandler ["http-nio-8090"]
2026-09-16 11:53:04 INFO  [boot.tomcat.TomcatWebServer] - Tomcat started on port 8090 (http) with context path '/'
2026-09-16 11:53:04 INFO  [devtools.autoconfigure.ConditionEvaluationDeltaLoggingListener] - Condition evaluation unchanged
2026-09-16 11:53:05 INFO  [devtools.autoconfigure.LocalDevToolsAutoConfiguration$RestartingClassPathChangeChangedEventListener] - Restarting due to 3 class path changes (3 additions, 0 deletions, 0 modifications)
2026-09-16 11:53:05 INFO  [boot.tomcat.GracefulShutdown] - Commencing graceful shutdown. Waiting for active requests to complete
2026-09-16 11:53:05 INFO  [coyote.http11.Http11NioProtocol] - Pausing ProtocolHandler ["http-nio-8090"]
2026-09-16 11:53:05 INFO  [boot.tomcat.GracefulShutdown] - Graceful shutdown complete
2026-09-16 11:53:05 INFO  [coyote.http11.Http11NioProtocol] - Stopping ProtocolHandler ["http-nio-8090"]
2026-09-16 11:53:05 INFO  [orm.jpa.LocalContainerEntityManagerFactoryBean] - Closing JPA EntityManagerFactory for persistence unit 'default'
2026-09-16 11:53:05 INFO  [zaxxer.hikari.HikariDataSource] - HikariPool-6 - Shutdown initiated...
2026-09-16 11:53:05 INFO  [zaxxer.hikari.HikariDataSource] - HikariPool-6 - Shutdown completed.
2026-09-16 11:53:06 INFO  [repository.config.RepositoryConfigurationDelegate] - Bootstrapping Spring Data JPA repositories in DEFAULT mode.
2026-09-16 11:53:06 INFO  [repository.config.RepositoryConfigurationDelegate] - Finished Spring Data repository scanning in 7 ms. Found 1 JPA repository interface.
2026-09-16 11:53:06 INFO  [boot.tomcat.TomcatWebServer] - Tomcat initialized with port 8090 (http)
2026-09-16 11:53:06 INFO  [coyote.http11.Http11NioProtocol] - Initializing ProtocolHandler ["http-nio-8090"]
2026-09-16 11:53:06 INFO  [catalina.core.StandardService] - Starting service [Tomcat]
2026-09-16 11:53:06 INFO  [catalina.core.StandardEngine] - Starting Servlet engine: [Apache Tomcat/11.0.24]
2026-09-16 11:53:06 INFO  [context.servlet.WebApplicationContextInitializer] - Root WebApplicationContext: initialization completed in 409 ms
2026-09-16 11:53:06 INFO  [zaxxer.hikari.HikariDataSource] - HikariPool-7 - Starting...
2026-09-16 11:53:06 INFO  [hikari.pool.HikariPool] - HikariPool-7 - Added connection com.mysql.cj.jdbc.ConnectionImpl@69426d77
2026-09-16 11:53:06 INFO  [zaxxer.hikari.HikariDataSource] - HikariPool-7 - Start completed.
2026-09-16 11:53:06 INFO  [hibernate.orm.jpa] - HHH008540: Processing PersistenceUnitInfo [name: default]
2026-09-16 11:53:06 INFO  [jpa.persistenceunit.SpringPersistenceUnitInfo] - No LoadTimeWeaver setup: ignoring JPA class transformer
2026-09-16 11:53:06 WARN  [hibernate.orm.deprecation] - HHH90000025: MySQLDialect does not need to be specified explicitly using 'hibernate.dialect' (remove the property setting and it will be selected by default)
2026-09-16 11:53:06 INFO  [orm.connections.pooling] - HHH10001005: Database info:
	Database JDBC URL [jdbc:mysql://localhost:3306/DB_CALENDAR]
	Database driver: MySQL Connector/J
	Database dialect: MySQLDialect
	Database version: 8.0.46
	Default catalog/schema: DB_CALENDAR/undefined
	Autocommit mode: undefined/unknown
	Isolation level: REPEATABLE_READ [default REPEATABLE_READ]
	JDBC fetch size: none
	Pool: DataSourceConnectionProvider
	Minimum pool size: undefined/unknown
	Maximum pool size: undefined/unknown
2026-09-16 11:53:06 INFO  [hibernate.orm.core] - HHH000489: No JTA platform available (set 'hibernate.transaction.jta.platform' to enable JTA platform integration)
2026-09-16 11:53:06 INFO  [orm.jpa.LocalContainerEntityManagerFactoryBean] - Initialized JPA EntityManagerFactory for persistence unit 'default'
2026-09-16 11:53:07 WARN  [jpa.autoconfigure.JpaBaseConfiguration$JpaWebConfiguration] - spring.jpa.open-in-view is enabled by default. Therefore, database queries may be performed during view rendering. Explicitly configure spring.jpa.open-in-view to disable this warning
2026-09-16 11:53:07 WARN  [security.autoconfigure.UserDetailsServiceAutoConfiguration] - 

Using generated security password: 91958033-ce99-4ce8-9bf4-720586590275

This generated password is for development use only. Your security configuration must be updated before running your application in production.

2026-09-16 11:53:07 INFO  [authentication.configuration.InitializeUserDetailsBeanManagerConfigurer$InitializeUserDetailsManagerConfigurer] - Global AuthenticationManager configured with UserDetailsService bean with name inMemoryUserDetailsManager
2026-09-16 11:53:07 INFO  [coyote.http11.Http11NioProtocol] - Starting ProtocolHandler ["http-nio-8090"]
2026-09-16 11:53:07 INFO  [boot.tomcat.TomcatWebServer] - Tomcat started on port 8090 (http) with context path '/'
2026-09-16 11:53:07 INFO  [devtools.autoconfigure.ConditionEvaluationDeltaLoggingListener] - Condition evaluation unchanged
2026-09-16 12:23:28 INFO  [devtools.autoconfigure.LocalDevToolsAutoConfiguration$RestartingClassPathChangeChangedEventListener] - Restarting due to 9 class path changes (0 additions, 9 deletions, 0 modifications)
2026-09-16 12:23:29 INFO  [boot.tomcat.GracefulShutdown] - Commencing graceful shutdown. Waiting for active requests to complete
2026-09-16 12:23:29 INFO  [coyote.http11.Http11NioProtocol] - Pausing ProtocolHandler ["http-nio-8090"]
2026-09-16 12:23:29 INFO  [boot.tomcat.GracefulShutdown] - Graceful shutdown complete
2026-09-16 12:23:29 INFO  [coyote.http11.Http11NioProtocol] - Stopping ProtocolHandler ["http-nio-8090"]
2026-09-16 12:23:29 INFO  [orm.jpa.LocalContainerEntityManagerFactoryBean] - Closing JPA EntityManagerFactory for persistence unit 'default'
2026-09-16 12:23:29 INFO  [zaxxer.hikari.HikariDataSource] - HikariPool-7 - Shutdown initiated...
2026-09-16 12:23:29 INFO  [zaxxer.hikari.HikariDataSource] - HikariPool-7 - Shutdown completed.
2026-09-16 12:23:30 INFO  [repository.config.RepositoryConfigurationDelegate] - Bootstrapping Spring Data JPA repositories in DEFAULT mode.
2026-09-16 12:23:30 INFO  [repository.config.RepositoryConfigurationDelegate] - Finished Spring Data repository scanning in 1 ms. Found 0 JPA repository interfaces.
2026-09-16 12:23:30 WARN  [servlet.context.AnnotationConfigServletWebServerApplicationContext] - Exception encountered during context initialization - cancelling refresh attempt: org.springframework.beans.factory.BeanDefinitionStoreException: Failed to read candidate component class: file [C:\lyh\springboot_intellij\pjt\calendar\build\classes\java\main\com\office\calendar\member\jpa\MemberEntity$MemberEntityBuilder.class]
2026-09-16 12:23:30 INFO  [autoconfigure.logging.ConditionEvaluationReportLogger] - 

Error starting ApplicationContext. To display the condition evaluation report re-run your application with 'debug' enabled.
2026-09-16 12:23:30 ERROR [springframework.boot.SpringApplication] - Application run failed
org.springframework.beans.factory.BeanDefinitionStoreException: Failed to read candidate component class: file [C:\lyh\springboot_intellij\pjt\calendar\build\classes\java\main\com\office\calendar\member\jpa\MemberEntity$MemberEntityBuilder.class]
	at org.springframework.context.annotation.ClassPathScanningCandidateComponentProvider.scanCandidateComponents(ClassPathScanningCandidateComponentProvider.java:504)
	at org.springframework.context.annotation.ClassPathScanningCandidateComponentProvider.findCandidateComponents(ClassPathScanningCandidateComponentProvider.java:321)
	at org.springframework.context.annotation.ClassPathBeanDefinitionScanner.doScan(ClassPathBeanDefinitionScanner.java:279)
	at org.mybatis.spring.mapper.ClassPathMapperScanner.doScan(ClassPathMapperScanner.java:319)
	at org.springframework.context.annotation.ClassPathBeanDefinitionScanner.scan(ClassPathBeanDefinitionScanner.java:257)
	at org.mybatis.spring.mapper.MapperScannerConfigurer.postProcessBeanDefinitionRegistry(MapperScannerConfigurer.java:407)
	at org.springframework.context.support.PostProcessorRegistrationDelegate.invokeBeanDefinitionRegistryPostProcessors(PostProcessorRegistrationDelegate.java:349)
	at org.springframework.context.support.PostProcessorRegistrationDelegate.invokeBeanFactoryPostProcessors(PostProcessorRegistrationDelegate.java:148)
	at org.springframework.context.support.AbstractApplicationContext.invokeBeanFactoryPostProcessors(AbstractApplicationContext.java:795)
	at org.springframework.context.support.AbstractApplicationContext.refresh(AbstractApplicationContext.java:603)
	at org.springframework.boot.web.server.servlet.context.ServletWebServerApplicationContext.refresh(ServletWebServerApplicationContext.java:143)
	at org.springframework.boot.SpringApplication.refresh(SpringApplication.java:756)
	at org.springframework.boot.SpringApplication.refreshContext(SpringApplication.java:445)
	at org.springframework.boot.SpringApplication.run(SpringApplication.java:321)
	at org.springframework.boot.SpringApplication.run(SpringApplication.java:1365)
	at org.springframework.boot.SpringApplication.run(SpringApplication.java:1354)
	at com.office.calendaradmin.CalendarAdminApplication.main(CalendarApplication.java:12)
	at java.base/jdk.internal.reflect.NativeMethodAccessorImpl.invoke0(Native Method)
	at java.base/jdk.internal.reflect.NativeMethodAccessorImpl.invoke(NativeMethodAccessorImpl.java:77)
	at java.base/jdk.internal.reflect.DelegatingMethodAccessorImpl.invoke(DelegatingMethodAccessorImpl.java:43)
	at java.base/java.lang.reflect.Method.invoke(Method.java:568)
	at org.springframework.boot.devtools.restart.RestartLauncher.run(RestartLauncher.java:52)
Caused by: java.lang.ArrayIndexOutOfBoundsException: Index 8 out of bounds for length 0
	at org.springframework.asm.ClassReader.readUnsignedShort(ClassReader.java:3637)
	at org.springframework.asm.ClassReader.<init>(ClassReader.java:208)
	at org.springframework.asm.ClassReader.<init>(ClassReader.java:180)
	at org.springframework.asm.ClassReader.<init>(ClassReader.java:166)
	at org.springframework.asm.ClassReader.<init>(ClassReader.java:292)
	at org.springframework.core.type.classreading.SimpleMetadataReader.getClassReader(SimpleMetadataReader.java:56)
	at org.springframework.core.type.classreading.SimpleMetadataReader.<init>(SimpleMetadataReader.java:48)
	at org.springframework.core.type.classreading.SimpleMetadataReaderFactory.getMetadataReader(SimpleMetadataReaderFactory.java:62)
	at org.springframework.core.type.classreading.CachingMetadataReaderFactory.getMetadataReader(CachingMetadataReaderFactory.java:127)
	at org.springframework.context.annotation.ClassPathScanningCandidateComponentProvider.scanCandidateComponents(ClassPathScanningCandidateComponentProvider.java:464)
	... 21 more
2026-09-16 12:23:31 INFO  [repository.config.RepositoryConfigurationDelegate] - Bootstrapping Spring Data JPA repositories in DEFAULT mode.
2026-09-16 12:23:31 INFO  [repository.config.RepositoryConfigurationDelegate] - Finished Spring Data repository scanning in 6 ms. Found 1 JPA repository interface.
2026-09-16 12:23:32 INFO  [boot.tomcat.TomcatWebServer] - Tomcat initialized with port 8090 (http)
2026-09-16 12:23:32 INFO  [coyote.http11.Http11NioProtocol] - Initializing ProtocolHandler ["http-nio-8090"]
2026-09-16 12:23:32 INFO  [catalina.core.StandardService] - Starting service [Tomcat]
2026-09-16 12:23:32 INFO  [catalina.core.StandardEngine] - Starting Servlet engine: [Apache Tomcat/11.0.24]
2026-09-16 12:23:32 INFO  [context.servlet.WebApplicationContextInitializer] - Root WebApplicationContext: initialization completed in 352 ms
2026-09-16 12:23:32 INFO  [zaxxer.hikari.HikariDataSource] - HikariPool-8 - Starting...
2026-09-16 12:23:32 INFO  [hikari.pool.HikariPool] - HikariPool-8 - Added connection com.mysql.cj.jdbc.ConnectionImpl@6c7c1698
2026-09-16 12:23:32 INFO  [zaxxer.hikari.HikariDataSource] - HikariPool-8 - Start completed.
2026-09-16 12:23:32 INFO  [hibernate.orm.jpa] - HHH008540: Processing PersistenceUnitInfo [name: default]
2026-09-16 12:23:32 INFO  [jpa.persistenceunit.SpringPersistenceUnitInfo] - No LoadTimeWeaver setup: ignoring JPA class transformer
2026-09-16 12:23:32 WARN  [hibernate.orm.deprecation] - HHH90000025: MySQLDialect does not need to be specified explicitly using 'hibernate.dialect' (remove the property setting and it will be selected by default)
2026-09-16 12:23:32 INFO  [orm.connections.pooling] - HHH10001005: Database info:
	Database JDBC URL [jdbc:mysql://localhost:3306/DB_CALENDAR]
	Database driver: MySQL Connector/J
	Database dialect: MySQLDialect
	Database version: 8.0.46
	Default catalog/schema: DB_CALENDAR/undefined
	Autocommit mode: undefined/unknown
	Isolation level: REPEATABLE_READ [default REPEATABLE_READ]
	JDBC fetch size: none
	Pool: DataSourceConnectionProvider
	Minimum pool size: undefined/unknown
	Maximum pool size: undefined/unknown
2026-09-16 12:23:32 INFO  [hibernate.orm.core] - HHH000489: No JTA platform available (set 'hibernate.transaction.jta.platform' to enable JTA platform integration)
2026-09-16 12:23:32 INFO  [orm.jpa.LocalContainerEntityManagerFactoryBean] - Initialized JPA EntityManagerFactory for persistence unit 'default'
2026-09-16 12:23:32 WARN  [jpa.autoconfigure.JpaBaseConfiguration$JpaWebConfiguration] - spring.jpa.open-in-view is enabled by default. Therefore, database queries may be performed during view rendering. Explicitly configure spring.jpa.open-in-view to disable this warning
2026-09-16 12:23:32 WARN  [security.autoconfigure.UserDetailsServiceAutoConfiguration] - 

Using generated security password: 41866114-d1b2-44a7-aa0d-d6de762fc468

This generated password is for development use only. Your security configuration must be updated before running your application in production.

2026-09-16 12:23:32 INFO  [authentication.configuration.InitializeUserDetailsBeanManagerConfigurer$InitializeUserDetailsManagerConfigurer] - Global AuthenticationManager configured with UserDetailsService bean with name inMemoryUserDetailsManager
2026-09-16 12:23:32 INFO  [coyote.http11.Http11NioProtocol] - Starting ProtocolHandler ["http-nio-8090"]
2026-09-16 12:23:32 INFO  [boot.tomcat.TomcatWebServer] - Tomcat started on port 8090 (http) with context path '/'
2026-09-16 12:23:32 INFO  [devtools.autoconfigure.ConditionEvaluationDeltaLoggingListener] - Condition evaluation unchanged
2026-09-16 12:26:07 INFO  [devtools.autoconfigure.LocalDevToolsAutoConfiguration$RestartingClassPathChangeChangedEventListener] - Restarting due to 2 class path changes (0 additions, 2 deletions, 0 modifications)
2026-09-16 12:26:07 INFO  [boot.tomcat.GracefulShutdown] - Commencing graceful shutdown. Waiting for active requests to complete
2026-09-16 12:26:07 INFO  [coyote.http11.Http11NioProtocol] - Pausing ProtocolHandler ["http-nio-8090"]
2026-09-16 12:26:07 INFO  [boot.tomcat.GracefulShutdown] - Graceful shutdown complete
2026-09-16 12:26:07 INFO  [coyote.http11.Http11NioProtocol] - Stopping ProtocolHandler ["http-nio-8090"]
2026-09-16 12:26:07 INFO  [orm.jpa.LocalContainerEntityManagerFactoryBean] - Closing JPA EntityManagerFactory for persistence unit 'default'
2026-09-16 12:26:07 INFO  [zaxxer.hikari.HikariDataSource] - HikariPool-8 - Shutdown initiated...
2026-09-16 12:26:07 INFO  [zaxxer.hikari.HikariDataSource] - HikariPool-8 - Shutdown completed.
2026-09-16 12:26:08 INFO  [repository.config.RepositoryConfigurationDelegate] - Bootstrapping Spring Data JPA repositories in DEFAULT mode.
2026-09-16 12:26:08 INFO  [repository.config.RepositoryConfigurationDelegate] - Finished Spring Data repository scanning in 11 ms. Found 1 JPA repository interface.
2026-09-16 12:26:08 INFO  [boot.tomcat.TomcatWebServer] - Tomcat initialized with port 8090 (http)
2026-09-16 12:26:08 INFO  [coyote.http11.Http11NioProtocol] - Initializing ProtocolHandler ["http-nio-8090"]
2026-09-16 12:26:08 INFO  [catalina.core.StandardService] - Starting service [Tomcat]
2026-09-16 12:26:08 INFO  [catalina.core.StandardEngine] - Starting Servlet engine: [Apache Tomcat/11.0.24]
2026-09-16 12:26:08 INFO  [context.servlet.WebApplicationContextInitializer] - Root WebApplicationContext: initialization completed in 628 ms
2026-09-16 12:26:08 INFO  [zaxxer.hikari.HikariDataSource] - HikariPool-9 - Starting...
2026-09-16 12:26:08 INFO  [hikari.pool.HikariPool] - HikariPool-9 - Added connection com.mysql.cj.jdbc.ConnectionImpl@2be2480b
2026-09-16 12:26:08 INFO  [zaxxer.hikari.HikariDataSource] - HikariPool-9 - Start completed.
2026-09-16 12:26:08 INFO  [hibernate.orm.jpa] - HHH008540: Processing PersistenceUnitInfo [name: default]
2026-09-16 12:26:08 INFO  [jpa.persistenceunit.SpringPersistenceUnitInfo] - No LoadTimeWeaver setup: ignoring JPA class transformer
2026-09-16 12:26:08 WARN  [hibernate.orm.deprecation] - HHH90000025: MySQLDialect does not need to be specified explicitly using 'hibernate.dialect' (remove the property setting and it will be selected by default)
2026-09-16 12:26:08 INFO  [orm.connections.pooling] - HHH10001005: Database info:
	Database JDBC URL [jdbc:mysql://localhost:3306/DB_CALENDAR]
	Database driver: MySQL Connector/J
	Database dialect: MySQLDialect
	Database version: 8.0.46
	Default catalog/schema: DB_CALENDAR/undefined
	Autocommit mode: undefined/unknown
	Isolation level: REPEATABLE_READ [default REPEATABLE_READ]
	JDBC fetch size: none
	Pool: DataSourceConnectionProvider
	Minimum pool size: undefined/unknown
	Maximum pool size: undefined/unknown
2026-09-16 12:26:08 INFO  [hibernate.orm.core] - HHH000489: No JTA platform available (set 'hibernate.transaction.jta.platform' to enable JTA platform integration)
2026-09-16 12:26:08 INFO  [orm.jpa.LocalContainerEntityManagerFactoryBean] - Initialized JPA EntityManagerFactory for persistence unit 'default'
2026-09-16 12:26:08 WARN  [jpa.autoconfigure.JpaBaseConfiguration$JpaWebConfiguration] - spring.jpa.open-in-view is enabled by default. Therefore, database queries may be performed during view rendering. Explicitly configure spring.jpa.open-in-view to disable this warning
2026-09-16 12:26:08 WARN  [security.autoconfigure.UserDetailsServiceAutoConfiguration] - 

Using generated security password: 72f2453d-7a10-4a0c-a893-622d8493f155

This generated password is for development use only. Your security configuration must be updated before running your application in production.

2026-09-16 12:26:08 INFO  [authentication.configuration.InitializeUserDetailsBeanManagerConfigurer$InitializeUserDetailsManagerConfigurer] - Global AuthenticationManager configured with UserDetailsService bean with name inMemoryUserDetailsManager
2026-09-16 12:26:08 INFO  [coyote.http11.Http11NioProtocol] - Starting ProtocolHandler ["http-nio-8090"]
2026-09-16 12:26:08 INFO  [boot.tomcat.TomcatWebServer] - Tomcat started on port 8090 (http) with context path '/'
2026-09-16 12:26:08 INFO  [devtools.autoconfigure.ConditionEvaluationDeltaLoggingListener] - Condition evaluation unchanged
2026-09-16 12:29:48 INFO  [boot.tomcat.GracefulShutdown] - Commencing graceful shutdown. Waiting for active requests to complete
2026-09-16 12:29:49 INFO  [boot.tomcat.GracefulShutdown] - Graceful shutdown complete
2026-09-16 12:29:49 INFO  [orm.jpa.LocalContainerEntityManagerFactoryBean] - Closing JPA EntityManagerFactory for persistence unit 'default'
2026-09-16 12:29:49 INFO  [zaxxer.hikari.HikariDataSource] - HikariPool-9 - Shutdown initiated...
2026-09-16 12:29:49 INFO  [zaxxer.hikari.HikariDataSource] - HikariPool-9 - Shutdown completed.
2026-09-16 12:29:53 INFO  [devtools.env.DevToolsPropertyDefaultsPostProcessor] - Devtools property defaults active! Set 'spring.devtools.add-properties' to 'false' to disable
2026-09-16 12:29:53 INFO  [devtools.env.DevToolsPropertyDefaultsPostProcessor] - For additional web related logging consider setting the 'logging.level.web' property to 'DEBUG'
2026-09-16 12:29:54 INFO  [repository.config.RepositoryConfigurationDelegate] - Bootstrapping Spring Data JPA repositories in DEFAULT mode.
2026-09-16 12:29:54 INFO  [repository.config.RepositoryConfigurationDelegate] - Finished Spring Data repository scanning in 40 ms. Found 1 JPA repository interface.
2026-09-16 12:29:54 INFO  [boot.tomcat.TomcatWebServer] - Tomcat initialized with port 8090 (http)
2026-09-16 12:29:54 INFO  [coyote.http11.Http11NioProtocol] - Initializing ProtocolHandler ["http-nio-8090"]
2026-09-16 12:29:54 INFO  [catalina.core.StandardService] - Starting service [Tomcat]
2026-09-16 12:29:54 INFO  [catalina.core.StandardEngine] - Starting Servlet engine: [Apache Tomcat/11.0.24]
2026-09-16 12:29:54 INFO  [context.servlet.WebApplicationContextInitializer] - Root WebApplicationContext: initialization completed in 1805 ms
2026-09-16 12:29:55 INFO  [zaxxer.hikari.HikariDataSource] - HikariPool-1 - Starting...
2026-09-16 12:29:55 INFO  [hikari.pool.HikariPool] - HikariPool-1 - Added connection com.mysql.cj.jdbc.ConnectionImpl@bce06c6
2026-09-16 12:29:55 INFO  [zaxxer.hikari.HikariDataSource] - HikariPool-1 - Start completed.
2026-09-16 12:29:55 INFO  [hibernate.orm.jpa] - HHH008540: Processing PersistenceUnitInfo [name: default]
2026-09-16 12:29:55 INFO  [hibernate.orm.core] - HHH000001: Hibernate ORM core version 7.4.5.Final
2026-09-16 12:29:56 INFO  [jpa.persistenceunit.SpringPersistenceUnitInfo] - No LoadTimeWeaver setup: ignoring JPA class transformer
2026-09-16 12:29:56 WARN  [hibernate.orm.deprecation] - HHH90000025: MySQLDialect does not need to be specified explicitly using 'hibernate.dialect' (remove the property setting and it will be selected by default)
2026-09-16 12:29:56 INFO  [orm.connections.pooling] - HHH10001005: Database info:
	Database JDBC URL [jdbc:mysql://localhost:3306/DB_CALENDAR]
	Database driver: MySQL Connector/J
	Database dialect: MySQLDialect
	Database version: 8.0.46
	Default catalog/schema: DB_CALENDAR/undefined
	Autocommit mode: undefined/unknown
	Isolation level: REPEATABLE_READ [default REPEATABLE_READ]
	JDBC fetch size: none
	Pool: DataSourceConnectionProvider
	Minimum pool size: undefined/unknown
	Maximum pool size: undefined/unknown
2026-09-16 12:29:57 INFO  [hibernate.orm.core] - HHH000489: No JTA platform available (set 'hibernate.transaction.jta.platform' to enable JTA platform integration)
2026-09-16 12:29:57 INFO  [orm.jpa.LocalContainerEntityManagerFactoryBean] - Initialized JPA EntityManagerFactory for persistence unit 'default'
2026-09-16 12:29:57 INFO  [repository.query.QueryEnhancerFactories] - Hibernate is in classpath; If applicable, HQL parser will be used.
2026-09-16 12:29:57 WARN  [jpa.autoconfigure.JpaBaseConfiguration$JpaWebConfiguration] - spring.jpa.open-in-view is enabled by default. Therefore, database queries may be performed during view rendering. Explicitly configure spring.jpa.open-in-view to disable this warning
2026-09-16 12:29:57 WARN  [security.autoconfigure.UserDetailsServiceAutoConfiguration] - 

Using generated security password: 86fbb613-c7f0-4ed1-9894-56b8cadc3f9b

This generated password is for development use only. Your security configuration must be updated before running your application in production.

2026-09-16 12:29:57 INFO  [authentication.configuration.InitializeUserDetailsBeanManagerConfigurer$InitializeUserDetailsManagerConfigurer] - Global AuthenticationManager configured with UserDetailsService bean with name inMemoryUserDetailsManager
2026-09-16 12:29:58 INFO  [coyote.http11.Http11NioProtocol] - Starting ProtocolHandler ["http-nio-8090"]
2026-09-16 12:29:58 INFO  [boot.tomcat.TomcatWebServer] - Tomcat started on port 8090 (http) with context path '/'
2026-09-16 12:29:58 INFO  [[Tomcat].[localhost].[/]] - Initializing Spring DispatcherServlet 'dispatcherServlet'
2026-09-16 12:29:58 INFO  [web.servlet.DispatcherServlet] - Initializing Servlet 'dispatcherServlet'
2026-09-16 12:29:58 INFO  [web.servlet.DispatcherServlet] - Completed initialization in 1 ms
2026-09-16 12:36:07 INFO  [devtools.autoconfigure.LocalDevToolsAutoConfiguration$RestartingClassPathChangeChangedEventListener] - Restarting due to 9 class path changes (0 additions, 0 deletions, 9 modifications)
2026-09-16 12:36:07 INFO  [boot.tomcat.GracefulShutdown] - Commencing graceful shutdown. Waiting for active requests to complete
2026-09-16 12:36:07 INFO  [coyote.http11.Http11NioProtocol] - Pausing ProtocolHandler ["http-nio-8090"]
2026-09-16 12:36:07 INFO  [boot.tomcat.GracefulShutdown] - Graceful shutdown complete
2026-09-16 12:36:07 INFO  [coyote.http11.Http11NioProtocol] - Stopping ProtocolHandler ["http-nio-8090"]
2026-09-16 12:36:07 INFO  [orm.jpa.LocalContainerEntityManagerFactoryBean] - Closing JPA EntityManagerFactory for persistence unit 'default'
2026-09-16 12:36:07 INFO  [zaxxer.hikari.HikariDataSource] - HikariPool-1 - Shutdown initiated...
2026-09-16 12:36:07 INFO  [zaxxer.hikari.HikariDataSource] - HikariPool-1 - Shutdown completed.
2026-09-16 12:36:08 INFO  [repository.config.RepositoryConfigurationDelegate] - Bootstrapping Spring Data JPA repositories in DEFAULT mode.
2026-09-16 12:36:08 INFO  [repository.config.RepositoryConfigurationDelegate] - Finished Spring Data repository scanning in 7 ms. Found 1 JPA repository interface.
2026-09-16 12:36:08 INFO  [boot.tomcat.TomcatWebServer] - Tomcat initialized with port 8090 (http)
2026-09-16 12:36:08 INFO  [coyote.http11.Http11NioProtocol] - Initializing ProtocolHandler ["http-nio-8090"]
2026-09-16 12:36:08 INFO  [catalina.core.StandardService] - Starting service [Tomcat]
2026-09-16 12:36:08 INFO  [catalina.core.StandardEngine] - Starting Servlet engine: [Apache Tomcat/11.0.24]
2026-09-16 12:36:08 INFO  [context.servlet.WebApplicationContextInitializer] - Root WebApplicationContext: initialization completed in 423 ms
2026-09-16 12:36:08 INFO  [zaxxer.hikari.HikariDataSource] - HikariPool-2 - Starting...
2026-09-16 12:36:08 INFO  [hikari.pool.HikariPool] - HikariPool-2 - Added connection com.mysql.cj.jdbc.ConnectionImpl@fbfee43
2026-09-16 12:36:08 INFO  [zaxxer.hikari.HikariDataSource] - HikariPool-2 - Start completed.
2026-09-16 12:36:08 INFO  [hibernate.orm.jpa] - HHH008540: Processing PersistenceUnitInfo [name: default]
2026-09-16 12:36:08 INFO  [jpa.persistenceunit.SpringPersistenceUnitInfo] - No LoadTimeWeaver setup: ignoring JPA class transformer
2026-09-16 12:36:08 WARN  [hibernate.orm.deprecation] - HHH90000025: MySQLDialect does not need to be specified explicitly using 'hibernate.dialect' (remove the property setting and it will be selected by default)
2026-09-16 12:36:08 INFO  [orm.connections.pooling] - HHH10001005: Database info:
	Database JDBC URL [jdbc:mysql://localhost:3306/DB_CALENDAR]
	Database driver: MySQL Connector/J
	Database dialect: MySQLDialect
	Database version: 8.0.46
	Default catalog/schema: DB_CALENDAR/undefined
	Autocommit mode: undefined/unknown
	Isolation level: REPEATABLE_READ [default REPEATABLE_READ]
	JDBC fetch size: none
	Pool: DataSourceConnectionProvider
	Minimum pool size: undefined/unknown
	Maximum pool size: undefined/unknown
2026-09-16 12:36:08 INFO  [hibernate.orm.core] - HHH000489: No JTA platform available (set 'hibernate.transaction.jta.platform' to enable JTA platform integration)
2026-09-16 12:36:08 INFO  [orm.jpa.LocalContainerEntityManagerFactoryBean] - Initialized JPA EntityManagerFactory for persistence unit 'default'
2026-09-16 12:36:08 WARN  [jpa.autoconfigure.JpaBaseConfiguration$JpaWebConfiguration] - spring.jpa.open-in-view is enabled by default. Therefore, database queries may be performed during view rendering. Explicitly configure spring.jpa.open-in-view to disable this warning
2026-09-16 12:36:08 WARN  [security.autoconfigure.UserDetailsServiceAutoConfiguration] - 

Using generated security password: 701a50b3-0cfa-4f5b-b2d4-9928131f8995

This generated password is for development use only. Your security configuration must be updated before running your application in production.

2026-09-16 12:36:08 INFO  [authentication.configuration.InitializeUserDetailsBeanManagerConfigurer$InitializeUserDetailsManagerConfigurer] - Global AuthenticationManager configured with UserDetailsService bean with name inMemoryUserDetailsManager
2026-09-16 12:36:08 INFO  [coyote.http11.Http11NioProtocol] - Starting ProtocolHandler ["http-nio-8090"]
2026-09-16 12:36:08 INFO  [boot.tomcat.TomcatWebServer] - Tomcat started on port 8090 (http) with context path '/'
2026-09-16 12:36:08 INFO  [devtools.autoconfigure.ConditionEvaluationDeltaLoggingListener] - Condition evaluation unchanged
2026-09-16 12:39:56 INFO  [devtools.autoconfigure.LocalDevToolsAutoConfiguration$RestartingClassPathChangeChangedEventListener] - Restarting due to 9 class path changes (0 additions, 0 deletions, 9 modifications)
2026-09-16 12:39:56 INFO  [boot.tomcat.GracefulShutdown] - Commencing graceful shutdown. Waiting for active requests to complete
2026-09-16 12:39:56 INFO  [coyote.http11.Http11NioProtocol] - Pausing ProtocolHandler ["http-nio-8090"]
2026-09-16 12:39:56 INFO  [boot.tomcat.GracefulShutdown] - Graceful shutdown complete
2026-09-16 12:39:56 INFO  [coyote.http11.Http11NioProtocol] - Stopping ProtocolHandler ["http-nio-8090"]
2026-09-16 12:39:56 INFO  [orm.jpa.LocalContainerEntityManagerFactoryBean] - Closing JPA EntityManagerFactory for persistence unit 'default'
2026-09-16 12:39:56 INFO  [zaxxer.hikari.HikariDataSource] - HikariPool-2 - Shutdown initiated...
2026-09-16 12:39:56 INFO  [zaxxer.hikari.HikariDataSource] - HikariPool-2 - Shutdown completed.
2026-09-16 12:39:56 INFO  [repository.config.RepositoryConfigurationDelegate] - Bootstrapping Spring Data JPA repositories in DEFAULT mode.
2026-09-16 12:39:56 INFO  [repository.config.RepositoryConfigurationDelegate] - Finished Spring Data repository scanning in 7 ms. Found 1 JPA repository interface.
2026-09-16 12:39:56 INFO  [boot.tomcat.TomcatWebServer] - Tomcat initialized with port 8090 (http)
2026-09-16 12:39:56 INFO  [coyote.http11.Http11NioProtocol] - Initializing ProtocolHandler ["http-nio-8090"]
2026-09-16 12:39:56 INFO  [catalina.core.StandardService] - Starting service [Tomcat]
2026-09-16 12:39:56 INFO  [catalina.core.StandardEngine] - Starting Servlet engine: [Apache Tomcat/11.0.24]
2026-09-16 12:39:56 INFO  [context.servlet.WebApplicationContextInitializer] - Root WebApplicationContext: initialization completed in 364 ms
2026-09-16 12:39:56 INFO  [zaxxer.hikari.HikariDataSource] - HikariPool-3 - Starting...
2026-09-16 12:39:56 INFO  [hikari.pool.HikariPool] - HikariPool-3 - Added connection com.mysql.cj.jdbc.ConnectionImpl@2ed97812
2026-09-16 12:39:56 INFO  [zaxxer.hikari.HikariDataSource] - HikariPool-3 - Start completed.
2026-09-16 12:39:56 INFO  [hibernate.orm.jpa] - HHH008540: Processing PersistenceUnitInfo [name: default]
2026-09-16 12:39:56 INFO  [jpa.persistenceunit.SpringPersistenceUnitInfo] - No LoadTimeWeaver setup: ignoring JPA class transformer
2026-09-16 12:39:56 WARN  [hibernate.orm.deprecation] - HHH90000025: MySQLDialect does not need to be specified explicitly using 'hibernate.dialect' (remove the property setting and it will be selected by default)
2026-09-16 12:39:56 INFO  [orm.connections.pooling] - HHH10001005: Database info:
	Database JDBC URL [jdbc:mysql://localhost:3306/DB_CALENDAR]
	Database driver: MySQL Connector/J
	Database dialect: MySQLDialect
	Database version: 8.0.46
	Default catalog/schema: DB_CALENDAR/undefined
	Autocommit mode: undefined/unknown
	Isolation level: REPEATABLE_READ [default REPEATABLE_READ]
	JDBC fetch size: none
	Pool: DataSourceConnectionProvider
	Minimum pool size: undefined/unknown
	Maximum pool size: undefined/unknown
2026-09-16 12:39:56 INFO  [hibernate.orm.core] - HHH000489: No JTA platform available (set 'hibernate.transaction.jta.platform' to enable JTA platform integration)
2026-09-16 12:39:56 INFO  [orm.jpa.LocalContainerEntityManagerFactoryBean] - Initialized JPA EntityManagerFactory for persistence unit 'default'
2026-09-16 12:39:57 WARN  [jpa.autoconfigure.JpaBaseConfiguration$JpaWebConfiguration] - spring.jpa.open-in-view is enabled by default. Therefore, database queries may be performed during view rendering. Explicitly configure spring.jpa.open-in-view to disable this warning
2026-09-16 12:39:57 WARN  [security.autoconfigure.UserDetailsServiceAutoConfiguration] - 

Using generated security password: 6d42de98-35e8-4711-91cd-a0292c4d9ced

This generated password is for development use only. Your security configuration must be updated before running your application in production.

2026-09-16 12:39:57 INFO  [authentication.configuration.InitializeUserDetailsBeanManagerConfigurer$InitializeUserDetailsManagerConfigurer] - Global AuthenticationManager configured with UserDetailsService bean with name inMemoryUserDetailsManager
2026-09-16 12:39:57 INFO  [coyote.http11.Http11NioProtocol] - Starting ProtocolHandler ["http-nio-8090"]
2026-09-16 12:39:57 INFO  [boot.tomcat.TomcatWebServer] - Tomcat started on port 8090 (http) with context path '/'
2026-09-16 12:39:57 INFO  [devtools.autoconfigure.ConditionEvaluationDeltaLoggingListener] - Condition evaluation unchanged
2026-09-16 13:27:05 WARN  [hikari.pool.HikariPool] - HikariPool-3 - Thread starvation or clock leap detected (housekeeper delta=37m8s600ms633µs600ns).
2026-09-16 14:27:58 INFO  [boot.tomcat.GracefulShutdown] - Commencing graceful shutdown. Waiting for active requests to complete
2026-09-16 14:27:58 INFO  [boot.tomcat.GracefulShutdown] - Graceful shutdown complete
2026-09-16 14:27:58 INFO  [orm.jpa.LocalContainerEntityManagerFactoryBean] - Closing JPA EntityManagerFactory for persistence unit 'default'
2026-09-16 14:27:59 INFO  [zaxxer.hikari.HikariDataSource] - HikariPool-3 - Shutdown initiated...
2026-09-16 14:27:59 INFO  [zaxxer.hikari.HikariDataSource] - HikariPool-3 - Shutdown completed.
2026-09-17 09:35:45 INFO  [devtools.env.DevToolsPropertyDefaultsPostProcessor] - Devtools property defaults active! Set 'spring.devtools.add-properties' to 'false' to disable
2026-09-17 09:35:45 INFO  [devtools.env.DevToolsPropertyDefaultsPostProcessor] - For additional web related logging consider setting the 'logging.level.web' property to 'DEBUG'
2026-09-17 09:35:46 INFO  [repository.config.RepositoryConfigurationDelegate] - Bootstrapping Spring Data JPA repositories in DEFAULT mode.
2026-09-17 09:35:46 INFO  [repository.config.RepositoryConfigurationDelegate] - Finished Spring Data repository scanning in 44 ms. Found 2 JPA repository interfaces.
2026-09-17 09:35:47 INFO  [boot.tomcat.TomcatWebServer] - Tomcat initialized with port 8090 (http)
2026-09-17 09:35:47 INFO  [coyote.http11.Http11NioProtocol] - Initializing ProtocolHandler ["http-nio-8090"]
2026-09-17 09:35:47 INFO  [catalina.core.StandardService] - Starting service [Tomcat]
2026-09-17 09:35:47 INFO  [catalina.core.StandardEngine] - Starting Servlet engine: [Apache Tomcat/11.0.24]
2026-09-17 09:35:47 INFO  [context.servlet.WebApplicationContextInitializer] - Root WebApplicationContext: initialization completed in 1849 ms
2026-09-17 09:35:47 INFO  [hibernate.orm.jpa] - HHH008540: Processing PersistenceUnitInfo [name: default]
2026-09-17 09:35:47 INFO  [hibernate.orm.core] - HHH000001: Hibernate ORM core version 7.4.5.Final
2026-09-17 09:35:48 INFO  [jpa.persistenceunit.SpringPersistenceUnitInfo] - No LoadTimeWeaver setup: ignoring JPA class transformer
2026-09-17 09:35:48 INFO  [zaxxer.hikari.HikariDataSource] - HikariPool-1 - Starting...
2026-09-17 09:35:49 INFO  [hikari.pool.HikariPool] - HikariPool-1 - Added connection com.mysql.cj.jdbc.ConnectionImpl@3d7e17d5
2026-09-17 09:35:49 INFO  [zaxxer.hikari.HikariDataSource] - HikariPool-1 - Start completed.
2026-09-17 09:35:49 WARN  [hibernate.orm.deprecation] - HHH90000025: MySQLDialect does not need to be specified explicitly using 'hibernate.dialect' (remove the property setting and it will be selected by default)
2026-09-17 09:35:49 INFO  [orm.connections.pooling] - HHH10001005: Database info:
	Database JDBC URL [jdbc:mysql://localhost:3306/DB_CALENDAR]
	Database driver: MySQL Connector/J
	Database dialect: MySQLDialect
	Database version: 8.0.46
	Default catalog/schema: DB_CALENDAR/undefined
	Autocommit mode: undefined/unknown
	Isolation level: REPEATABLE_READ [default REPEATABLE_READ]
	JDBC fetch size: none
	Pool: DataSourceConnectionProvider
	Minimum pool size: undefined/unknown
	Maximum pool size: undefined/unknown
2026-09-17 09:35:50 INFO  [hibernate.orm.core] - HHH000489: No JTA platform available (set 'hibernate.transaction.jta.platform' to enable JTA platform integration)
2026-09-17 09:35:50 INFO  [orm.jpa.LocalContainerEntityManagerFactoryBean] - Initialized JPA EntityManagerFactory for persistence unit 'default'
2026-09-17 09:35:51 INFO  [repository.query.QueryEnhancerFactories] - Hibernate is in classpath; If applicable, HQL parser will be used.
2026-09-17 09:35:51 WARN  [jpa.autoconfigure.JpaBaseConfiguration$JpaWebConfiguration] - spring.jpa.open-in-view is enabled by default. Therefore, database queries may be performed during view rendering. Explicitly configure spring.jpa.open-in-view to disable this warning
2026-09-17 09:35:51 WARN  [security.autoconfigure.UserDetailsServiceAutoConfiguration] - 

Using generated security password: 02a49f43-de0f-42f3-9803-46e9e790c428

This generated password is for development use only. Your security configuration must be updated before running your application in production.

2026-09-17 09:35:51 INFO  [authentication.configuration.InitializeUserDetailsBeanManagerConfigurer$InitializeUserDetailsManagerConfigurer] - Global AuthenticationManager configured with UserDetailsService bean with name inMemoryUserDetailsManager
2026-09-17 09:35:52 INFO  [coyote.http11.Http11NioProtocol] - Starting ProtocolHandler ["http-nio-8090"]
2026-09-17 09:35:52 INFO  [boot.tomcat.TomcatWebServer] - Tomcat started on port 8090 (http) with context path '/'
2026-09-17 09:37:36 INFO  [[Tomcat].[localhost].[/]] - Initializing Spring DispatcherServlet 'dispatcherServlet'
2026-09-17 09:37:36 INFO  [web.servlet.DispatcherServlet] - Initializing Servlet 'dispatcherServlet'
2026-09-17 09:37:36 INFO  [web.servlet.DispatcherServlet] - Completed initialization in 2 ms
2026-09-17 09:40:31 INFO  [boot.tomcat.GracefulShutdown] - Commencing graceful shutdown. Waiting for active requests to complete
2026-09-17 09:40:31 INFO  [boot.tomcat.GracefulShutdown] - Graceful shutdown complete
2026-09-17 09:40:31 INFO  [orm.jpa.LocalContainerEntityManagerFactoryBean] - Closing JPA EntityManagerFactory for persistence unit 'default'
2026-09-17 09:40:31 INFO  [zaxxer.hikari.HikariDataSource] - HikariPool-1 - Shutdown initiated...
2026-09-17 09:40:31 INFO  [zaxxer.hikari.HikariDataSource] - HikariPool-1 - Shutdown completed.
2026-09-17 09:45:01 INFO  [devtools.env.DevToolsPropertyDefaultsPostProcessor] - Devtools property defaults active! Set 'spring.devtools.add-properties' to 'false' to disable
2026-09-17 09:45:01 INFO  [devtools.env.DevToolsPropertyDefaultsPostProcessor] - For additional web related logging consider setting the 'logging.level.web' property to 'DEBUG'
2026-09-17 09:45:01 INFO  [repository.config.RepositoryConfigurationDelegate] - Bootstrapping Spring Data JPA repositories in DEFAULT mode.
2026-09-17 09:45:01 INFO  [repository.config.RepositoryConfigurationDelegate] - Finished Spring Data repository scanning in 47 ms. Found 2 JPA repository interfaces.
2026-09-17 09:45:02 INFO  [boot.tomcat.TomcatWebServer] - Tomcat initialized with port 8090 (http)
2026-09-17 09:45:02 INFO  [coyote.http11.Http11NioProtocol] - Initializing ProtocolHandler ["http-nio-8090"]
2026-09-17 09:45:02 INFO  [catalina.core.StandardService] - Starting service [Tomcat]
2026-09-17 09:45:02 INFO  [catalina.core.StandardEngine] - Starting Servlet engine: [Apache Tomcat/11.0.24]
2026-09-17 09:45:02 INFO  [context.servlet.WebApplicationContextInitializer] - Root WebApplicationContext: initialization completed in 1718 ms
2026-09-17 09:45:03 INFO  [hibernate.orm.jpa] - HHH008540: Processing PersistenceUnitInfo [name: default]
2026-09-17 09:45:03 INFO  [hibernate.orm.core] - HHH000001: Hibernate ORM core version 7.4.5.Final
2026-09-17 09:45:04 INFO  [jpa.persistenceunit.SpringPersistenceUnitInfo] - No LoadTimeWeaver setup: ignoring JPA class transformer
2026-09-17 09:45:04 INFO  [zaxxer.hikari.HikariDataSource] - HikariPool-1 - Starting...
2026-09-17 09:45:04 INFO  [hikari.pool.HikariPool] - HikariPool-1 - Added connection com.mysql.cj.jdbc.ConnectionImpl@2e1d0f8b
2026-09-17 09:45:04 INFO  [zaxxer.hikari.HikariDataSource] - HikariPool-1 - Start completed.
2026-09-17 09:45:04 WARN  [hibernate.orm.deprecation] - HHH90000025: MySQLDialect does not need to be specified explicitly using 'hibernate.dialect' (remove the property setting and it will be selected by default)
2026-09-17 09:45:04 INFO  [orm.connections.pooling] - HHH10001005: Database info:
	Database JDBC URL [jdbc:mysql://localhost:3306/DB_CALENDAR]
	Database driver: MySQL Connector/J
	Database dialect: MySQLDialect
	Database version: 8.0.46
	Default catalog/schema: DB_CALENDAR/undefined
	Autocommit mode: undefined/unknown
	Isolation level: REPEATABLE_READ [default REPEATABLE_READ]
	JDBC fetch size: none
	Pool: DataSourceConnectionProvider
	Minimum pool size: undefined/unknown
	Maximum pool size: undefined/unknown
2026-09-17 09:45:05 INFO  [hibernate.orm.core] - HHH000489: No JTA platform available (set 'hibernate.transaction.jta.platform' to enable JTA platform integration)
2026-09-17 09:45:05 INFO  [orm.jpa.LocalContainerEntityManagerFactoryBean] - Initialized JPA EntityManagerFactory for persistence unit 'default'
2026-09-17 09:45:06 INFO  [repository.query.QueryEnhancerFactories] - Hibernate is in classpath; If applicable, HQL parser will be used.
2026-09-17 09:45:06 WARN  [jpa.autoconfigure.JpaBaseConfiguration$JpaWebConfiguration] - spring.jpa.open-in-view is enabled by default. Therefore, database queries may be performed during view rendering. Explicitly configure spring.jpa.open-in-view to disable this warning
2026-09-17 09:45:06 WARN  [security.autoconfigure.UserDetailsServiceAutoConfiguration] - 

Using generated security password: 4fbc2973-5d3b-438a-a5a0-95bad20becfb

This generated password is for development use only. Your security configuration must be updated before running your application in production.

2026-09-17 09:45:06 INFO  [authentication.configuration.InitializeUserDetailsBeanManagerConfigurer$InitializeUserDetailsManagerConfigurer] - Global AuthenticationManager configured with UserDetailsService bean with name inMemoryUserDetailsManager
2026-09-17 09:45:06 INFO  [coyote.http11.Http11NioProtocol] - Starting ProtocolHandler ["http-nio-8090"]
2026-09-17 09:45:06 INFO  [boot.tomcat.TomcatWebServer] - Tomcat started on port 8090 (http) with context path '/'
2026-09-17 09:45:07 INFO  [[Tomcat].[localhost].[/]] - Initializing Spring DispatcherServlet 'dispatcherServlet'
2026-09-17 09:45:07 INFO  [web.servlet.DispatcherServlet] - Initializing Servlet 'dispatcherServlet'
2026-09-17 09:45:07 INFO  [web.servlet.DispatcherServlet] - Completed initialization in 2 ms
2026-09-17 10:02:48 INFO  [boot.tomcat.GracefulShutdown] - Commencing graceful shutdown. Waiting for active requests to complete
2026-09-17 10:02:48 INFO  [boot.tomcat.GracefulShutdown] - Graceful shutdown complete
2026-09-17 10:02:48 INFO  [orm.jpa.LocalContainerEntityManagerFactoryBean] - Closing JPA EntityManagerFactory for persistence unit 'default'
2026-09-17 10:02:48 INFO  [zaxxer.hikari.HikariDataSource] - HikariPool-1 - Shutdown initiated...
2026-09-17 10:02:48 INFO  [zaxxer.hikari.HikariDataSource] - HikariPool-1 - Shutdown completed.
2026-09-17 11:42:49 INFO  [devtools.env.DevToolsPropertyDefaultsPostProcessor] - Devtools property defaults active! Set 'spring.devtools.add-properties' to 'false' to disable
2026-09-17 11:42:49 INFO  [devtools.env.DevToolsPropertyDefaultsPostProcessor] - For additional web related logging consider setting the 'logging.level.web' property to 'DEBUG'
2026-09-17 11:42:51 INFO  [repository.config.RepositoryConfigurationDelegate] - Bootstrapping Spring Data JPA repositories in DEFAULT mode.
2026-09-17 11:42:51 INFO  [repository.config.RepositoryConfigurationDelegate] - Finished Spring Data repository scanning in 54 ms. Found 2 JPA repository interfaces.
2026-09-17 11:42:52 INFO  [boot.tomcat.TomcatWebServer] - Tomcat initialized with port 8090 (http)
2026-09-17 11:42:52 INFO  [coyote.http11.Http11NioProtocol] - Initializing ProtocolHandler ["http-nio-8090"]
2026-09-17 11:42:52 INFO  [catalina.core.StandardService] - Starting service [Tomcat]
2026-09-17 11:42:52 INFO  [catalina.core.StandardEngine] - Starting Servlet engine: [Apache Tomcat/11.0.24]
2026-09-17 11:42:52 INFO  [context.servlet.WebApplicationContextInitializer] - Root WebApplicationContext: initialization completed in 2626 ms
2026-09-17 11:42:52 INFO  [hibernate.orm.jpa] - HHH008540: Processing PersistenceUnitInfo [name: default]
2026-09-17 11:42:52 INFO  [hibernate.orm.core] - HHH000001: Hibernate ORM core version 7.4.5.Final
2026-09-17 11:42:53 INFO  [jpa.persistenceunit.SpringPersistenceUnitInfo] - No LoadTimeWeaver setup: ignoring JPA class transformer
2026-09-17 11:42:53 INFO  [zaxxer.hikari.HikariDataSource] - HikariPool-1 - Starting...
2026-09-17 11:42:53 INFO  [hikari.pool.HikariPool] - HikariPool-1 - Added connection com.mysql.cj.jdbc.ConnectionImpl@1006bf69
2026-09-17 11:42:53 INFO  [zaxxer.hikari.HikariDataSource] - HikariPool-1 - Start completed.
2026-09-17 11:42:54 WARN  [hibernate.orm.deprecation] - HHH90000025: MySQLDialect does not need to be specified explicitly using 'hibernate.dialect' (remove the property setting and it will be selected by default)
2026-09-17 11:42:54 INFO  [orm.connections.pooling] - HHH10001005: Database info:
	Database JDBC URL [jdbc:mysql://localhost:3306/DB_CALENDAR]
	Database driver: MySQL Connector/J
	Database dialect: MySQLDialect
	Database version: 8.0.46
	Default catalog/schema: DB_CALENDAR/undefined
	Autocommit mode: undefined/unknown
	Isolation level: REPEATABLE_READ [default REPEATABLE_READ]
	JDBC fetch size: none
	Pool: DataSourceConnectionProvider
	Minimum pool size: undefined/unknown
	Maximum pool size: undefined/unknown
2026-09-17 11:42:55 INFO  [hibernate.orm.core] - HHH000489: No JTA platform available (set 'hibernate.transaction.jta.platform' to enable JTA platform integration)
2026-09-17 11:42:55 INFO  [orm.jpa.LocalContainerEntityManagerFactoryBean] - Initialized JPA EntityManagerFactory for persistence unit 'default'
2026-09-17 11:42:56 INFO  [repository.query.QueryEnhancerFactories] - Hibernate is in classpath; If applicable, HQL parser will be used.
2026-09-17 11:42:56 WARN  [jpa.autoconfigure.JpaBaseConfiguration$JpaWebConfiguration] - spring.jpa.open-in-view is enabled by default. Therefore, database queries may be performed during view rendering. Explicitly configure spring.jpa.open-in-view to disable this warning
2026-09-17 11:42:56 INFO  [authentication.configuration.InitializeUserDetailsBeanManagerConfigurer$InitializeUserDetailsManagerConfigurer] - Global AuthenticationManager configured with UserDetailsService bean with name memberDetailsService
2026-09-17 11:42:57 INFO  [coyote.http11.Http11NioProtocol] - Starting ProtocolHandler ["http-nio-8090"]
2026-09-17 11:42:57 INFO  [boot.tomcat.TomcatWebServer] - Tomcat started on port 8090 (http) with context path '/'
2026-09-17 11:43:07 INFO  [[Tomcat].[localhost].[/]] - Initializing Spring DispatcherServlet 'dispatcherServlet'
2026-09-17 11:43:07 INFO  [web.servlet.DispatcherServlet] - Initializing Servlet 'dispatcherServlet'
2026-09-17 11:43:07 INFO  [web.servlet.DispatcherServlet] - Completed initialization in 1 ms
2026-09-17 11:43:08 ERROR [web.authentication.UsernamePasswordAuthenticationFilter] - An internal error occurred while trying to authenticate the user.
org.springframework.security.authentication.InternalAuthenticationServiceException: UserDetailsService returned null, which is an interface contract violation
	at org.springframework.security.authentication.dao.DaoAuthenticationProvider.retrieveUser(DaoAuthenticationProvider.java:108)
	at org.springframework.security.authentication.dao.AbstractUserDetailsAuthenticationProvider.authenticate(AbstractUserDetailsAuthenticationProvider.java:145)
	at org.springframework.security.authentication.ProviderManager.authenticate(ProviderManager.java:183)
	at org.springframework.security.authentication.ProviderManager.authenticate(ProviderManager.java:215)
	at org.springframework.security.web.authentication.UsernamePasswordAuthenticationFilter.attemptAuthentication(UsernamePasswordAuthenticationFilter.java:87)
	at org.springframework.security.web.authentication.AbstractAuthenticationProcessingFilter.doFilter(AbstractAuthenticationProcessingFilter.java:249)
	at org.springframework.security.web.authentication.AbstractAuthenticationProcessingFilter.doFilter(AbstractAuthenticationProcessingFilter.java:239)
	at org.springframework.security.web.FilterChainProxy$VirtualFilterChain.doFilter(FilterChainProxy.java:385)
	at org.springframework.security.web.authentication.logout.LogoutFilter.doFilter(LogoutFilter.java:110)
	at org.springframework.security.web.authentication.logout.LogoutFilter.doFilter(LogoutFilter.java:96)
	at org.springframework.security.web.FilterChainProxy$VirtualFilterChain.doFilter(FilterChainProxy.java:385)
	at org.springframework.security.web.header.HeaderWriterFilter.doHeadersAfter(HeaderWriterFilter.java:90)
	at org.springframework.security.web.header.HeaderWriterFilter.doFilterInternal(HeaderWriterFilter.java:75)
	at org.springframework.web.filter.OncePerRequestFilter.doFilter(OncePerRequestFilter.java:116)
	at org.springframework.security.web.FilterChainProxy$VirtualFilterChain.doFilter(FilterChainProxy.java:385)
	at org.springframework.security.web.context.SecurityContextHolderFilter.doFilter(SecurityContextHolderFilter.java:82)
	at org.springframework.security.web.context.SecurityContextHolderFilter.doFilter(SecurityContextHolderFilter.java:69)
	at org.springframework.security.web.FilterChainProxy$VirtualFilterChain.doFilter(FilterChainProxy.java:385)
	at org.springframework.security.web.context.request.async.WebAsyncManagerIntegrationFilter.doFilterInternal(WebAsyncManagerIntegrationFilter.java:62)
	at org.springframework.web.filter.OncePerRequestFilter.doFilter(OncePerRequestFilter.java:116)
	at org.springframework.security.web.FilterChainProxy$VirtualFilterChain.doFilter(FilterChainProxy.java:385)
	at org.springframework.security.web.session.DisableEncodeUrlFilter.doFilterInternal(DisableEncodeUrlFilter.java:42)
	at org.springframework.web.filter.OncePerRequestFilter.doFilter(OncePerRequestFilter.java:116)
	at org.springframework.security.web.FilterChainProxy$VirtualFilterChain.doFilter(FilterChainProxy.java:385)
	at org.springframework.security.web.FilterChainProxy.doFilterInternal(FilterChainProxy.java:237)
	at org.springframework.security.web.FilterChainProxy.doFilter(FilterChainProxy.java:195)
	at org.springframework.web.filter.CompositeFilter$VirtualFilterChain.doFilter(CompositeFilter.java:113)
	at org.springframework.web.filter.ServletRequestPathFilter.doFilter(ServletRequestPathFilter.java:52)
	at org.springframework.web.filter.CompositeFilter$VirtualFilterChain.doFilter(CompositeFilter.java:113)
	at org.springframework.web.filter.CompositeFilter.doFilter(CompositeFilter.java:74)
	at org.springframework.security.config.annotation.web.configuration.WebSecurityConfiguration$CompositeFilterChainProxy.doFilter(WebSecurityConfiguration.java:317)
	at org.springframework.web.filter.DelegatingFilterProxy.invokeDelegate(DelegatingFilterProxy.java:355)
	at org.springframework.web.filter.DelegatingFilterProxy.doFilter(DelegatingFilterProxy.java:272)
	at org.apache.catalina.core.ApplicationFilterChain.doFilter(ApplicationFilterChain.java:111)
	at org.springframework.web.filter.RequestContextFilter.doFilterInternal(RequestContextFilter.java:100)
	at org.springframework.web.filter.OncePerRequestFilter.doFilter(OncePerRequestFilter.java:116)
	at org.apache.catalina.core.ApplicationFilterChain.doFilter(ApplicationFilterChain.java:111)
	at org.springframework.web.filter.FormContentFilter.doFilterInternal(FormContentFilter.java:93)
	at org.springframework.web.filter.OncePerRequestFilter.doFilter(OncePerRequestFilter.java:116)
	at org.apache.catalina.core.ApplicationFilterChain.doFilter(ApplicationFilterChain.java:111)
	at org.springframework.web.filter.CharacterEncodingFilter.doFilterInternal(CharacterEncodingFilter.java:199)
	at org.springframework.web.filter.OncePerRequestFilter.doFilter(OncePerRequestFilter.java:116)
	at org.apache.catalina.core.ApplicationFilterChain.doFilter(ApplicationFilterChain.java:111)
	at org.apache.catalina.core.StandardWrapperValve.invoke(StandardWrapperValve.java:165)
	at org.apache.catalina.core.StandardContextValve.invoke(StandardContextValve.java:77)
	at org.apache.catalina.authenticator.AuthenticatorBase.invoke(AuthenticatorBase.java:535)
	at org.apache.catalina.core.StandardHostValve.invoke(StandardHostValve.java:115)
	at org.apache.catalina.valves.ErrorReportValve.invoke(ErrorReportValve.java:86)
	at org.apache.catalina.core.StandardEngineValve.invoke(StandardEngineValve.java:71)
	at org.apache.catalina.connector.CoyoteAdapter.service(CoyoteAdapter.java:347)
	at org.apache.coyote.http11.Http11Processor.service(Http11Processor.java:406)
	at org.apache.coyote.AbstractProcessorLight.process(AbstractProcessorLight.java:71)
	at org.apache.coyote.AbstractProtocol$ConnectionHandler.process(AbstractProtocol.java:1307)
	at org.apache.tomcat.util.net.NioEndpoint$SocketProcessor.doRun(NioEndpoint.java:2036)
	at org.apache.tomcat.util.net.SocketProcessorBase.run(SocketProcessorBase.java:74)
	at org.apache.tomcat.util.threads.ThreadPoolExecutor.runWorker(ThreadPoolExecutor.java:949)
	at org.apache.tomcat.util.threads.ThreadPoolExecutor$Worker.run(ThreadPoolExecutor.java:483)
	at org.apache.tomcat.util.threads.TaskThread$WrappingRunnable.run(TaskThread.java:74)
	at java.base/java.lang.Thread.run(Thread.java:842)
2026-09-17 11:44:00 INFO  [boot.tomcat.GracefulShutdown] - Commencing graceful shutdown. Waiting for active requests to complete
2026-09-17 11:44:00 INFO  [boot.tomcat.GracefulShutdown] - Graceful shutdown complete
2026-09-17 11:44:00 INFO  [orm.jpa.LocalContainerEntityManagerFactoryBean] - Closing JPA EntityManagerFactory for persistence unit 'default'
2026-09-17 11:44:00 INFO  [zaxxer.hikari.HikariDataSource] - HikariPool-1 - Shutdown initiated...
2026-09-17 11:44:00 INFO  [zaxxer.hikari.HikariDataSource] - HikariPool-1 - Shutdown completed.
2026-09-17 11:44:36 INFO  [devtools.env.DevToolsPropertyDefaultsPostProcessor] - Devtools property defaults active! Set 'spring.devtools.add-properties' to 'false' to disable
2026-09-17 11:44:36 INFO  [devtools.env.DevToolsPropertyDefaultsPostProcessor] - For additional web related logging consider setting the 'logging.level.web' property to 'DEBUG'
2026-09-17 11:44:37 INFO  [repository.config.RepositoryConfigurationDelegate] - Bootstrapping Spring Data JPA repositories in DEFAULT mode.
2026-09-17 11:44:37 INFO  [repository.config.RepositoryConfigurationDelegate] - Finished Spring Data repository scanning in 39 ms. Found 2 JPA repository interfaces.
2026-09-17 11:44:38 INFO  [boot.tomcat.TomcatWebServer] - Tomcat initialized with port 8090 (http)
2026-09-17 11:44:38 INFO  [coyote.http11.Http11NioProtocol] - Initializing ProtocolHandler ["http-nio-8090"]
2026-09-17 11:44:38 INFO  [catalina.core.StandardService] - Starting service [Tomcat]
2026-09-17 11:44:38 INFO  [catalina.core.StandardEngine] - Starting Servlet engine: [Apache Tomcat/11.0.24]
2026-09-17 11:44:38 INFO  [context.servlet.WebApplicationContextInitializer] - Root WebApplicationContext: initialization completed in 1580 ms
2026-09-17 11:44:38 INFO  [hibernate.orm.jpa] - HHH008540: Processing PersistenceUnitInfo [name: default]
2026-09-17 11:44:38 INFO  [hibernate.orm.core] - HHH000001: Hibernate ORM core version 7.4.5.Final
2026-09-17 11:44:39 INFO  [jpa.persistenceunit.SpringPersistenceUnitInfo] - No LoadTimeWeaver setup: ignoring JPA class transformer
2026-09-17 11:44:39 INFO  [zaxxer.hikari.HikariDataSource] - HikariPool-1 - Starting...
2026-09-17 11:44:39 INFO  [hikari.pool.HikariPool] - HikariPool-1 - Added connection com.mysql.cj.jdbc.ConnectionImpl@7f3f1255
2026-09-17 11:44:39 INFO  [zaxxer.hikari.HikariDataSource] - HikariPool-1 - Start completed.
2026-09-17 11:44:39 WARN  [hibernate.orm.deprecation] - HHH90000025: MySQLDialect does not need to be specified explicitly using 'hibernate.dialect' (remove the property setting and it will be selected by default)
2026-09-17 11:44:39 INFO  [orm.connections.pooling] - HHH10001005: Database info:
	Database JDBC URL [jdbc:mysql://localhost:3306/DB_CALENDAR]
	Database driver: MySQL Connector/J
	Database dialect: MySQLDialect
	Database version: 8.0.46
	Default catalog/schema: DB_CALENDAR/undefined
	Autocommit mode: undefined/unknown
	Isolation level: REPEATABLE_READ [default REPEATABLE_READ]
	JDBC fetch size: none
	Pool: DataSourceConnectionProvider
	Minimum pool size: undefined/unknown
	Maximum pool size: undefined/unknown
2026-09-17 11:44:40 INFO  [hibernate.orm.core] - HHH000489: No JTA platform available (set 'hibernate.transaction.jta.platform' to enable JTA platform integration)
2026-09-17 11:44:41 INFO  [orm.jpa.LocalContainerEntityManagerFactoryBean] - Initialized JPA EntityManagerFactory for persistence unit 'default'
2026-09-17 11:44:41 INFO  [repository.query.QueryEnhancerFactories] - Hibernate is in classpath; If applicable, HQL parser will be used.
2026-09-17 11:44:41 WARN  [jpa.autoconfigure.JpaBaseConfiguration$JpaWebConfiguration] - spring.jpa.open-in-view is enabled by default. Therefore, database queries may be performed during view rendering. Explicitly configure spring.jpa.open-in-view to disable this warning
2026-09-17 11:44:41 INFO  [authentication.configuration.InitializeUserDetailsBeanManagerConfigurer$InitializeUserDetailsManagerConfigurer] - Global AuthenticationManager configured with UserDetailsService bean with name memberDetailsService
2026-09-17 11:44:42 INFO  [coyote.http11.Http11NioProtocol] - Starting ProtocolHandler ["http-nio-8090"]
2026-09-17 11:44:42 INFO  [boot.tomcat.TomcatWebServer] - Tomcat started on port 8090 (http) with context path '/'
2026-09-17 11:44:44 INFO  [[Tomcat].[localhost].[/]] - Initializing Spring DispatcherServlet 'dispatcherServlet'
2026-09-17 11:44:44 INFO  [web.servlet.DispatcherServlet] - Initializing Servlet 'dispatcherServlet'
2026-09-17 11:44:44 INFO  [web.servlet.DispatcherServlet] - Completed initialization in 2 ms
2026-09-17 11:44:48 ERROR [web.authentication.UsernamePasswordAuthenticationFilter] - An internal error occurred while trying to authenticate the user.
org.springframework.security.authentication.InternalAuthenticationServiceException: UserDetailsService returned null, which is an interface contract violation
	at org.springframework.security.authentication.dao.DaoAuthenticationProvider.retrieveUser(DaoAuthenticationProvider.java:108)
	at org.springframework.security.authentication.dao.AbstractUserDetailsAuthenticationProvider.authenticate(AbstractUserDetailsAuthenticationProvider.java:145)
	at org.springframework.security.authentication.ProviderManager.authenticate(ProviderManager.java:183)
	at org.springframework.security.authentication.ProviderManager.authenticate(ProviderManager.java:215)
	at org.springframework.security.web.authentication.UsernamePasswordAuthenticationFilter.attemptAuthentication(UsernamePasswordAuthenticationFilter.java:87)
	at org.springframework.security.web.authentication.AbstractAuthenticationProcessingFilter.doFilter(AbstractAuthenticationProcessingFilter.java:249)
	at org.springframework.security.web.authentication.AbstractAuthenticationProcessingFilter.doFilter(AbstractAuthenticationProcessingFilter.java:239)
	at org.springframework.security.web.FilterChainProxy$VirtualFilterChain.doFilter(FilterChainProxy.java:385)
	at org.springframework.security.web.authentication.logout.LogoutFilter.doFilter(LogoutFilter.java:110)
	at org.springframework.security.web.authentication.logout.LogoutFilter.doFilter(LogoutFilter.java:96)
	at org.springframework.security.web.FilterChainProxy$VirtualFilterChain.doFilter(FilterChainProxy.java:385)
	at org.springframework.security.web.header.HeaderWriterFilter.doHeadersAfter(HeaderWriterFilter.java:90)
	at org.springframework.security.web.header.HeaderWriterFilter.doFilterInternal(HeaderWriterFilter.java:75)
	at org.springframework.web.filter.OncePerRequestFilter.doFilter(OncePerRequestFilter.java:116)
	at org.springframework.security.web.FilterChainProxy$VirtualFilterChain.doFilter(FilterChainProxy.java:385)
	at org.springframework.security.web.context.SecurityContextHolderFilter.doFilter(SecurityContextHolderFilter.java:82)
	at org.springframework.security.web.context.SecurityContextHolderFilter.doFilter(SecurityContextHolderFilter.java:69)
	at org.springframework.security.web.FilterChainProxy$VirtualFilterChain.doFilter(FilterChainProxy.java:385)
	at org.springframework.security.web.context.request.async.WebAsyncManagerIntegrationFilter.doFilterInternal(WebAsyncManagerIntegrationFilter.java:62)
	at org.springframework.web.filter.OncePerRequestFilter.doFilter(OncePerRequestFilter.java:116)
	at org.springframework.security.web.FilterChainProxy$VirtualFilterChain.doFilter(FilterChainProxy.java:385)
	at org.springframework.security.web.session.DisableEncodeUrlFilter.doFilterInternal(DisableEncodeUrlFilter.java:42)
	at org.springframework.web.filter.OncePerRequestFilter.doFilter(OncePerRequestFilter.java:116)
	at org.springframework.security.web.FilterChainProxy$VirtualFilterChain.doFilter(FilterChainProxy.java:385)
	at org.springframework.security.web.FilterChainProxy.doFilterInternal(FilterChainProxy.java:237)
	at org.springframework.security.web.FilterChainProxy.doFilter(FilterChainProxy.java:195)
	at org.springframework.web.filter.CompositeFilter$VirtualFilterChain.doFilter(CompositeFilter.java:113)
	at org.springframework.web.filter.ServletRequestPathFilter.doFilter(ServletRequestPathFilter.java:52)
	at org.springframework.web.filter.CompositeFilter$VirtualFilterChain.doFilter(CompositeFilter.java:113)
	at org.springframework.web.filter.CompositeFilter.doFilter(CompositeFilter.java:74)
	at org.springframework.security.config.annotation.web.configuration.WebSecurityConfiguration$CompositeFilterChainProxy.doFilter(WebSecurityConfiguration.java:317)
	at org.springframework.web.filter.DelegatingFilterProxy.invokeDelegate(DelegatingFilterProxy.java:355)
	at org.springframework.web.filter.DelegatingFilterProxy.doFilter(DelegatingFilterProxy.java:272)
	at org.apache.catalina.core.ApplicationFilterChain.doFilter(ApplicationFilterChain.java:111)
	at org.springframework.web.filter.RequestContextFilter.doFilterInternal(RequestContextFilter.java:100)
	at org.springframework.web.filter.OncePerRequestFilter.doFilter(OncePerRequestFilter.java:116)
	at org.apache.catalina.core.ApplicationFilterChain.doFilter(ApplicationFilterChain.java:111)
	at org.springframework.web.filter.FormContentFilter.doFilterInternal(FormContentFilter.java:93)
	at org.springframework.web.filter.OncePerRequestFilter.doFilter(OncePerRequestFilter.java:116)
	at org.apache.catalina.core.ApplicationFilterChain.doFilter(ApplicationFilterChain.java:111)
	at org.springframework.web.filter.CharacterEncodingFilter.doFilterInternal(CharacterEncodingFilter.java:199)
	at org.springframework.web.filter.OncePerRequestFilter.doFilter(OncePerRequestFilter.java:116)
	at org.apache.catalina.core.ApplicationFilterChain.doFilter(ApplicationFilterChain.java:111)
	at org.apache.catalina.core.StandardWrapperValve.invoke(StandardWrapperValve.java:165)
	at org.apache.catalina.core.StandardContextValve.invoke(StandardContextValve.java:77)
	at org.apache.catalina.authenticator.AuthenticatorBase.invoke(AuthenticatorBase.java:535)
	at org.apache.catalina.core.StandardHostValve.invoke(StandardHostValve.java:115)
	at org.apache.catalina.valves.ErrorReportValve.invoke(ErrorReportValve.java:86)
	at org.apache.catalina.core.StandardEngineValve.invoke(StandardEngineValve.java:71)
	at org.apache.catalina.connector.CoyoteAdapter.service(CoyoteAdapter.java:347)
	at org.apache.coyote.http11.Http11Processor.service(Http11Processor.java:406)
	at org.apache.coyote.AbstractProcessorLight.process(AbstractProcessorLight.java:71)
	at org.apache.coyote.AbstractProtocol$ConnectionHandler.process(AbstractProtocol.java:1307)
	at org.apache.tomcat.util.net.NioEndpoint$SocketProcessor.doRun(NioEndpoint.java:2036)
	at org.apache.tomcat.util.net.SocketProcessorBase.run(SocketProcessorBase.java:74)
	at org.apache.tomcat.util.threads.ThreadPoolExecutor.runWorker(ThreadPoolExecutor.java:949)
	at org.apache.tomcat.util.threads.ThreadPoolExecutor$Worker.run(ThreadPoolExecutor.java:483)
	at org.apache.tomcat.util.threads.TaskThread$WrappingRunnable.run(TaskThread.java:74)
	at java.base/java.lang.Thread.run(Thread.java:842)
2026-09-17 11:44:54 ERROR [web.authentication.UsernamePasswordAuthenticationFilter] - An internal error occurred while trying to authenticate the user.
org.springframework.security.authentication.InternalAuthenticationServiceException: UserDetailsService returned null, which is an interface contract violation
	at org.springframework.security.authentication.dao.DaoAuthenticationProvider.retrieveUser(DaoAuthenticationProvider.java:108)
	at org.springframework.security.authentication.dao.AbstractUserDetailsAuthenticationProvider.authenticate(AbstractUserDetailsAuthenticationProvider.java:145)
	at org.springframework.security.authentication.ProviderManager.authenticate(ProviderManager.java:183)
	at org.springframework.security.authentication.ProviderManager.authenticate(ProviderManager.java:215)
	at org.springframework.security.web.authentication.UsernamePasswordAuthenticationFilter.attemptAuthentication(UsernamePasswordAuthenticationFilter.java:87)
	at org.springframework.security.web.authentication.AbstractAuthenticationProcessingFilter.doFilter(AbstractAuthenticationProcessingFilter.java:249)
	at org.springframework.security.web.authentication.AbstractAuthenticationProcessingFilter.doFilter(AbstractAuthenticationProcessingFilter.java:239)
	at org.springframework.security.web.FilterChainProxy$VirtualFilterChain.doFilter(FilterChainProxy.java:385)
	at org.springframework.security.web.authentication.logout.LogoutFilter.doFilter(LogoutFilter.java:110)
	at org.springframework.security.web.authentication.logout.LogoutFilter.doFilter(LogoutFilter.java:96)
	at org.springframework.security.web.FilterChainProxy$VirtualFilterChain.doFilter(FilterChainProxy.java:385)
	at org.springframework.security.web.header.HeaderWriterFilter.doHeadersAfter(HeaderWriterFilter.java:90)
	at org.springframework.security.web.header.HeaderWriterFilter.doFilterInternal(HeaderWriterFilter.java:75)
	at org.springframework.web.filter.OncePerRequestFilter.doFilter(OncePerRequestFilter.java:116)
	at org.springframework.security.web.FilterChainProxy$VirtualFilterChain.doFilter(FilterChainProxy.java:385)
	at org.springframework.security.web.context.SecurityContextHolderFilter.doFilter(SecurityContextHolderFilter.java:82)
	at org.springframework.security.web.context.SecurityContextHolderFilter.doFilter(SecurityContextHolderFilter.java:69)
	at org.springframework.security.web.FilterChainProxy$VirtualFilterChain.doFilter(FilterChainProxy.java:385)
	at org.springframework.security.web.context.request.async.WebAsyncManagerIntegrationFilter.doFilterInternal(WebAsyncManagerIntegrationFilter.java:62)
	at org.springframework.web.filter.OncePerRequestFilter.doFilter(OncePerRequestFilter.java:116)
	at org.springframework.security.web.FilterChainProxy$VirtualFilterChain.doFilter(FilterChainProxy.java:385)
	at org.springframework.security.web.session.DisableEncodeUrlFilter.doFilterInternal(DisableEncodeUrlFilter.java:42)
	at org.springframework.web.filter.OncePerRequestFilter.doFilter(OncePerRequestFilter.java:116)
	at org.springframework.security.web.FilterChainProxy$VirtualFilterChain.doFilter(FilterChainProxy.java:385)
	at org.springframework.security.web.FilterChainProxy.doFilterInternal(FilterChainProxy.java:237)
	at org.springframework.security.web.FilterChainProxy.doFilter(FilterChainProxy.java:195)
	at org.springframework.web.filter.CompositeFilter$VirtualFilterChain.doFilter(CompositeFilter.java:113)
	at org.springframework.web.filter.ServletRequestPathFilter.doFilter(ServletRequestPathFilter.java:52)
	at org.springframework.web.filter.CompositeFilter$VirtualFilterChain.doFilter(CompositeFilter.java:113)
	at org.springframework.web.filter.CompositeFilter.doFilter(CompositeFilter.java:74)
	at org.springframework.security.config.annotation.web.configuration.WebSecurityConfiguration$CompositeFilterChainProxy.doFilter(WebSecurityConfiguration.java:317)
	at org.springframework.web.filter.DelegatingFilterProxy.invokeDelegate(DelegatingFilterProxy.java:355)
	at org.springframework.web.filter.DelegatingFilterProxy.doFilter(DelegatingFilterProxy.java:272)
	at org.apache.catalina.core.ApplicationFilterChain.doFilter(ApplicationFilterChain.java:111)
	at org.springframework.web.filter.RequestContextFilter.doFilterInternal(RequestContextFilter.java:100)
	at org.springframework.web.filter.OncePerRequestFilter.doFilter(OncePerRequestFilter.java:116)
	at org.apache.catalina.core.ApplicationFilterChain.doFilter(ApplicationFilterChain.java:111)
	at org.springframework.web.filter.FormContentFilter.doFilterInternal(FormContentFilter.java:93)
	at org.springframework.web.filter.OncePerRequestFilter.doFilter(OncePerRequestFilter.java:116)
	at org.apache.catalina.core.ApplicationFilterChain.doFilter(ApplicationFilterChain.java:111)
	at org.springframework.web.filter.CharacterEncodingFilter.doFilterInternal(CharacterEncodingFilter.java:199)
	at org.springframework.web.filter.OncePerRequestFilter.doFilter(OncePerRequestFilter.java:116)
	at org.apache.catalina.core.ApplicationFilterChain.doFilter(ApplicationFilterChain.java:111)
	at org.apache.catalina.core.StandardWrapperValve.invoke(StandardWrapperValve.java:165)
	at org.apache.catalina.core.StandardContextValve.invoke(StandardContextValve.java:77)
	at org.apache.catalina.authenticator.AuthenticatorBase.invoke(AuthenticatorBase.java:535)
	at org.apache.catalina.core.StandardHostValve.invoke(StandardHostValve.java:115)
	at org.apache.catalina.valves.ErrorReportValve.invoke(ErrorReportValve.java:86)
	at org.apache.catalina.core.StandardEngineValve.invoke(StandardEngineValve.java:71)
	at org.apache.catalina.connector.CoyoteAdapter.service(CoyoteAdapter.java:347)
	at org.apache.coyote.http11.Http11Processor.service(Http11Processor.java:406)
	at org.apache.coyote.AbstractProcessorLight.process(AbstractProcessorLight.java:71)
	at org.apache.coyote.AbstractProtocol$ConnectionHandler.process(AbstractProtocol.java:1307)
	at org.apache.tomcat.util.net.NioEndpoint$SocketProcessor.doRun(NioEndpoint.java:2036)
	at org.apache.tomcat.util.net.SocketProcessorBase.run(SocketProcessorBase.java:74)
	at org.apache.tomcat.util.threads.ThreadPoolExecutor.runWorker(ThreadPoolExecutor.java:949)
	at org.apache.tomcat.util.threads.ThreadPoolExecutor$Worker.run(ThreadPoolExecutor.java:483)
	at org.apache.tomcat.util.threads.TaskThread$WrappingRunnable.run(TaskThread.java:74)
	at java.base/java.lang.Thread.run(Thread.java:842)
2026-09-17 11:47:44 INFO  [devtools.autoconfigure.LocalDevToolsAutoConfiguration$RestartingClassPathChangeChangedEventListener] - Restarting due to 22 class path changes (0 additions, 0 deletions, 22 modifications)
2026-09-17 11:47:44 INFO  [boot.tomcat.GracefulShutdown] - Commencing graceful shutdown. Waiting for active requests to complete
2026-09-17 11:47:44 INFO  [coyote.http11.Http11NioProtocol] - Pausing ProtocolHandler ["http-nio-8090"]
2026-09-17 11:47:44 INFO  [boot.tomcat.GracefulShutdown] - Graceful shutdown complete
2026-09-17 11:47:44 INFO  [coyote.http11.Http11NioProtocol] - Stopping ProtocolHandler ["http-nio-8090"]
2026-09-17 11:47:44 INFO  [orm.jpa.LocalContainerEntityManagerFactoryBean] - Closing JPA EntityManagerFactory for persistence unit 'default'
2026-09-17 11:47:44 INFO  [zaxxer.hikari.HikariDataSource] - HikariPool-1 - Shutdown initiated...
2026-09-17 11:47:44 INFO  [zaxxer.hikari.HikariDataSource] - HikariPool-1 - Shutdown completed.
2026-09-17 11:47:46 INFO  [repository.config.RepositoryConfigurationDelegate] - Bootstrapping Spring Data JPA repositories in DEFAULT mode.
2026-09-17 11:47:46 INFO  [repository.config.RepositoryConfigurationDelegate] - Finished Spring Data repository scanning in 10 ms. Found 2 JPA repository interfaces.
2026-09-17 11:47:46 INFO  [boot.tomcat.TomcatWebServer] - Tomcat initialized with port 8090 (http)
2026-09-17 11:47:46 INFO  [coyote.http11.Http11NioProtocol] - Initializing ProtocolHandler ["http-nio-8090"]
2026-09-17 11:47:46 INFO  [catalina.core.StandardService] - Starting service [Tomcat]
2026-09-17 11:47:46 INFO  [catalina.core.StandardEngine] - Starting Servlet engine: [Apache Tomcat/11.0.24]
2026-09-17 11:47:46 INFO  [context.servlet.WebApplicationContextInitializer] - Root WebApplicationContext: initialization completed in 648 ms
2026-09-17 11:47:46 INFO  [hibernate.orm.jpa] - HHH008540: Processing PersistenceUnitInfo [name: default]
2026-09-17 11:47:46 INFO  [jpa.persistenceunit.SpringPersistenceUnitInfo] - No LoadTimeWeaver setup: ignoring JPA class transformer
2026-09-17 11:47:46 INFO  [zaxxer.hikari.HikariDataSource] - HikariPool-2 - Starting...
2026-09-17 11:47:46 INFO  [hikari.pool.HikariPool] - HikariPool-2 - Added connection com.mysql.cj.jdbc.ConnectionImpl@629cb465
2026-09-17 11:47:46 INFO  [zaxxer.hikari.HikariDataSource] - HikariPool-2 - Start completed.
2026-09-17 11:47:46 WARN  [hibernate.orm.deprecation] - HHH90000025: MySQLDialect does not need to be specified explicitly using 'hibernate.dialect' (remove the property setting and it will be selected by default)
2026-09-17 11:47:46 INFO  [orm.connections.pooling] - HHH10001005: Database info:
	Database JDBC URL [jdbc:mysql://localhost:3306/DB_CALENDAR]
	Database driver: MySQL Connector/J
	Database dialect: MySQLDialect
	Database version: 8.0.46
	Default catalog/schema: DB_CALENDAR/undefined
	Autocommit mode: undefined/unknown
	Isolation level: REPEATABLE_READ [default REPEATABLE_READ]
	JDBC fetch size: none
	Pool: DataSourceConnectionProvider
	Minimum pool size: undefined/unknown
	Maximum pool size: undefined/unknown
2026-09-17 11:47:46 INFO  [hibernate.orm.core] - HHH000489: No JTA platform available (set 'hibernate.transaction.jta.platform' to enable JTA platform integration)
2026-09-17 11:47:46 INFO  [orm.jpa.LocalContainerEntityManagerFactoryBean] - Initialized JPA EntityManagerFactory for persistence unit 'default'
2026-09-17 11:47:46 WARN  [jpa.autoconfigure.JpaBaseConfiguration$JpaWebConfiguration] - spring.jpa.open-in-view is enabled by default. Therefore, database queries may be performed during view rendering. Explicitly configure spring.jpa.open-in-view to disable this warning
2026-09-17 11:47:46 INFO  [authentication.configuration.InitializeUserDetailsBeanManagerConfigurer$InitializeUserDetailsManagerConfigurer] - Global AuthenticationManager configured with UserDetailsService bean with name memberDetailsService
2026-09-17 11:47:46 INFO  [coyote.http11.Http11NioProtocol] - Starting ProtocolHandler ["http-nio-8090"]
2026-09-17 11:47:46 INFO  [boot.tomcat.TomcatWebServer] - Tomcat started on port 8090 (http) with context path '/'
2026-09-17 11:47:46 INFO  [devtools.autoconfigure.ConditionEvaluationDeltaLoggingListener] - Condition evaluation unchanged
2026-09-17 11:50:47 INFO  [devtools.autoconfigure.LocalDevToolsAutoConfiguration$RestartingClassPathChangeChangedEventListener] - Restarting due to 22 class path changes (0 additions, 0 deletions, 22 modifications)
2026-09-17 11:50:47 INFO  [boot.tomcat.GracefulShutdown] - Commencing graceful shutdown. Waiting for active requests to complete
2026-09-17 11:50:47 INFO  [coyote.http11.Http11NioProtocol] - Pausing ProtocolHandler ["http-nio-8090"]
2026-09-17 11:50:48 INFO  [boot.tomcat.GracefulShutdown] - Graceful shutdown complete
2026-09-17 11:50:48 INFO  [coyote.http11.Http11NioProtocol] - Stopping ProtocolHandler ["http-nio-8090"]
2026-09-17 11:50:48 INFO  [orm.jpa.LocalContainerEntityManagerFactoryBean] - Closing JPA EntityManagerFactory for persistence unit 'default'
2026-09-17 11:50:48 INFO  [zaxxer.hikari.HikariDataSource] - HikariPool-2 - Shutdown initiated...
2026-09-17 11:50:48 INFO  [zaxxer.hikari.HikariDataSource] - HikariPool-2 - Shutdown completed.
2026-09-17 11:50:48 INFO  [repository.config.RepositoryConfigurationDelegate] - Bootstrapping Spring Data JPA repositories in DEFAULT mode.
2026-09-17 11:50:48 INFO  [repository.config.RepositoryConfigurationDelegate] - Finished Spring Data repository scanning in 9 ms. Found 2 JPA repository interfaces.
2026-09-17 11:50:48 INFO  [boot.tomcat.TomcatWebServer] - Tomcat initialized with port 8090 (http)
2026-09-17 11:50:48 INFO  [coyote.http11.Http11NioProtocol] - Initializing ProtocolHandler ["http-nio-8090"]
2026-09-17 11:50:48 INFO  [catalina.core.StandardService] - Starting service [Tomcat]
2026-09-17 11:50:48 INFO  [catalina.core.StandardEngine] - Starting Servlet engine: [Apache Tomcat/11.0.24]
2026-09-17 11:50:48 INFO  [context.servlet.WebApplicationContextInitializer] - Root WebApplicationContext: initialization completed in 384 ms
2026-09-17 11:50:48 INFO  [hibernate.orm.jpa] - HHH008540: Processing PersistenceUnitInfo [name: default]
2026-09-17 11:50:48 INFO  [jpa.persistenceunit.SpringPersistenceUnitInfo] - No LoadTimeWeaver setup: ignoring JPA class transformer
2026-09-17 11:50:48 INFO  [zaxxer.hikari.HikariDataSource] - HikariPool-3 - Starting...
2026-09-17 11:50:48 INFO  [hikari.pool.HikariPool] - HikariPool-3 - Added connection com.mysql.cj.jdbc.ConnectionImpl@7435c8f7
2026-09-17 11:50:48 INFO  [zaxxer.hikari.HikariDataSource] - HikariPool-3 - Start completed.
2026-09-17 11:50:48 WARN  [hibernate.orm.deprecation] - HHH90000025: MySQLDialect does not need to be specified explicitly using 'hibernate.dialect' (remove the property setting and it will be selected by default)
2026-09-17 11:50:48 INFO  [orm.connections.pooling] - HHH10001005: Database info:
	Database JDBC URL [jdbc:mysql://localhost:3306/DB_CALENDAR]
	Database driver: MySQL Connector/J
	Database dialect: MySQLDialect
	Database version: 8.0.46
	Default catalog/schema: DB_CALENDAR/undefined
	Autocommit mode: undefined/unknown
	Isolation level: REPEATABLE_READ [default REPEATABLE_READ]
	JDBC fetch size: none
	Pool: DataSourceConnectionProvider
	Minimum pool size: undefined/unknown
	Maximum pool size: undefined/unknown
2026-09-17 11:50:48 INFO  [hibernate.orm.core] - HHH000489: No JTA platform available (set 'hibernate.transaction.jta.platform' to enable JTA platform integration)
2026-09-17 11:50:48 INFO  [orm.jpa.LocalContainerEntityManagerFactoryBean] - Initialized JPA EntityManagerFactory for persistence unit 'default'
2026-09-17 11:50:49 WARN  [jpa.autoconfigure.JpaBaseConfiguration$JpaWebConfiguration] - spring.jpa.open-in-view is enabled by default. Therefore, database queries may be performed during view rendering. Explicitly configure spring.jpa.open-in-view to disable this warning
2026-09-17 11:50:49 INFO  [authentication.configuration.InitializeUserDetailsBeanManagerConfigurer$InitializeUserDetailsManagerConfigurer] - Global AuthenticationManager configured with UserDetailsService bean with name memberDetailsService
2026-09-17 11:50:49 INFO  [coyote.http11.Http11NioProtocol] - Starting ProtocolHandler ["http-nio-8090"]
2026-09-17 11:50:49 INFO  [boot.tomcat.TomcatWebServer] - Tomcat started on port 8090 (http) with context path '/'
2026-09-17 11:50:49 INFO  [devtools.autoconfigure.ConditionEvaluationDeltaLoggingListener] - Condition evaluation unchanged
2026-09-17 11:51:49 INFO  [boot.tomcat.GracefulShutdown] - Commencing graceful shutdown. Waiting for active requests to complete
2026-09-17 11:51:49 INFO  [boot.tomcat.GracefulShutdown] - Graceful shutdown complete
2026-09-17 11:51:49 INFO  [orm.jpa.LocalContainerEntityManagerFactoryBean] - Closing JPA EntityManagerFactory for persistence unit 'default'
2026-09-17 11:51:49 INFO  [zaxxer.hikari.HikariDataSource] - HikariPool-3 - Shutdown initiated...
2026-09-17 11:51:49 INFO  [zaxxer.hikari.HikariDataSource] - HikariPool-3 - Shutdown completed.
2026-09-17 11:57:41 INFO  [devtools.env.DevToolsPropertyDefaultsPostProcessor] - Devtools property defaults active! Set 'spring.devtools.add-properties' to 'false' to disable
2026-09-17 11:57:41 INFO  [devtools.env.DevToolsPropertyDefaultsPostProcessor] - For additional web related logging consider setting the 'logging.level.web' property to 'DEBUG'
2026-09-17 11:57:41 INFO  [repository.config.RepositoryConfigurationDelegate] - Bootstrapping Spring Data JPA repositories in DEFAULT mode.
2026-09-17 11:57:41 INFO  [repository.config.RepositoryConfigurationDelegate] - Finished Spring Data repository scanning in 39 ms. Found 2 JPA repository interfaces.
2026-09-17 11:57:42 INFO  [boot.tomcat.TomcatWebServer] - Tomcat initialized with port 8090 (http)
2026-09-17 11:57:42 INFO  [coyote.http11.Http11NioProtocol] - Initializing ProtocolHandler ["http-nio-8090"]
2026-09-17 11:57:42 INFO  [catalina.core.StandardService] - Starting service [Tomcat]
2026-09-17 11:57:42 INFO  [catalina.core.StandardEngine] - Starting Servlet engine: [Apache Tomcat/11.0.24]
2026-09-17 11:57:42 INFO  [context.servlet.WebApplicationContextInitializer] - Root WebApplicationContext: initialization completed in 1577 ms
2026-09-17 11:57:42 INFO  [hibernate.orm.jpa] - HHH008540: Processing PersistenceUnitInfo [name: default]
2026-09-17 11:57:42 INFO  [hibernate.orm.core] - HHH000001: Hibernate ORM core version 7.4.5.Final
2026-09-17 11:57:43 INFO  [jpa.persistenceunit.SpringPersistenceUnitInfo] - No LoadTimeWeaver setup: ignoring JPA class transformer
2026-09-17 11:57:43 INFO  [zaxxer.hikari.HikariDataSource] - HikariPool-1 - Starting...
2026-09-17 11:57:43 INFO  [hikari.pool.HikariPool] - HikariPool-1 - Added connection com.mysql.cj.jdbc.ConnectionImpl@799254ed
2026-09-17 11:57:43 INFO  [zaxxer.hikari.HikariDataSource] - HikariPool-1 - Start completed.
2026-09-17 11:57:43 WARN  [hibernate.orm.deprecation] - HHH90000025: MySQLDialect does not need to be specified explicitly using 'hibernate.dialect' (remove the property setting and it will be selected by default)
2026-09-17 11:57:43 INFO  [orm.connections.pooling] - HHH10001005: Database info:
	Database JDBC URL [jdbc:mysql://localhost:3306/DB_CALENDAR]
	Database driver: MySQL Connector/J
	Database dialect: MySQLDialect
	Database version: 8.0.46
	Default catalog/schema: DB_CALENDAR/undefined
	Autocommit mode: undefined/unknown
	Isolation level: REPEATABLE_READ [default REPEATABLE_READ]
	JDBC fetch size: none
	Pool: DataSourceConnectionProvider
	Minimum pool size: undefined/unknown
	Maximum pool size: undefined/unknown
2026-09-17 11:57:44 INFO  [hibernate.orm.core] - HHH000489: No JTA platform available (set 'hibernate.transaction.jta.platform' to enable JTA platform integration)
2026-09-17 11:57:44 INFO  [orm.jpa.LocalContainerEntityManagerFactoryBean] - Initialized JPA EntityManagerFactory for persistence unit 'default'
2026-09-17 11:57:45 INFO  [repository.query.QueryEnhancerFactories] - Hibernate is in classpath; If applicable, HQL parser will be used.
2026-09-17 11:57:45 WARN  [jpa.autoconfigure.JpaBaseConfiguration$JpaWebConfiguration] - spring.jpa.open-in-view is enabled by default. Therefore, database queries may be performed during view rendering. Explicitly configure spring.jpa.open-in-view to disable this warning
2026-09-17 11:57:45 INFO  [authentication.configuration.InitializeUserDetailsBeanManagerConfigurer$InitializeUserDetailsManagerConfigurer] - Global AuthenticationManager configured with UserDetailsService bean with name memberDetailsService
2026-09-17 11:57:46 INFO  [coyote.http11.Http11NioProtocol] - Starting ProtocolHandler ["http-nio-8090"]
2026-09-17 11:57:46 INFO  [boot.tomcat.TomcatWebServer] - Tomcat started on port 8090 (http) with context path '/'
2026-09-17 11:57:47 INFO  [[Tomcat].[localhost].[/]] - Initializing Spring DispatcherServlet 'dispatcherServlet'
2026-09-17 11:57:47 INFO  [web.servlet.DispatcherServlet] - Initializing Servlet 'dispatcherServlet'
2026-09-17 11:57:47 INFO  [web.servlet.DispatcherServlet] - Completed initialization in 2 ms
2026-09-17 11:59:18 INFO  [devtools.autoconfigure.LocalDevToolsAutoConfiguration$RestartingClassPathChangeChangedEventListener] - Restarting due to 2 class path changes (0 additions, 2 deletions, 0 modifications)
2026-09-17 11:59:18 INFO  [boot.tomcat.GracefulShutdown] - Commencing graceful shutdown. Waiting for active requests to complete
2026-09-17 11:59:18 INFO  [coyote.http11.Http11NioProtocol] - Pausing ProtocolHandler ["http-nio-8090"]
2026-09-17 11:59:18 INFO  [boot.tomcat.GracefulShutdown] - Graceful shutdown complete
2026-09-17 11:59:18 INFO  [coyote.http11.Http11NioProtocol] - Stopping ProtocolHandler ["http-nio-8090"]
2026-09-17 11:59:18 INFO  [orm.jpa.LocalContainerEntityManagerFactoryBean] - Closing JPA EntityManagerFactory for persistence unit 'default'
2026-09-17 11:59:18 INFO  [zaxxer.hikari.HikariDataSource] - HikariPool-1 - Shutdown initiated...
2026-09-17 11:59:18 INFO  [zaxxer.hikari.HikariDataSource] - HikariPool-1 - Shutdown completed.
2026-09-17 11:59:19 INFO  [repository.config.RepositoryConfigurationDelegate] - Bootstrapping Spring Data JPA repositories in DEFAULT mode.
2026-09-17 11:59:19 INFO  [repository.config.RepositoryConfigurationDelegate] - Finished Spring Data repository scanning in 26 ms. Found 2 JPA repository interfaces.
2026-09-17 11:59:19 INFO  [boot.tomcat.TomcatWebServer] - Tomcat initialized with port 8090 (http)
2026-09-17 11:59:19 INFO  [coyote.http11.Http11NioProtocol] - Initializing ProtocolHandler ["http-nio-8090"]
2026-09-17 11:59:19 INFO  [catalina.core.StandardService] - Starting service [Tomcat]
2026-09-17 11:59:19 INFO  [catalina.core.StandardEngine] - Starting Servlet engine: [Apache Tomcat/11.0.24]
2026-09-17 11:59:19 INFO  [context.servlet.WebApplicationContextInitializer] - Root WebApplicationContext: initialization completed in 836 ms
2026-09-17 11:59:19 INFO  [hibernate.orm.jpa] - HHH008540: Processing PersistenceUnitInfo [name: default]
2026-09-17 11:59:19 INFO  [jpa.persistenceunit.SpringPersistenceUnitInfo] - No LoadTimeWeaver setup: ignoring JPA class transformer
2026-09-17 11:59:19 INFO  [zaxxer.hikari.HikariDataSource] - HikariPool-2 - Starting...
2026-09-17 11:59:19 INFO  [hikari.pool.HikariPool] - HikariPool-2 - Added connection com.mysql.cj.jdbc.ConnectionImpl@fe28fcc
2026-09-17 11:59:19 INFO  [zaxxer.hikari.HikariDataSource] - HikariPool-2 - Start completed.
2026-09-17 11:59:19 WARN  [hibernate.orm.deprecation] - HHH90000025: MySQLDialect does not need to be specified explicitly using 'hibernate.dialect' (remove the property setting and it will be selected by default)
2026-09-17 11:59:19 INFO  [orm.connections.pooling] - HHH10001005: Database info:
	Database JDBC URL [jdbc:mysql://localhost:3306/DB_CALENDAR]
	Database driver: MySQL Connector/J
	Database dialect: MySQLDialect
	Database version: 8.0.46
	Default catalog/schema: DB_CALENDAR/undefined
	Autocommit mode: undefined/unknown
	Isolation level: REPEATABLE_READ [default REPEATABLE_READ]
	JDBC fetch size: none
	Pool: DataSourceConnectionProvider
	Minimum pool size: undefined/unknown
	Maximum pool size: undefined/unknown
2026-09-17 11:59:19 INFO  [hibernate.orm.core] - HHH000489: No JTA platform available (set 'hibernate.transaction.jta.platform' to enable JTA platform integration)
2026-09-17 11:59:19 INFO  [orm.jpa.LocalContainerEntityManagerFactoryBean] - Initialized JPA EntityManagerFactory for persistence unit 'default'
2026-09-17 11:59:19 WARN  [jpa.autoconfigure.JpaBaseConfiguration$JpaWebConfiguration] - spring.jpa.open-in-view is enabled by default. Therefore, database queries may be performed during view rendering. Explicitly configure spring.jpa.open-in-view to disable this warning
2026-09-17 11:59:19 INFO  [authentication.configuration.InitializeUserDetailsBeanManagerConfigurer$InitializeUserDetailsManagerConfigurer] - Global AuthenticationManager configured with UserDetailsService bean with name memberDetailsService
2026-09-17 11:59:20 INFO  [coyote.http11.Http11NioProtocol] - Starting ProtocolHandler ["http-nio-8090"]
2026-09-17 11:59:20 INFO  [boot.tomcat.TomcatWebServer] - Tomcat started on port 8090 (http) with context path '/'
2026-09-17 11:59:20 INFO  [devtools.autoconfigure.ConditionEvaluationDeltaLoggingListener] - Condition evaluation unchanged
2026-09-17 11:59:20 INFO  [[Tomcat].[localhost].[/]] - Initializing Spring DispatcherServlet 'dispatcherServlet'
2026-09-17 11:59:20 INFO  [web.servlet.DispatcherServlet] - Initializing Servlet 'dispatcherServlet'
2026-09-17 11:59:20 INFO  [web.servlet.DispatcherServlet] - Completed initialization in 1 ms
2026-09-17 11:59:21 INFO  [devtools.autoconfigure.LocalDevToolsAutoConfiguration$RestartingClassPathChangeChangedEventListener] - Restarting due to 2 class path changes (2 additions, 0 deletions, 0 modifications)
2026-09-17 11:59:21 INFO  [boot.tomcat.GracefulShutdown] - Commencing graceful shutdown. Waiting for active requests to complete
2026-09-17 11:59:21 INFO  [coyote.http11.Http11NioProtocol] - Pausing ProtocolHandler ["http-nio-8090"]
2026-09-17 11:59:21 INFO  [boot.tomcat.GracefulShutdown] - Graceful shutdown complete
2026-09-17 11:59:21 INFO  [coyote.http11.Http11NioProtocol] - Stopping ProtocolHandler ["http-nio-8090"]
2026-09-17 11:59:21 INFO  [orm.jpa.LocalContainerEntityManagerFactoryBean] - Closing JPA EntityManagerFactory for persistence unit 'default'
2026-09-17 11:59:21 INFO  [zaxxer.hikari.HikariDataSource] - HikariPool-2 - Shutdown initiated...
2026-09-17 11:59:21 INFO  [zaxxer.hikari.HikariDataSource] - HikariPool-2 - Shutdown completed.
2026-09-17 11:59:22 INFO  [repository.config.RepositoryConfigurationDelegate] - Bootstrapping Spring Data JPA repositories in DEFAULT mode.
2026-09-17 11:59:22 INFO  [repository.config.RepositoryConfigurationDelegate] - Finished Spring Data repository scanning in 10 ms. Found 2 JPA repository interfaces.
2026-09-17 11:59:22 INFO  [boot.tomcat.TomcatWebServer] - Tomcat initialized with port 8090 (http)
2026-09-17 11:59:22 INFO  [coyote.http11.Http11NioProtocol] - Initializing ProtocolHandler ["http-nio-8090"]
2026-09-17 11:59:22 INFO  [catalina.core.StandardService] - Starting service [Tomcat]
2026-09-17 11:59:22 INFO  [catalina.core.StandardEngine] - Starting Servlet engine: [Apache Tomcat/11.0.24]
2026-09-17 11:59:22 INFO  [context.servlet.WebApplicationContextInitializer] - Root WebApplicationContext: initialization completed in 401 ms
2026-09-17 11:59:22 INFO  [hibernate.orm.jpa] - HHH008540: Processing PersistenceUnitInfo [name: default]
2026-09-17 11:59:22 INFO  [jpa.persistenceunit.SpringPersistenceUnitInfo] - No LoadTimeWeaver setup: ignoring JPA class transformer
2026-09-17 11:59:22 INFO  [zaxxer.hikari.HikariDataSource] - HikariPool-3 - Starting...
2026-09-17 11:59:22 INFO  [hikari.pool.HikariPool] - HikariPool-3 - Added connection com.mysql.cj.jdbc.ConnectionImpl@2cfb6a1f
2026-09-17 11:59:22 INFO  [zaxxer.hikari.HikariDataSource] - HikariPool-3 - Start completed.
2026-09-17 11:59:22 WARN  [hibernate.orm.deprecation] - HHH90000025: MySQLDialect does not need to be specified explicitly using 'hibernate.dialect' (remove the property setting and it will be selected by default)
2026-09-17 11:59:22 INFO  [orm.connections.pooling] - HHH10001005: Database info:
	Database JDBC URL [jdbc:mysql://localhost:3306/DB_CALENDAR]
	Database driver: MySQL Connector/J
	Database dialect: MySQLDialect
	Database version: 8.0.46
	Default catalog/schema: DB_CALENDAR/undefined
	Autocommit mode: undefined/unknown
	Isolation level: REPEATABLE_READ [default REPEATABLE_READ]
	JDBC fetch size: none
	Pool: DataSourceConnectionProvider
	Minimum pool size: undefined/unknown
	Maximum pool size: undefined/unknown
2026-09-17 11:59:22 INFO  [hibernate.orm.core] - HHH000489: No JTA platform available (set 'hibernate.transaction.jta.platform' to enable JTA platform integration)
2026-09-17 11:59:22 INFO  [orm.jpa.LocalContainerEntityManagerFactoryBean] - Initialized JPA EntityManagerFactory for persistence unit 'default'
2026-09-17 11:59:22 WARN  [jpa.autoconfigure.JpaBaseConfiguration$JpaWebConfiguration] - spring.jpa.open-in-view is enabled by default. Therefore, database queries may be performed during view rendering. Explicitly configure spring.jpa.open-in-view to disable this warning
2026-09-17 11:59:22 INFO  [authentication.configuration.InitializeUserDetailsBeanManagerConfigurer$InitializeUserDetailsManagerConfigurer] - Global AuthenticationManager configured with UserDetailsService bean with name memberDetailsService
2026-09-17 11:59:22 INFO  [coyote.http11.Http11NioProtocol] - Starting ProtocolHandler ["http-nio-8090"]
2026-09-17 11:59:22 INFO  [boot.tomcat.TomcatWebServer] - Tomcat started on port 8090 (http) with context path '/'
2026-09-17 11:59:22 INFO  [devtools.autoconfigure.ConditionEvaluationDeltaLoggingListener] - Condition evaluation unchanged
2026-09-17 12:16:53 INFO  [devtools.autoconfigure.LocalDevToolsAutoConfiguration$RestartingClassPathChangeChangedEventListener] - Restarting due to 14 class path changes (0 additions, 14 deletions, 0 modifications)
2026-09-17 12:16:53 INFO  [boot.tomcat.GracefulShutdown] - Commencing graceful shutdown. Waiting for active requests to complete
2026-09-17 12:16:53 INFO  [coyote.http11.Http11NioProtocol] - Pausing ProtocolHandler ["http-nio-8090"]
2026-09-17 12:16:53 INFO  [boot.tomcat.GracefulShutdown] - Graceful shutdown complete
2026-09-17 12:16:53 INFO  [coyote.http11.Http11NioProtocol] - Stopping ProtocolHandler ["http-nio-8090"]
2026-09-17 12:16:53 INFO  [orm.jpa.LocalContainerEntityManagerFactoryBean] - Closing JPA EntityManagerFactory for persistence unit 'default'
2026-09-17 12:16:53 INFO  [zaxxer.hikari.HikariDataSource] - HikariPool-3 - Shutdown initiated...
2026-09-17 12:16:53 INFO  [zaxxer.hikari.HikariDataSource] - HikariPool-3 - Shutdown completed.
2026-09-17 12:16:54 INFO  [repository.config.RepositoryConfigurationDelegate] - Bootstrapping Spring Data JPA repositories in DEFAULT mode.
2026-09-17 12:16:54 INFO  [repository.config.RepositoryConfigurationDelegate] - Finished Spring Data repository scanning in 13 ms. Found 1 JPA repository interface.
2026-09-17 12:16:54 INFO  [boot.tomcat.TomcatWebServer] - Tomcat initialized with port 8090 (http)
2026-09-17 12:16:54 INFO  [coyote.http11.Http11NioProtocol] - Initializing ProtocolHandler ["http-nio-8090"]
2026-09-17 12:16:54 INFO  [catalina.core.StandardService] - Starting service [Tomcat]
2026-09-17 12:16:54 INFO  [catalina.core.StandardEngine] - Starting Servlet engine: [Apache Tomcat/11.0.24]
2026-09-17 12:16:54 INFO  [context.servlet.WebApplicationContextInitializer] - Root WebApplicationContext: initialization completed in 589 ms
2026-09-17 12:16:54 INFO  [hibernate.orm.jpa] - HHH008540: Processing PersistenceUnitInfo [name: default]
2026-09-17 12:16:54 INFO  [jpa.persistenceunit.SpringPersistenceUnitInfo] - No LoadTimeWeaver setup: ignoring JPA class transformer
2026-09-17 12:16:54 INFO  [zaxxer.hikari.HikariDataSource] - HikariPool-4 - Starting...
2026-09-17 12:16:54 INFO  [hikari.pool.HikariPool] - HikariPool-4 - Added connection com.mysql.cj.jdbc.ConnectionImpl@5eaad2a4
2026-09-17 12:16:54 INFO  [zaxxer.hikari.HikariDataSource] - HikariPool-4 - Start completed.
2026-09-17 12:16:54 WARN  [hibernate.orm.deprecation] - HHH90000025: MySQLDialect does not need to be specified explicitly using 'hibernate.dialect' (remove the property setting and it will be selected by default)
2026-09-17 12:16:54 INFO  [orm.connections.pooling] - HHH10001005: Database info:
	Database JDBC URL [jdbc:mysql://localhost:3306/DB_CALENDAR]
	Database driver: MySQL Connector/J
	Database dialect: MySQLDialect
	Database version: 8.0.46
	Default catalog/schema: DB_CALENDAR/undefined
	Autocommit mode: undefined/unknown
	Isolation level: REPEATABLE_READ [default REPEATABLE_READ]
	JDBC fetch size: none
	Pool: DataSourceConnectionProvider
	Minimum pool size: undefined/unknown
	Maximum pool size: undefined/unknown
2026-09-17 12:16:54 WARN  [servlet.context.AnnotationConfigServletWebServerApplicationContext] - Exception encountered during context initialization - cancelling refresh attempt: org.springframework.beans.factory.BeanCreationException: Error creating bean with name 'entityManagerFactory' defined in class path resource [org/springframework/boot/hibernate/autoconfigure/HibernateJpaConfiguration.class]: com/office/calendar/member/jpa/AuthorityDto
2026-09-17 12:16:54 INFO  [zaxxer.hikari.HikariDataSource] - HikariPool-4 - Shutdown initiated...
2026-09-17 12:16:54 INFO  [zaxxer.hikari.HikariDataSource] - HikariPool-4 - Shutdown completed.
2026-09-17 12:16:54 INFO  [catalina.core.StandardService] - Stopping service [Tomcat]
2026-09-17 12:16:54 INFO  [autoconfigure.logging.ConditionEvaluationReportLogger] - 

Error starting ApplicationContext. To display the condition evaluation report re-run your application with 'debug' enabled.
2026-09-17 12:16:54 ERROR [springframework.boot.SpringApplication] - Application run failed
org.springframework.beans.factory.BeanCreationException: Error creating bean with name 'entityManagerFactory' defined in class path resource [org/springframework/boot/hibernate/autoconfigure/HibernateJpaConfiguration.class]: com/office/calendar/member/jpa/AuthorityDto
	at org.springframework.beans.factory.support.AbstractAutowireCapableBeanFactory.initializeBean(AbstractAutowireCapableBeanFactory.java:1815)
	at org.springframework.beans.factory.support.AbstractAutowireCapableBeanFactory.doCreateBean(AbstractAutowireCapableBeanFactory.java:603)
	at org.springframework.beans.factory.support.AbstractAutowireCapableBeanFactory.createBean(AbstractAutowireCapableBeanFactory.java:525)
	at org.springframework.beans.factory.support.AbstractBeanFactory.lambda$doGetBean$0(AbstractBeanFactory.java:333)
	at org.springframework.beans.factory.support.DefaultSingletonBeanRegistry.getSingleton(DefaultSingletonBeanRegistry.java:371)
	at org.springframework.beans.factory.support.AbstractBeanFactory.doGetBean(AbstractBeanFactory.java:331)
	at org.springframework.beans.factory.support.AbstractBeanFactory.getBean(AbstractBeanFactory.java:201)
	at org.springframework.context.support.AbstractApplicationContext.finishBeanFactoryInitialization(AbstractApplicationContext.java:977)
	at org.springframework.context.support.AbstractApplicationContext.refresh(AbstractApplicationContext.java:621)
	at org.springframework.boot.web.server.servlet.context.ServletWebServerApplicationContext.refresh(ServletWebServerApplicationContext.java:143)
	at org.springframework.boot.SpringApplication.refresh(SpringApplication.java:756)
	at org.springframework.boot.SpringApplication.refreshContext(SpringApplication.java:445)
	at org.springframework.boot.SpringApplication.run(SpringApplication.java:321)
	at org.springframework.boot.SpringApplication.run(SpringApplication.java:1365)
	at org.springframework.boot.SpringApplication.run(SpringApplication.java:1354)
	at com.office.calendaradmin.CalendarAdminApplication.main(CalendarApplication.java:12)
	at java.base/jdk.internal.reflect.NativeMethodAccessorImpl.invoke0(Native Method)
	at java.base/jdk.internal.reflect.NativeMethodAccessorImpl.invoke(NativeMethodAccessorImpl.java:77)
	at java.base/jdk.internal.reflect.DelegatingMethodAccessorImpl.invoke(DelegatingMethodAccessorImpl.java:43)
	at java.base/java.lang.reflect.Method.invoke(Method.java:568)
	at org.springframework.boot.devtools.restart.RestartLauncher.run(RestartLauncher.java:52)
Caused by: java.lang.NoClassDefFoundError: com/office/calendar/member/jpa/AuthorityDto
	at java.base/java.lang.Class.getDeclaredMethods0(Native Method)
	at java.base/java.lang.Class.privateGetDeclaredMethods(Class.java:3404)
	at java.base/java.lang.Class.getDeclaredMethods(Class.java:2506)
	at org.hibernate.models.internal.jdk.JdkClassDetails.getMethods(JdkClassDetails.java:216)
	at org.hibernate.boot.model.internal.InheritanceState.determineAccessTypeFromId(InheritanceState.java:304)
	at org.hibernate.boot.model.internal.InheritanceState.determineDefaultAccessType(InheritanceState.java:261)
	at org.hibernate.boot.model.internal.InheritanceState.getElementsToProcess(InheritanceState.java:232)
	at org.hibernate.boot.model.internal.InheritanceState.postProcess(InheritanceState.java:165)
	at org.hibernate.boot.model.internal.EntityBinder.handleIdentifier(EntityBinder.java:434)
	at org.hibernate.boot.model.internal.EntityBinder.bindEntityClass(EntityBinder.java:259)
	at org.hibernate.boot.model.internal.AnnotationBinder.bindClass(AnnotationBinder.java:247)
	at org.hibernate.boot.model.source.internal.annotations.AnnotationMetadataSourceProcessorImpl.processEntityHierarchies(AnnotationMetadataSourceProcessorImpl.java:197)
	at org.hibernate.boot.model.process.spi.MetadataBuildingProcess$1.processEntityHierarchies(MetadataBuildingProcess.java:323)
	at org.hibernate.boot.model.process.spi.MetadataBuildingProcess.coordinateProcessors(MetadataBuildingProcess.java:356)
	at org.hibernate.boot.model.process.spi.MetadataBuildingProcess.complete(MetadataBuildingProcess.java:209)
	at org.hibernate.jpa.boot.internal.EntityManagerFactoryBuilderImpl.metadata(EntityManagerFactoryBuilderImpl.java:1388)
	at org.hibernate.jpa.boot.internal.EntityManagerFactoryBuilderImpl.populateSessionFactoryBuilder(EntityManagerFactoryBuilderImpl.java:1468)
	at org.hibernate.jpa.boot.internal.EntityManagerFactoryBuilderImpl.build(EntityManagerFactoryBuilderImpl.java:1450)
	at org.springframework.orm.jpa.vendor.SpringHibernateJpaPersistenceProvider.createContainerEntityManagerFactory(SpringHibernateJpaPersistenceProvider.java:93)
	at org.springframework.orm.jpa.LocalContainerEntityManagerFactoryBean.createNativeEntityManagerFactory(LocalContainerEntityManagerFactoryBean.java:443)
	at org.springframework.orm.jpa.AbstractEntityManagerFactoryBean.buildNativeEntityManagerFactory(AbstractEntityManagerFactoryBean.java:436)
	at org.springframework.orm.jpa.AbstractEntityManagerFactoryBean.afterPropertiesSet(AbstractEntityManagerFactoryBean.java:411)
	at org.springframework.orm.jpa.LocalContainerEntityManagerFactoryBean.afterPropertiesSet(LocalContainerEntityManagerFactoryBean.java:419)
	at org.springframework.beans.factory.support.AbstractAutowireCapableBeanFactory.invokeInitMethods(AbstractAutowireCapableBeanFactory.java:1862)
	at org.springframework.beans.factory.support.AbstractAutowireCapableBeanFactory.initializeBean(AbstractAutowireCapableBeanFactory.java:1811)
	... 20 more
Caused by: java.lang.ClassNotFoundException: com.office.calendaradmin.member.jpa.AuthorityDto
	at java.base/jdk.internal.loader.BuiltinClassLoader.loadClass(BuiltinClassLoader.java:641)
	at java.base/jdk.internal.loader.ClassLoaders$AppClassLoader.loadClass(ClassLoaders.java:188)
	at java.base/java.lang.ClassLoader.loadClass(ClassLoader.java:525)
	at java.base/java.lang.Class.forName0(Native Method)
	at java.base/java.lang.Class.forName(Class.java:469)
	at org.springframework.boot.devtools.restart.classloader.RestartClassLoader.loadClass(RestartClassLoader.java:123)
	at java.base/java.lang.ClassLoader.loadClass(ClassLoader.java:525)
	... 45 more
2026-09-17 12:16:56 INFO  [repository.config.RepositoryConfigurationDelegate] - Bootstrapping Spring Data JPA repositories in DEFAULT mode.
2026-09-17 12:16:56 INFO  [repository.config.RepositoryConfigurationDelegate] - Finished Spring Data repository scanning in 9 ms. Found 2 JPA repository interfaces.
2026-09-17 12:16:56 INFO  [boot.tomcat.TomcatWebServer] - Tomcat initialized with port 8090 (http)
2026-09-17 12:16:56 INFO  [coyote.http11.Http11NioProtocol] - Initializing ProtocolHandler ["http-nio-8090"]
2026-09-17 12:16:56 INFO  [catalina.core.StandardService] - Starting service [Tomcat]
2026-09-17 12:16:56 INFO  [catalina.core.StandardEngine] - Starting Servlet engine: [Apache Tomcat/11.0.24]
2026-09-17 12:16:56 INFO  [context.servlet.WebApplicationContextInitializer] - Root WebApplicationContext: initialization completed in 317 ms
2026-09-17 12:16:56 INFO  [hibernate.orm.jpa] - HHH008540: Processing PersistenceUnitInfo [name: default]
2026-09-17 12:16:56 INFO  [jpa.persistenceunit.SpringPersistenceUnitInfo] - No LoadTimeWeaver setup: ignoring JPA class transformer
2026-09-17 12:16:56 INFO  [zaxxer.hikari.HikariDataSource] - HikariPool-5 - Starting...
2026-09-17 12:16:56 INFO  [hikari.pool.HikariPool] - HikariPool-5 - Added connection com.mysql.cj.jdbc.ConnectionImpl@1367f238
2026-09-17 12:16:56 INFO  [zaxxer.hikari.HikariDataSource] - HikariPool-5 - Start completed.
2026-09-17 12:16:56 WARN  [hibernate.orm.deprecation] - HHH90000025: MySQLDialect does not need to be specified explicitly using 'hibernate.dialect' (remove the property setting and it will be selected by default)
2026-09-17 12:16:56 INFO  [orm.connections.pooling] - HHH10001005: Database info:
	Database JDBC URL [jdbc:mysql://localhost:3306/DB_CALENDAR]
	Database driver: MySQL Connector/J
	Database dialect: MySQLDialect
	Database version: 8.0.46
	Default catalog/schema: DB_CALENDAR/undefined
	Autocommit mode: undefined/unknown
	Isolation level: REPEATABLE_READ [default REPEATABLE_READ]
	JDBC fetch size: none
	Pool: DataSourceConnectionProvider
	Minimum pool size: undefined/unknown
	Maximum pool size: undefined/unknown
2026-09-17 12:16:56 INFO  [hibernate.orm.core] - HHH000489: No JTA platform available (set 'hibernate.transaction.jta.platform' to enable JTA platform integration)
2026-09-17 12:16:56 INFO  [orm.jpa.LocalContainerEntityManagerFactoryBean] - Initialized JPA EntityManagerFactory for persistence unit 'default'
2026-09-17 12:16:56 WARN  [jpa.autoconfigure.JpaBaseConfiguration$JpaWebConfiguration] - spring.jpa.open-in-view is enabled by default. Therefore, database queries may be performed during view rendering. Explicitly configure spring.jpa.open-in-view to disable this warning
2026-09-17 12:16:56 INFO  [authentication.configuration.InitializeUserDetailsBeanManagerConfigurer$InitializeUserDetailsManagerConfigurer] - Global AuthenticationManager configured with UserDetailsService bean with name memberDetailsService
2026-09-17 12:16:56 INFO  [coyote.http11.Http11NioProtocol] - Starting ProtocolHandler ["http-nio-8090"]
2026-09-17 12:16:56 INFO  [boot.tomcat.TomcatWebServer] - Tomcat started on port 8090 (http) with context path '/'
2026-09-17 12:16:56 INFO  [devtools.autoconfigure.ConditionEvaluationDeltaLoggingListener] - Condition evaluation unchanged
2026-09-17 12:23:12 INFO  [boot.tomcat.GracefulShutdown] - Commencing graceful shutdown. Waiting for active requests to complete
2026-09-17 12:23:13 INFO  [boot.tomcat.GracefulShutdown] - Graceful shutdown complete
2026-09-17 12:23:13 INFO  [orm.jpa.LocalContainerEntityManagerFactoryBean] - Closing JPA EntityManagerFactory for persistence unit 'default'
2026-09-17 12:23:13 INFO  [zaxxer.hikari.HikariDataSource] - HikariPool-5 - Shutdown initiated...
2026-09-17 12:23:13 INFO  [zaxxer.hikari.HikariDataSource] - HikariPool-5 - Shutdown completed.
2026-09-17 12:23:18 INFO  [devtools.env.DevToolsPropertyDefaultsPostProcessor] - Devtools property defaults active! Set 'spring.devtools.add-properties' to 'false' to disable
2026-09-17 12:23:18 INFO  [devtools.env.DevToolsPropertyDefaultsPostProcessor] - For additional web related logging consider setting the 'logging.level.web' property to 'DEBUG'
2026-09-17 12:23:19 INFO  [repository.config.RepositoryConfigurationDelegate] - Bootstrapping Spring Data JPA repositories in DEFAULT mode.
2026-09-17 12:23:19 INFO  [repository.config.RepositoryConfigurationDelegate] - Finished Spring Data repository scanning in 44 ms. Found 2 JPA repository interfaces.
2026-09-17 12:23:20 INFO  [boot.tomcat.TomcatWebServer] - Tomcat initialized with port 8090 (http)
2026-09-17 12:23:20 INFO  [coyote.http11.Http11NioProtocol] - Initializing ProtocolHandler ["http-nio-8090"]
2026-09-17 12:23:20 INFO  [catalina.core.StandardService] - Starting service [Tomcat]
2026-09-17 12:23:20 INFO  [catalina.core.StandardEngine] - Starting Servlet engine: [Apache Tomcat/11.0.24]
2026-09-17 12:23:20 INFO  [context.servlet.WebApplicationContextInitializer] - Root WebApplicationContext: initialization completed in 1598 ms
2026-09-17 12:23:20 INFO  [hibernate.orm.jpa] - HHH008540: Processing PersistenceUnitInfo [name: default]
2026-09-17 12:23:20 INFO  [hibernate.orm.core] - HHH000001: Hibernate ORM core version 7.4.5.Final
2026-09-17 12:23:21 INFO  [jpa.persistenceunit.SpringPersistenceUnitInfo] - No LoadTimeWeaver setup: ignoring JPA class transformer
2026-09-17 12:23:21 INFO  [zaxxer.hikari.HikariDataSource] - HikariPool-1 - Starting...
2026-09-17 12:23:21 INFO  [hikari.pool.HikariPool] - HikariPool-1 - Added connection com.mysql.cj.jdbc.ConnectionImpl@3d699ac
2026-09-17 12:23:21 INFO  [zaxxer.hikari.HikariDataSource] - HikariPool-1 - Start completed.
2026-09-17 12:23:21 WARN  [hibernate.orm.deprecation] - HHH90000025: MySQLDialect does not need to be specified explicitly using 'hibernate.dialect' (remove the property setting and it will be selected by default)
2026-09-17 12:23:21 INFO  [orm.connections.pooling] - HHH10001005: Database info:
	Database JDBC URL [jdbc:mysql://localhost:3306/DB_CALENDAR]
	Database driver: MySQL Connector/J
	Database dialect: MySQLDialect
	Database version: 8.0.46
	Default catalog/schema: DB_CALENDAR/undefined
	Autocommit mode: undefined/unknown
	Isolation level: REPEATABLE_READ [default REPEATABLE_READ]
	JDBC fetch size: none
	Pool: DataSourceConnectionProvider
	Minimum pool size: undefined/unknown
	Maximum pool size: undefined/unknown
2026-09-17 12:23:22 INFO  [hibernate.orm.core] - HHH000489: No JTA platform available (set 'hibernate.transaction.jta.platform' to enable JTA platform integration)
2026-09-17 12:23:22 WARN  [schema.internal.ExceptionHandlerLoggedImpl] - GenerationTarget encountered exception accepting command : Error executing DDL "
    alter table user_member 
       add constraint FK5yi94mub7yelh1efo6dm5k9f1 
       foreign key (authority_no) 
       references user_authority (no)" via JDBC [Referencing column 'authority_no' and referenced column 'no' in foreign key constraint 'FK5yi94mub7yelh1efo6dm5k9f1' are incompatible.]
org.hibernate.tool.schema.spi.CommandAcceptanceException: Error executing DDL "
    alter table user_member 
       add constraint FK5yi94mub7yelh1efo6dm5k9f1 
       foreign key (authority_no) 
       references user_authority (no)" via JDBC [Referencing column 'authority_no' and referenced column 'no' in foreign key constraint 'FK5yi94mub7yelh1efo6dm5k9f1' are incompatible.]
	at org.hibernate.tool.schema.internal.exec.GenerationTargetToDatabase.accept(GenerationTargetToDatabase.java:91)
	at org.hibernate.tool.schema.internal.AbstractSchemaMigrator.applySqlString(AbstractSchemaMigrator.java:566)
	at org.hibernate.tool.schema.internal.AbstractSchemaMigrator.applySqlStrings(AbstractSchemaMigrator.java:506)
	at org.hibernate.tool.schema.internal.AbstractSchemaMigrator.applyForeignKeys(AbstractSchemaMigrator.java:438)
	at org.hibernate.tool.schema.internal.AbstractSchemaMigrator.performMigration(AbstractSchemaMigrator.java:256)
	at org.hibernate.tool.schema.internal.AbstractSchemaMigrator.doMigration(AbstractSchemaMigrator.java:96)
	at org.hibernate.tool.schema.spi.SchemaManagementToolCoordinator.performDatabaseAction(SchemaManagementToolCoordinator.java:269)
	at org.hibernate.tool.schema.spi.SchemaManagementToolCoordinator.lambda$process$1(SchemaManagementToolCoordinator.java:101)
	at java.base/java.util.HashMap.forEach(HashMap.java:1421)
	at org.hibernate.tool.schema.spi.SchemaManagementToolCoordinator.process(SchemaManagementToolCoordinator.java:100)
	at org.hibernate.boot.internal.SessionFactoryObserverForSchemaExport.sessionFactoryCreated(SessionFactoryObserverForSchemaExport.java:35)
	at org.hibernate.internal.SessionFactoryObserverChain.sessionFactoryCreated(SessionFactoryObserverChain.java:33)
	at org.hibernate.internal.SessionFactoryImpl.<init>(SessionFactoryImpl.java:327)
	at org.hibernate.internal.SessionFactoryRegistry.instantiateSessionFactory(SessionFactoryRegistry.java:64)
	at org.hibernate.boot.internal.SessionFactoryBuilderImpl.build(SessionFactoryBuilderImpl.java:458)
	at org.hibernate.jpa.boot.internal.EntityManagerFactoryBuilderImpl.build(EntityManagerFactoryBuilderImpl.java:1452)
	at org.springframework.orm.jpa.vendor.SpringHibernateJpaPersistenceProvider.createContainerEntityManagerFactory(SpringHibernateJpaPersistenceProvider.java:93)
	at org.springframework.orm.jpa.LocalContainerEntityManagerFactoryBean.createNativeEntityManagerFactory(LocalContainerEntityManagerFactoryBean.java:443)
	at org.springframework.orm.jpa.AbstractEntityManagerFactoryBean.buildNativeEntityManagerFactory(AbstractEntityManagerFactoryBean.java:436)
	at org.springframework.orm.jpa.AbstractEntityManagerFactoryBean.afterPropertiesSet(AbstractEntityManagerFactoryBean.java:411)
	at org.springframework.orm.jpa.LocalContainerEntityManagerFactoryBean.afterPropertiesSet(LocalContainerEntityManagerFactoryBean.java:419)
	at org.springframework.beans.factory.support.AbstractAutowireCapableBeanFactory.invokeInitMethods(AbstractAutowireCapableBeanFactory.java:1862)
	at org.springframework.beans.factory.support.AbstractAutowireCapableBeanFactory.initializeBean(AbstractAutowireCapableBeanFactory.java:1811)
	at org.springframework.beans.factory.support.AbstractAutowireCapableBeanFactory.doCreateBean(AbstractAutowireCapableBeanFactory.java:603)
	at org.springframework.beans.factory.support.AbstractAutowireCapableBeanFactory.createBean(AbstractAutowireCapableBeanFactory.java:525)
	at org.springframework.beans.factory.support.AbstractBeanFactory.lambda$doGetBean$0(AbstractBeanFactory.java:333)
	at org.springframework.beans.factory.support.DefaultSingletonBeanRegistry.getSingleton(DefaultSingletonBeanRegistry.java:371)
	at org.springframework.beans.factory.support.AbstractBeanFactory.doGetBean(AbstractBeanFactory.java:331)
	at org.springframework.beans.factory.support.AbstractBeanFactory.getBean(AbstractBeanFactory.java:201)
	at org.springframework.context.support.AbstractApplicationContext.finishBeanFactoryInitialization(AbstractApplicationContext.java:977)
	at org.springframework.context.support.AbstractApplicationContext.refresh(AbstractApplicationContext.java:621)
	at org.springframework.boot.web.server.servlet.context.ServletWebServerApplicationContext.refresh(ServletWebServerApplicationContext.java:143)
	at org.springframework.boot.SpringApplication.refresh(SpringApplication.java:756)
	at org.springframework.boot.SpringApplication.refreshContext(SpringApplication.java:445)
	at org.springframework.boot.SpringApplication.run(SpringApplication.java:321)
	at org.springframework.boot.SpringApplication.run(SpringApplication.java:1365)
	at org.springframework.boot.SpringApplication.run(SpringApplication.java:1354)
	at com.office.calendaradmin.CalendarAdminApplication.main(CalendarApplication.java:12)
	at java.base/jdk.internal.reflect.NativeMethodAccessorImpl.invoke0(Native Method)
	at java.base/jdk.internal.reflect.NativeMethodAccessorImpl.invoke(NativeMethodAccessorImpl.java:77)
	at java.base/jdk.internal.reflect.DelegatingMethodAccessorImpl.invoke(DelegatingMethodAccessorImpl.java:43)
	at java.base/java.lang.reflect.Method.invoke(Method.java:568)
	at org.springframework.boot.devtools.restart.RestartLauncher.run(RestartLauncher.java:52)
Caused by: java.sql.SQLException: Referencing column 'authority_no' and referenced column 'no' in foreign key constraint 'FK5yi94mub7yelh1efo6dm5k9f1' are incompatible.
	at com.mysql.cj.jdbc.exceptions.SQLError.createSQLException(SQLError.java:121)
	at com.mysql.cj.jdbc.exceptions.SQLExceptionsMapping.translateException(SQLExceptionsMapping.java:114)
	at com.mysql.cj.jdbc.StatementImpl.executeInternal(StatementImpl.java:839)
	at com.mysql.cj.jdbc.StatementImpl.execute(StatementImpl.java:687)
	at com.zaxxer.hikari.pool.ProxyStatement.execute(ProxyStatement.java:95)
	at com.zaxxer.hikari.pool.HikariProxyStatement.execute(HikariProxyStatement.java)
	at org.hibernate.tool.schema.internal.exec.GenerationTargetToDatabase.accept(GenerationTargetToDatabase.java:86)
	... 42 more
2026-09-17 12:23:22 INFO  [orm.jpa.LocalContainerEntityManagerFactoryBean] - Initialized JPA EntityManagerFactory for persistence unit 'default'
2026-09-17 12:23:23 INFO  [repository.query.QueryEnhancerFactories] - Hibernate is in classpath; If applicable, HQL parser will be used.
2026-09-17 12:23:23 WARN  [jpa.autoconfigure.JpaBaseConfiguration$JpaWebConfiguration] - spring.jpa.open-in-view is enabled by default. Therefore, database queries may be performed during view rendering. Explicitly configure spring.jpa.open-in-view to disable this warning
2026-09-17 12:23:23 INFO  [authentication.configuration.InitializeUserDetailsBeanManagerConfigurer$InitializeUserDetailsManagerConfigurer] - Global AuthenticationManager configured with UserDetailsService bean with name memberDetailsService
2026-09-17 12:23:24 INFO  [coyote.http11.Http11NioProtocol] - Starting ProtocolHandler ["http-nio-8090"]
2026-09-17 12:23:24 INFO  [boot.tomcat.TomcatWebServer] - Tomcat started on port 8090 (http) with context path '/'
2026-09-17 12:23:33 INFO  [[Tomcat].[localhost].[/]] - Initializing Spring DispatcherServlet 'dispatcherServlet'
2026-09-17 12:23:33 INFO  [web.servlet.DispatcherServlet] - Initializing Servlet 'dispatcherServlet'
2026-09-17 12:23:33 INFO  [web.servlet.DispatcherServlet] - Completed initialization in 1 ms
2026-09-17 12:25:30 INFO  [devtools.autoconfigure.LocalDevToolsAutoConfiguration$RestartingClassPathChangeChangedEventListener] - Restarting due to 1 class path change (0 additions, 0 deletions, 1 modification)
2026-09-17 12:25:30 INFO  [boot.tomcat.GracefulShutdown] - Commencing graceful shutdown. Waiting for active requests to complete
2026-09-17 12:25:30 INFO  [coyote.http11.Http11NioProtocol] - Pausing ProtocolHandler ["http-nio-8090"]
2026-09-17 12:25:30 INFO  [boot.tomcat.GracefulShutdown] - Graceful shutdown complete
2026-09-17 12:25:30 INFO  [coyote.http11.Http11NioProtocol] - Stopping ProtocolHandler ["http-nio-8090"]
2026-09-17 12:25:30 INFO  [orm.jpa.LocalContainerEntityManagerFactoryBean] - Closing JPA EntityManagerFactory for persistence unit 'default'
2026-09-17 12:25:30 INFO  [zaxxer.hikari.HikariDataSource] - HikariPool-1 - Shutdown initiated...
2026-09-17 12:25:30 INFO  [zaxxer.hikari.HikariDataSource] - HikariPool-1 - Shutdown completed.
2026-09-17 12:25:30 INFO  [repository.config.RepositoryConfigurationDelegate] - Bootstrapping Spring Data JPA repositories in DEFAULT mode.
2026-09-17 12:25:30 INFO  [repository.config.RepositoryConfigurationDelegate] - Finished Spring Data repository scanning in 11 ms. Found 2 JPA repository interfaces.
2026-09-17 12:25:31 INFO  [boot.tomcat.TomcatWebServer] - Tomcat initialized with port 8090 (http)
2026-09-17 12:25:31 INFO  [coyote.http11.Http11NioProtocol] - Initializing ProtocolHandler ["http-nio-8090"]
2026-09-17 12:25:31 INFO  [catalina.core.StandardService] - Starting service [Tomcat]
2026-09-17 12:25:31 INFO  [catalina.core.StandardEngine] - Starting Servlet engine: [Apache Tomcat/11.0.24]
2026-09-17 12:25:31 INFO  [context.servlet.WebApplicationContextInitializer] - Root WebApplicationContext: initialization completed in 409 ms
2026-09-17 12:25:31 INFO  [hibernate.orm.jpa] - HHH008540: Processing PersistenceUnitInfo [name: default]
2026-09-17 12:25:31 INFO  [jpa.persistenceunit.SpringPersistenceUnitInfo] - No LoadTimeWeaver setup: ignoring JPA class transformer
2026-09-17 12:25:31 INFO  [zaxxer.hikari.HikariDataSource] - HikariPool-2 - Starting...
2026-09-17 12:25:31 INFO  [hikari.pool.HikariPool] - HikariPool-2 - Added connection com.mysql.cj.jdbc.ConnectionImpl@270b5a84
2026-09-17 12:25:31 INFO  [zaxxer.hikari.HikariDataSource] - HikariPool-2 - Start completed.
2026-09-17 12:25:31 WARN  [hibernate.orm.deprecation] - HHH90000025: MySQLDialect does not need to be specified explicitly using 'hibernate.dialect' (remove the property setting and it will be selected by default)
2026-09-17 12:25:31 INFO  [orm.connections.pooling] - HHH10001005: Database info:
	Database JDBC URL [jdbc:mysql://localhost:3306/DB_CALENDAR]
	Database driver: MySQL Connector/J
	Database dialect: MySQLDialect
	Database version: 8.0.46
	Default catalog/schema: DB_CALENDAR/undefined
	Autocommit mode: undefined/unknown
	Isolation level: REPEATABLE_READ [default REPEATABLE_READ]
	JDBC fetch size: none
	Pool: DataSourceConnectionProvider
	Minimum pool size: undefined/unknown
	Maximum pool size: undefined/unknown
2026-09-17 12:25:31 INFO  [hibernate.orm.core] - HHH000489: No JTA platform available (set 'hibernate.transaction.jta.platform' to enable JTA platform integration)
2026-09-17 12:25:31 WARN  [schema.internal.ExceptionHandlerLoggedImpl] - GenerationTarget encountered exception accepting command : Error executing DDL "
    alter table user_member 
       add constraint FK5yi94mub7yelh1efo6dm5k9f1 
       foreign key (authority_no) 
       references user_authority (no)" via JDBC [Referencing column 'authority_no' and referenced column 'no' in foreign key constraint 'FK5yi94mub7yelh1efo6dm5k9f1' are incompatible.]
org.hibernate.tool.schema.spi.CommandAcceptanceException: Error executing DDL "
    alter table user_member 
       add constraint FK5yi94mub7yelh1efo6dm5k9f1 
       foreign key (authority_no) 
       references user_authority (no)" via JDBC [Referencing column 'authority_no' and referenced column 'no' in foreign key constraint 'FK5yi94mub7yelh1efo6dm5k9f1' are incompatible.]
	at org.hibernate.tool.schema.internal.exec.GenerationTargetToDatabase.accept(GenerationTargetToDatabase.java:91)
	at org.hibernate.tool.schema.internal.AbstractSchemaMigrator.applySqlString(AbstractSchemaMigrator.java:566)
	at org.hibernate.tool.schema.internal.AbstractSchemaMigrator.applySqlStrings(AbstractSchemaMigrator.java:506)
	at org.hibernate.tool.schema.internal.AbstractSchemaMigrator.applyForeignKeys(AbstractSchemaMigrator.java:438)
	at org.hibernate.tool.schema.internal.AbstractSchemaMigrator.performMigration(AbstractSchemaMigrator.java:256)
	at org.hibernate.tool.schema.internal.AbstractSchemaMigrator.doMigration(AbstractSchemaMigrator.java:96)
	at org.hibernate.tool.schema.spi.SchemaManagementToolCoordinator.performDatabaseAction(SchemaManagementToolCoordinator.java:269)
	at org.hibernate.tool.schema.spi.SchemaManagementToolCoordinator.lambda$process$1(SchemaManagementToolCoordinator.java:101)
	at java.base/java.util.HashMap.forEach(HashMap.java:1421)
	at org.hibernate.tool.schema.spi.SchemaManagementToolCoordinator.process(SchemaManagementToolCoordinator.java:100)
	at org.hibernate.boot.internal.SessionFactoryObserverForSchemaExport.sessionFactoryCreated(SessionFactoryObserverForSchemaExport.java:35)
	at org.hibernate.internal.SessionFactoryObserverChain.sessionFactoryCreated(SessionFactoryObserverChain.java:33)
	at org.hibernate.internal.SessionFactoryImpl.<init>(SessionFactoryImpl.java:327)
	at org.hibernate.internal.SessionFactoryRegistry.instantiateSessionFactory(SessionFactoryRegistry.java:64)
	at org.hibernate.boot.internal.SessionFactoryBuilderImpl.build(SessionFactoryBuilderImpl.java:458)
	at org.hibernate.jpa.boot.internal.EntityManagerFactoryBuilderImpl.build(EntityManagerFactoryBuilderImpl.java:1452)
	at org.springframework.orm.jpa.vendor.SpringHibernateJpaPersistenceProvider.createContainerEntityManagerFactory(SpringHibernateJpaPersistenceProvider.java:93)
	at org.springframework.orm.jpa.LocalContainerEntityManagerFactoryBean.createNativeEntityManagerFactory(LocalContainerEntityManagerFactoryBean.java:443)
	at org.springframework.orm.jpa.AbstractEntityManagerFactoryBean.buildNativeEntityManagerFactory(AbstractEntityManagerFactoryBean.java:436)
	at org.springframework.orm.jpa.AbstractEntityManagerFactoryBean.afterPropertiesSet(AbstractEntityManagerFactoryBean.java:411)
	at org.springframework.orm.jpa.LocalContainerEntityManagerFactoryBean.afterPropertiesSet(LocalContainerEntityManagerFactoryBean.java:419)
	at org.springframework.beans.factory.support.AbstractAutowireCapableBeanFactory.invokeInitMethods(AbstractAutowireCapableBeanFactory.java:1862)
	at org.springframework.beans.factory.support.AbstractAutowireCapableBeanFactory.initializeBean(AbstractAutowireCapableBeanFactory.java:1811)
	at org.springframework.beans.factory.support.AbstractAutowireCapableBeanFactory.doCreateBean(AbstractAutowireCapableBeanFactory.java:603)
	at org.springframework.beans.factory.support.AbstractAutowireCapableBeanFactory.createBean(AbstractAutowireCapableBeanFactory.java:525)
	at org.springframework.beans.factory.support.AbstractBeanFactory.lambda$doGetBean$0(AbstractBeanFactory.java:333)
	at org.springframework.beans.factory.support.DefaultSingletonBeanRegistry.getSingleton(DefaultSingletonBeanRegistry.java:371)
	at org.springframework.beans.factory.support.AbstractBeanFactory.doGetBean(AbstractBeanFactory.java:331)
	at org.springframework.beans.factory.support.AbstractBeanFactory.getBean(AbstractBeanFactory.java:201)
	at org.springframework.context.support.AbstractApplicationContext.finishBeanFactoryInitialization(AbstractApplicationContext.java:977)
	at org.springframework.context.support.AbstractApplicationContext.refresh(AbstractApplicationContext.java:621)
	at org.springframework.boot.web.server.servlet.context.ServletWebServerApplicationContext.refresh(ServletWebServerApplicationContext.java:143)
	at org.springframework.boot.SpringApplication.refresh(SpringApplication.java:756)
	at org.springframework.boot.SpringApplication.refreshContext(SpringApplication.java:445)
	at org.springframework.boot.SpringApplication.run(SpringApplication.java:321)
	at org.springframework.boot.SpringApplication.run(SpringApplication.java:1365)
	at org.springframework.boot.SpringApplication.run(SpringApplication.java:1354)
	at com.office.calendaradmin.CalendarAdminApplication.main(CalendarApplication.java:12)
	at java.base/jdk.internal.reflect.NativeMethodAccessorImpl.invoke0(Native Method)
	at java.base/jdk.internal.reflect.NativeMethodAccessorImpl.invoke(NativeMethodAccessorImpl.java:77)
	at java.base/jdk.internal.reflect.DelegatingMethodAccessorImpl.invoke(DelegatingMethodAccessorImpl.java:43)
	at java.base/java.lang.reflect.Method.invoke(Method.java:568)
	at org.springframework.boot.devtools.restart.RestartLauncher.run(RestartLauncher.java:52)
Caused by: java.sql.SQLException: Referencing column 'authority_no' and referenced column 'no' in foreign key constraint 'FK5yi94mub7yelh1efo6dm5k9f1' are incompatible.
	at com.mysql.cj.jdbc.exceptions.SQLError.createSQLException(SQLError.java:121)
	at com.mysql.cj.jdbc.exceptions.SQLExceptionsMapping.translateException(SQLExceptionsMapping.java:114)
	at com.mysql.cj.jdbc.StatementImpl.executeInternal(StatementImpl.java:839)
	at com.mysql.cj.jdbc.StatementImpl.execute(StatementImpl.java:687)
	at com.zaxxer.hikari.pool.ProxyStatement.execute(ProxyStatement.java:95)
	at com.zaxxer.hikari.pool.HikariProxyStatement.execute(HikariProxyStatement.java)
	at org.hibernate.tool.schema.internal.exec.GenerationTargetToDatabase.accept(GenerationTargetToDatabase.java:86)
	... 42 more
2026-09-17 12:25:31 INFO  [orm.jpa.LocalContainerEntityManagerFactoryBean] - Initialized JPA EntityManagerFactory for persistence unit 'default'
2026-09-17 12:25:31 WARN  [jpa.autoconfigure.JpaBaseConfiguration$JpaWebConfiguration] - spring.jpa.open-in-view is enabled by default. Therefore, database queries may be performed during view rendering. Explicitly configure spring.jpa.open-in-view to disable this warning
2026-09-17 12:25:31 INFO  [authentication.configuration.InitializeUserDetailsBeanManagerConfigurer$InitializeUserDetailsManagerConfigurer] - Global AuthenticationManager configured with UserDetailsService bean with name memberDetailsService
2026-09-17 12:25:31 INFO  [coyote.http11.Http11NioProtocol] - Starting ProtocolHandler ["http-nio-8090"]
2026-09-17 12:25:31 INFO  [boot.tomcat.TomcatWebServer] - Tomcat started on port 8090 (http) with context path '/'
2026-09-17 12:25:31 INFO  [devtools.autoconfigure.ConditionEvaluationDeltaLoggingListener] - Condition evaluation unchanged
2026-09-17 12:26:13 INFO  [boot.tomcat.GracefulShutdown] - Commencing graceful shutdown. Waiting for active requests to complete
2026-09-17 12:26:13 INFO  [boot.tomcat.GracefulShutdown] - Graceful shutdown complete
2026-09-17 12:26:13 INFO  [orm.jpa.LocalContainerEntityManagerFactoryBean] - Closing JPA EntityManagerFactory for persistence unit 'default'
2026-09-17 12:26:13 INFO  [zaxxer.hikari.HikariDataSource] - HikariPool-2 - Shutdown initiated...
2026-09-17 12:26:13 INFO  [zaxxer.hikari.HikariDataSource] - HikariPool-2 - Shutdown completed.
2026-09-17 12:26:17 INFO  [devtools.env.DevToolsPropertyDefaultsPostProcessor] - Devtools property defaults active! Set 'spring.devtools.add-properties' to 'false' to disable
2026-09-17 12:26:17 INFO  [devtools.env.DevToolsPropertyDefaultsPostProcessor] - For additional web related logging consider setting the 'logging.level.web' property to 'DEBUG'
2026-09-17 12:26:18 INFO  [repository.config.RepositoryConfigurationDelegate] - Bootstrapping Spring Data JPA repositories in DEFAULT mode.
2026-09-17 12:26:18 INFO  [repository.config.RepositoryConfigurationDelegate] - Finished Spring Data repository scanning in 43 ms. Found 2 JPA repository interfaces.
2026-09-17 12:26:18 INFO  [boot.tomcat.TomcatWebServer] - Tomcat initialized with port 8090 (http)
2026-09-17 12:26:19 INFO  [coyote.http11.Http11NioProtocol] - Initializing ProtocolHandler ["http-nio-8090"]
2026-09-17 12:26:19 INFO  [catalina.core.StandardService] - Starting service [Tomcat]
2026-09-17 12:26:19 INFO  [catalina.core.StandardEngine] - Starting Servlet engine: [Apache Tomcat/11.0.24]
2026-09-17 12:26:19 INFO  [context.servlet.WebApplicationContextInitializer] - Root WebApplicationContext: initialization completed in 1573 ms
2026-09-17 12:26:19 INFO  [hibernate.orm.jpa] - HHH008540: Processing PersistenceUnitInfo [name: default]
2026-09-17 12:26:19 INFO  [hibernate.orm.core] - HHH000001: Hibernate ORM core version 7.4.5.Final
2026-09-17 12:26:19 INFO  [jpa.persistenceunit.SpringPersistenceUnitInfo] - No LoadTimeWeaver setup: ignoring JPA class transformer
2026-09-17 12:26:19 INFO  [zaxxer.hikari.HikariDataSource] - HikariPool-1 - Starting...
2026-09-17 12:26:20 INFO  [hikari.pool.HikariPool] - HikariPool-1 - Added connection com.mysql.cj.jdbc.ConnectionImpl@75ff0845
2026-09-17 12:26:20 INFO  [zaxxer.hikari.HikariDataSource] - HikariPool-1 - Start completed.
2026-09-17 12:26:20 WARN  [hibernate.orm.deprecation] - HHH90000025: MySQLDialect does not need to be specified explicitly using 'hibernate.dialect' (remove the property setting and it will be selected by default)
2026-09-17 12:26:20 INFO  [orm.connections.pooling] - HHH10001005: Database info:
	Database JDBC URL [jdbc:mysql://localhost:3306/DB_CALENDAR]
	Database driver: MySQL Connector/J
	Database dialect: MySQLDialect
	Database version: 8.0.46
	Default catalog/schema: DB_CALENDAR/undefined
	Autocommit mode: undefined/unknown
	Isolation level: REPEATABLE_READ [default REPEATABLE_READ]
	JDBC fetch size: none
	Pool: DataSourceConnectionProvider
	Minimum pool size: undefined/unknown
	Maximum pool size: undefined/unknown
2026-09-17 12:26:21 INFO  [hibernate.orm.core] - HHH000489: No JTA platform available (set 'hibernate.transaction.jta.platform' to enable JTA platform integration)
2026-09-17 12:26:21 WARN  [schema.internal.ExceptionHandlerLoggedImpl] - GenerationTarget encountered exception accepting command : Error executing DDL "
    alter table user_member 
       add constraint FK5yi94mub7yelh1efo6dm5k9f1 
       foreign key (authority_no) 
       references user_authority (no)" via JDBC [Referencing column 'authority_no' and referenced column 'no' in foreign key constraint 'FK5yi94mub7yelh1efo6dm5k9f1' are incompatible.]
org.hibernate.tool.schema.spi.CommandAcceptanceException: Error executing DDL "
    alter table user_member 
       add constraint FK5yi94mub7yelh1efo6dm5k9f1 
       foreign key (authority_no) 
       references user_authority (no)" via JDBC [Referencing column 'authority_no' and referenced column 'no' in foreign key constraint 'FK5yi94mub7yelh1efo6dm5k9f1' are incompatible.]
	at org.hibernate.tool.schema.internal.exec.GenerationTargetToDatabase.accept(GenerationTargetToDatabase.java:91)
	at org.hibernate.tool.schema.internal.AbstractSchemaMigrator.applySqlString(AbstractSchemaMigrator.java:566)
	at org.hibernate.tool.schema.internal.AbstractSchemaMigrator.applySqlStrings(AbstractSchemaMigrator.java:506)
	at org.hibernate.tool.schema.internal.AbstractSchemaMigrator.applyForeignKeys(AbstractSchemaMigrator.java:438)
	at org.hibernate.tool.schema.internal.AbstractSchemaMigrator.performMigration(AbstractSchemaMigrator.java:256)
	at org.hibernate.tool.schema.internal.AbstractSchemaMigrator.doMigration(AbstractSchemaMigrator.java:96)
	at org.hibernate.tool.schema.spi.SchemaManagementToolCoordinator.performDatabaseAction(SchemaManagementToolCoordinator.java:269)
	at org.hibernate.tool.schema.spi.SchemaManagementToolCoordinator.lambda$process$1(SchemaManagementToolCoordinator.java:101)
	at java.base/java.util.HashMap.forEach(HashMap.java:1421)
	at org.hibernate.tool.schema.spi.SchemaManagementToolCoordinator.process(SchemaManagementToolCoordinator.java:100)
	at org.hibernate.boot.internal.SessionFactoryObserverForSchemaExport.sessionFactoryCreated(SessionFactoryObserverForSchemaExport.java:35)
	at org.hibernate.internal.SessionFactoryObserverChain.sessionFactoryCreated(SessionFactoryObserverChain.java:33)
	at org.hibernate.internal.SessionFactoryImpl.<init>(SessionFactoryImpl.java:327)
	at org.hibernate.internal.SessionFactoryRegistry.instantiateSessionFactory(SessionFactoryRegistry.java:64)
	at org.hibernate.boot.internal.SessionFactoryBuilderImpl.build(SessionFactoryBuilderImpl.java:458)
	at org.hibernate.jpa.boot.internal.EntityManagerFactoryBuilderImpl.build(EntityManagerFactoryBuilderImpl.java:1452)
	at org.springframework.orm.jpa.vendor.SpringHibernateJpaPersistenceProvider.createContainerEntityManagerFactory(SpringHibernateJpaPersistenceProvider.java:93)
	at org.springframework.orm.jpa.LocalContainerEntityManagerFactoryBean.createNativeEntityManagerFactory(LocalContainerEntityManagerFactoryBean.java:443)
	at org.springframework.orm.jpa.AbstractEntityManagerFactoryBean.buildNativeEntityManagerFactory(AbstractEntityManagerFactoryBean.java:436)
	at org.springframework.orm.jpa.AbstractEntityManagerFactoryBean.afterPropertiesSet(AbstractEntityManagerFactoryBean.java:411)
	at org.springframework.orm.jpa.LocalContainerEntityManagerFactoryBean.afterPropertiesSet(LocalContainerEntityManagerFactoryBean.java:419)
	at org.springframework.beans.factory.support.AbstractAutowireCapableBeanFactory.invokeInitMethods(AbstractAutowireCapableBeanFactory.java:1862)
	at org.springframework.beans.factory.support.AbstractAutowireCapableBeanFactory.initializeBean(AbstractAutowireCapableBeanFactory.java:1811)
	at org.springframework.beans.factory.support.AbstractAutowireCapableBeanFactory.doCreateBean(AbstractAutowireCapableBeanFactory.java:603)
	at org.springframework.beans.factory.support.AbstractAutowireCapableBeanFactory.createBean(AbstractAutowireCapableBeanFactory.java:525)
	at org.springframework.beans.factory.support.AbstractBeanFactory.lambda$doGetBean$0(AbstractBeanFactory.java:333)
	at org.springframework.beans.factory.support.DefaultSingletonBeanRegistry.getSingleton(DefaultSingletonBeanRegistry.java:371)
	at org.springframework.beans.factory.support.AbstractBeanFactory.doGetBean(AbstractBeanFactory.java:331)
	at org.springframework.beans.factory.support.AbstractBeanFactory.getBean(AbstractBeanFactory.java:201)
	at org.springframework.context.support.AbstractApplicationContext.finishBeanFactoryInitialization(AbstractApplicationContext.java:977)
	at org.springframework.context.support.AbstractApplicationContext.refresh(AbstractApplicationContext.java:621)
	at org.springframework.boot.web.server.servlet.context.ServletWebServerApplicationContext.refresh(ServletWebServerApplicationContext.java:143)
	at org.springframework.boot.SpringApplication.refresh(SpringApplication.java:756)
	at org.springframework.boot.SpringApplication.refreshContext(SpringApplication.java:445)
	at org.springframework.boot.SpringApplication.run(SpringApplication.java:321)
	at org.springframework.boot.SpringApplication.run(SpringApplication.java:1365)
	at org.springframework.boot.SpringApplication.run(SpringApplication.java:1354)
	at com.office.calendaradmin.CalendarAdminApplication.main(CalendarApplication.java:12)
	at java.base/jdk.internal.reflect.NativeMethodAccessorImpl.invoke0(Native Method)
	at java.base/jdk.internal.reflect.NativeMethodAccessorImpl.invoke(NativeMethodAccessorImpl.java:77)
	at java.base/jdk.internal.reflect.DelegatingMethodAccessorImpl.invoke(DelegatingMethodAccessorImpl.java:43)
	at java.base/java.lang.reflect.Method.invoke(Method.java:568)
	at org.springframework.boot.devtools.restart.RestartLauncher.run(RestartLauncher.java:52)
Caused by: java.sql.SQLException: Referencing column 'authority_no' and referenced column 'no' in foreign key constraint 'FK5yi94mub7yelh1efo6dm5k9f1' are incompatible.
	at com.mysql.cj.jdbc.exceptions.SQLError.createSQLException(SQLError.java:121)
	at com.mysql.cj.jdbc.exceptions.SQLExceptionsMapping.translateException(SQLExceptionsMapping.java:114)
	at com.mysql.cj.jdbc.StatementImpl.executeInternal(StatementImpl.java:839)
	at com.mysql.cj.jdbc.StatementImpl.execute(StatementImpl.java:687)
	at com.zaxxer.hikari.pool.ProxyStatement.execute(ProxyStatement.java:95)
	at com.zaxxer.hikari.pool.HikariProxyStatement.execute(HikariProxyStatement.java)
	at org.hibernate.tool.schema.internal.exec.GenerationTargetToDatabase.accept(GenerationTargetToDatabase.java:86)
	... 42 more
2026-09-17 12:26:21 INFO  [orm.jpa.LocalContainerEntityManagerFactoryBean] - Initialized JPA EntityManagerFactory for persistence unit 'default'
2026-09-17 12:26:22 INFO  [repository.query.QueryEnhancerFactories] - Hibernate is in classpath; If applicable, HQL parser will be used.
2026-09-17 12:26:22 WARN  [jpa.autoconfigure.JpaBaseConfiguration$JpaWebConfiguration] - spring.jpa.open-in-view is enabled by default. Therefore, database queries may be performed during view rendering. Explicitly configure spring.jpa.open-in-view to disable this warning
2026-09-17 12:26:22 INFO  [authentication.configuration.InitializeUserDetailsBeanManagerConfigurer$InitializeUserDetailsManagerConfigurer] - Global AuthenticationManager configured with UserDetailsService bean with name memberDetailsService
2026-09-17 12:26:23 INFO  [coyote.http11.Http11NioProtocol] - Starting ProtocolHandler ["http-nio-8090"]
2026-09-17 12:26:23 INFO  [boot.tomcat.TomcatWebServer] - Tomcat started on port 8090 (http) with context path '/'
2026-09-17 12:26:26 INFO  [[Tomcat].[localhost].[/]] - Initializing Spring DispatcherServlet 'dispatcherServlet'
2026-09-17 12:26:26 INFO  [web.servlet.DispatcherServlet] - Initializing Servlet 'dispatcherServlet'
2026-09-17 12:26:26 INFO  [web.servlet.DispatcherServlet] - Completed initialization in 1 ms
2026-09-17 12:30:03 INFO  [devtools.autoconfigure.LocalDevToolsAutoConfiguration$RestartingClassPathChangeChangedEventListener] - Restarting due to 22 class path changes (0 additions, 0 deletions, 22 modifications)
2026-09-17 12:30:03 INFO  [boot.tomcat.GracefulShutdown] - Commencing graceful shutdown. Waiting for active requests to complete
2026-09-17 12:30:03 INFO  [coyote.http11.Http11NioProtocol] - Pausing ProtocolHandler ["http-nio-8090"]
2026-09-17 12:30:03 INFO  [boot.tomcat.GracefulShutdown] - Graceful shutdown complete
2026-09-17 12:30:03 INFO  [coyote.http11.Http11NioProtocol] - Stopping ProtocolHandler ["http-nio-8090"]
2026-09-17 12:30:03 INFO  [orm.jpa.LocalContainerEntityManagerFactoryBean] - Closing JPA EntityManagerFactory for persistence unit 'default'
2026-09-17 12:30:03 INFO  [zaxxer.hikari.HikariDataSource] - HikariPool-1 - Shutdown initiated...
2026-09-17 12:30:03 INFO  [zaxxer.hikari.HikariDataSource] - HikariPool-1 - Shutdown completed.
2026-09-17 12:30:03 INFO  [repository.config.RepositoryConfigurationDelegate] - Bootstrapping Spring Data JPA repositories in DEFAULT mode.
2026-09-17 12:30:03 INFO  [repository.config.RepositoryConfigurationDelegate] - Finished Spring Data repository scanning in 12 ms. Found 2 JPA repository interfaces.
2026-09-17 12:30:04 INFO  [boot.tomcat.TomcatWebServer] - Tomcat initialized with port 8090 (http)
2026-09-17 12:30:04 INFO  [coyote.http11.Http11NioProtocol] - Initializing ProtocolHandler ["http-nio-8090"]
2026-09-17 12:30:04 INFO  [catalina.core.StandardService] - Starting service [Tomcat]
2026-09-17 12:30:04 INFO  [catalina.core.StandardEngine] - Starting Servlet engine: [Apache Tomcat/11.0.24]
2026-09-17 12:30:04 INFO  [context.servlet.WebApplicationContextInitializer] - Root WebApplicationContext: initialization completed in 390 ms
2026-09-17 12:30:04 INFO  [hibernate.orm.jpa] - HHH008540: Processing PersistenceUnitInfo [name: default]
2026-09-17 12:30:04 INFO  [jpa.persistenceunit.SpringPersistenceUnitInfo] - No LoadTimeWeaver setup: ignoring JPA class transformer
2026-09-17 12:30:04 INFO  [zaxxer.hikari.HikariDataSource] - HikariPool-2 - Starting...
2026-09-17 12:30:04 INFO  [hikari.pool.HikariPool] - HikariPool-2 - Added connection com.mysql.cj.jdbc.ConnectionImpl@683a1802
2026-09-17 12:30:04 INFO  [zaxxer.hikari.HikariDataSource] - HikariPool-2 - Start completed.
2026-09-17 12:30:04 WARN  [hibernate.orm.deprecation] - HHH90000025: MySQLDialect does not need to be specified explicitly using 'hibernate.dialect' (remove the property setting and it will be selected by default)
2026-09-17 12:30:04 INFO  [orm.connections.pooling] - HHH10001005: Database info:
	Database JDBC URL [jdbc:mysql://localhost:3306/DB_CALENDAR]
	Database driver: MySQL Connector/J
	Database dialect: MySQLDialect
	Database version: 8.0.46
	Default catalog/schema: DB_CALENDAR/undefined
	Autocommit mode: undefined/unknown
	Isolation level: REPEATABLE_READ [default REPEATABLE_READ]
	JDBC fetch size: none
	Pool: DataSourceConnectionProvider
	Minimum pool size: undefined/unknown
	Maximum pool size: undefined/unknown
2026-09-17 12:30:04 INFO  [hibernate.orm.core] - HHH000489: No JTA platform available (set 'hibernate.transaction.jta.platform' to enable JTA platform integration)
2026-09-17 12:30:04 WARN  [schema.internal.ExceptionHandlerLoggedImpl] - GenerationTarget encountered exception accepting command : Error executing DDL "
    alter table user_member 
       add constraint FK5yi94mub7yelh1efo6dm5k9f1 
       foreign key (authority_no) 
       references user_authority (no)" via JDBC [Referencing column 'authority_no' and referenced column 'no' in foreign key constraint 'FK5yi94mub7yelh1efo6dm5k9f1' are incompatible.]
org.hibernate.tool.schema.spi.CommandAcceptanceException: Error executing DDL "
    alter table user_member 
       add constraint FK5yi94mub7yelh1efo6dm5k9f1 
       foreign key (authority_no) 
       references user_authority (no)" via JDBC [Referencing column 'authority_no' and referenced column 'no' in foreign key constraint 'FK5yi94mub7yelh1efo6dm5k9f1' are incompatible.]
	at org.hibernate.tool.schema.internal.exec.GenerationTargetToDatabase.accept(GenerationTargetToDatabase.java:91)
	at org.hibernate.tool.schema.internal.AbstractSchemaMigrator.applySqlString(AbstractSchemaMigrator.java:566)
	at org.hibernate.tool.schema.internal.AbstractSchemaMigrator.applySqlStrings(AbstractSchemaMigrator.java:506)
	at org.hibernate.tool.schema.internal.AbstractSchemaMigrator.applyForeignKeys(AbstractSchemaMigrator.java:438)
	at org.hibernate.tool.schema.internal.AbstractSchemaMigrator.performMigration(AbstractSchemaMigrator.java:256)
	at org.hibernate.tool.schema.internal.AbstractSchemaMigrator.doMigration(AbstractSchemaMigrator.java:96)
	at org.hibernate.tool.schema.spi.SchemaManagementToolCoordinator.performDatabaseAction(SchemaManagementToolCoordinator.java:269)
	at org.hibernate.tool.schema.spi.SchemaManagementToolCoordinator.lambda$process$1(SchemaManagementToolCoordinator.java:101)
	at java.base/java.util.HashMap.forEach(HashMap.java:1421)
	at org.hibernate.tool.schema.spi.SchemaManagementToolCoordinator.process(SchemaManagementToolCoordinator.java:100)
	at org.hibernate.boot.internal.SessionFactoryObserverForSchemaExport.sessionFactoryCreated(SessionFactoryObserverForSchemaExport.java:35)
	at org.hibernate.internal.SessionFactoryObserverChain.sessionFactoryCreated(SessionFactoryObserverChain.java:33)
	at org.hibernate.internal.SessionFactoryImpl.<init>(SessionFactoryImpl.java:327)
	at org.hibernate.internal.SessionFactoryRegistry.instantiateSessionFactory(SessionFactoryRegistry.java:64)
	at org.hibernate.boot.internal.SessionFactoryBuilderImpl.build(SessionFactoryBuilderImpl.java:458)
	at org.hibernate.jpa.boot.internal.EntityManagerFactoryBuilderImpl.build(EntityManagerFactoryBuilderImpl.java:1452)
	at org.springframework.orm.jpa.vendor.SpringHibernateJpaPersistenceProvider.createContainerEntityManagerFactory(SpringHibernateJpaPersistenceProvider.java:93)
	at org.springframework.orm.jpa.LocalContainerEntityManagerFactoryBean.createNativeEntityManagerFactory(LocalContainerEntityManagerFactoryBean.java:443)
	at org.springframework.orm.jpa.AbstractEntityManagerFactoryBean.buildNativeEntityManagerFactory(AbstractEntityManagerFactoryBean.java:436)
	at org.springframework.orm.jpa.AbstractEntityManagerFactoryBean.afterPropertiesSet(AbstractEntityManagerFactoryBean.java:411)
	at org.springframework.orm.jpa.LocalContainerEntityManagerFactoryBean.afterPropertiesSet(LocalContainerEntityManagerFactoryBean.java:419)
	at org.springframework.beans.factory.support.AbstractAutowireCapableBeanFactory.invokeInitMethods(AbstractAutowireCapableBeanFactory.java:1862)
	at org.springframework.beans.factory.support.AbstractAutowireCapableBeanFactory.initializeBean(AbstractAutowireCapableBeanFactory.java:1811)
	at org.springframework.beans.factory.support.AbstractAutowireCapableBeanFactory.doCreateBean(AbstractAutowireCapableBeanFactory.java:603)
	at org.springframework.beans.factory.support.AbstractAutowireCapableBeanFactory.createBean(AbstractAutowireCapableBeanFactory.java:525)
	at org.springframework.beans.factory.support.AbstractBeanFactory.lambda$doGetBean$0(AbstractBeanFactory.java:333)
	at org.springframework.beans.factory.support.DefaultSingletonBeanRegistry.getSingleton(DefaultSingletonBeanRegistry.java:371)
	at org.springframework.beans.factory.support.AbstractBeanFactory.doGetBean(AbstractBeanFactory.java:331)
	at org.springframework.beans.factory.support.AbstractBeanFactory.getBean(AbstractBeanFactory.java:201)
	at org.springframework.context.support.AbstractApplicationContext.finishBeanFactoryInitialization(AbstractApplicationContext.java:977)
	at org.springframework.context.support.AbstractApplicationContext.refresh(AbstractApplicationContext.java:621)
	at org.springframework.boot.web.server.servlet.context.ServletWebServerApplicationContext.refresh(ServletWebServerApplicationContext.java:143)
	at org.springframework.boot.SpringApplication.refresh(SpringApplication.java:756)
	at org.springframework.boot.SpringApplication.refreshContext(SpringApplication.java:445)
	at org.springframework.boot.SpringApplication.run(SpringApplication.java:321)
	at org.springframework.boot.SpringApplication.run(SpringApplication.java:1365)
	at org.springframework.boot.SpringApplication.run(SpringApplication.java:1354)
	at com.office.calendaradmin.CalendarAdminApplication.main(CalendarApplication.java:12)
	at java.base/jdk.internal.reflect.NativeMethodAccessorImpl.invoke0(Native Method)
	at java.base/jdk.internal.reflect.NativeMethodAccessorImpl.invoke(NativeMethodAccessorImpl.java:77)
	at java.base/jdk.internal.reflect.DelegatingMethodAccessorImpl.invoke(DelegatingMethodAccessorImpl.java:43)
	at java.base/java.lang.reflect.Method.invoke(Method.java:568)
	at org.springframework.boot.devtools.restart.RestartLauncher.run(RestartLauncher.java:52)
Caused by: java.sql.SQLException: Referencing column 'authority_no' and referenced column 'no' in foreign key constraint 'FK5yi94mub7yelh1efo6dm5k9f1' are incompatible.
	at com.mysql.cj.jdbc.exceptions.SQLError.createSQLException(SQLError.java:121)
	at com.mysql.cj.jdbc.exceptions.SQLExceptionsMapping.translateException(SQLExceptionsMapping.java:114)
	at com.mysql.cj.jdbc.StatementImpl.executeInternal(StatementImpl.java:839)
	at com.mysql.cj.jdbc.StatementImpl.execute(StatementImpl.java:687)
	at com.zaxxer.hikari.pool.ProxyStatement.execute(ProxyStatement.java:95)
	at com.zaxxer.hikari.pool.HikariProxyStatement.execute(HikariProxyStatement.java)
	at org.hibernate.tool.schema.internal.exec.GenerationTargetToDatabase.accept(GenerationTargetToDatabase.java:86)
	... 42 more
2026-09-17 12:30:04 INFO  [orm.jpa.LocalContainerEntityManagerFactoryBean] - Initialized JPA EntityManagerFactory for persistence unit 'default'
2026-09-17 12:30:04 WARN  [jpa.autoconfigure.JpaBaseConfiguration$JpaWebConfiguration] - spring.jpa.open-in-view is enabled by default. Therefore, database queries may be performed during view rendering. Explicitly configure spring.jpa.open-in-view to disable this warning
2026-09-17 12:30:04 INFO  [authentication.configuration.InitializeUserDetailsBeanManagerConfigurer$InitializeUserDetailsManagerConfigurer] - Global AuthenticationManager configured with UserDetailsService bean with name memberDetailsService
2026-09-17 12:30:04 INFO  [coyote.http11.Http11NioProtocol] - Starting ProtocolHandler ["http-nio-8090"]
2026-09-17 12:30:04 INFO  [boot.tomcat.TomcatWebServer] - Tomcat started on port 8090 (http) with context path '/'
2026-09-17 12:30:04 INFO  [devtools.autoconfigure.ConditionEvaluationDeltaLoggingListener] - Condition evaluation unchanged
2026-09-17 12:30:07 INFO  [[Tomcat].[localhost].[/]] - Initializing Spring DispatcherServlet 'dispatcherServlet'
2026-09-17 12:30:07 INFO  [web.servlet.DispatcherServlet] - Initializing Servlet 'dispatcherServlet'
2026-09-17 12:30:07 INFO  [web.servlet.DispatcherServlet] - Completed initialization in 1 ms
2026-09-17 12:30:17 INFO  [devtools.autoconfigure.LocalDevToolsAutoConfiguration$RestartingClassPathChangeChangedEventListener] - Restarting due to 22 class path changes (0 additions, 0 deletions, 22 modifications)
2026-09-17 12:30:17 INFO  [boot.tomcat.GracefulShutdown] - Commencing graceful shutdown. Waiting for active requests to complete
2026-09-17 12:30:17 INFO  [coyote.http11.Http11NioProtocol] - Pausing ProtocolHandler ["http-nio-8090"]
2026-09-17 12:30:17 INFO  [boot.tomcat.GracefulShutdown] - Graceful shutdown complete
2026-09-17 12:30:17 INFO  [coyote.http11.Http11NioProtocol] - Stopping ProtocolHandler ["http-nio-8090"]
2026-09-17 12:30:17 INFO  [orm.jpa.LocalContainerEntityManagerFactoryBean] - Closing JPA EntityManagerFactory for persistence unit 'default'
2026-09-17 12:30:17 INFO  [zaxxer.hikari.HikariDataSource] - HikariPool-2 - Shutdown initiated...
2026-09-17 12:30:17 INFO  [zaxxer.hikari.HikariDataSource] - HikariPool-2 - Shutdown completed.
2026-09-17 12:30:17 INFO  [repository.config.RepositoryConfigurationDelegate] - Bootstrapping Spring Data JPA repositories in DEFAULT mode.
2026-09-17 12:30:17 INFO  [repository.config.RepositoryConfigurationDelegate] - Finished Spring Data repository scanning in 11 ms. Found 2 JPA repository interfaces.
2026-09-17 12:30:18 INFO  [boot.tomcat.TomcatWebServer] - Tomcat initialized with port 8090 (http)
2026-09-17 12:30:18 INFO  [coyote.http11.Http11NioProtocol] - Initializing ProtocolHandler ["http-nio-8090"]
2026-09-17 12:30:18 INFO  [catalina.core.StandardService] - Starting service [Tomcat]
2026-09-17 12:30:18 INFO  [catalina.core.StandardEngine] - Starting Servlet engine: [Apache Tomcat/11.0.24]
2026-09-17 12:30:18 INFO  [context.servlet.WebApplicationContextInitializer] - Root WebApplicationContext: initialization completed in 394 ms
2026-09-17 12:30:18 INFO  [hibernate.orm.jpa] - HHH008540: Processing PersistenceUnitInfo [name: default]
2026-09-17 12:30:18 INFO  [jpa.persistenceunit.SpringPersistenceUnitInfo] - No LoadTimeWeaver setup: ignoring JPA class transformer
2026-09-17 12:30:18 INFO  [zaxxer.hikari.HikariDataSource] - HikariPool-3 - Starting...
2026-09-17 12:30:18 INFO  [hikari.pool.HikariPool] - HikariPool-3 - Added connection com.mysql.cj.jdbc.ConnectionImpl@69cd1b5e
2026-09-17 12:30:18 INFO  [zaxxer.hikari.HikariDataSource] - HikariPool-3 - Start completed.
2026-09-17 12:30:18 WARN  [hibernate.orm.deprecation] - HHH90000025: MySQLDialect does not need to be specified explicitly using 'hibernate.dialect' (remove the property setting and it will be selected by default)
2026-09-17 12:30:18 INFO  [orm.connections.pooling] - HHH10001005: Database info:
	Database JDBC URL [jdbc:mysql://localhost:3306/DB_CALENDAR]
	Database driver: MySQL Connector/J
	Database dialect: MySQLDialect
	Database version: 8.0.46
	Default catalog/schema: DB_CALENDAR/undefined
	Autocommit mode: undefined/unknown
	Isolation level: REPEATABLE_READ [default REPEATABLE_READ]
	JDBC fetch size: none
	Pool: DataSourceConnectionProvider
	Minimum pool size: undefined/unknown
	Maximum pool size: undefined/unknown
2026-09-17 12:30:18 INFO  [hibernate.orm.core] - HHH000489: No JTA platform available (set 'hibernate.transaction.jta.platform' to enable JTA platform integration)
2026-09-17 12:30:18 WARN  [schema.internal.ExceptionHandlerLoggedImpl] - GenerationTarget encountered exception accepting command : Error executing DDL "
    alter table user_member 
       add constraint FK5yi94mub7yelh1efo6dm5k9f1 
       foreign key (authority_no) 
       references user_authority (no)" via JDBC [Referencing column 'authority_no' and referenced column 'no' in foreign key constraint 'FK5yi94mub7yelh1efo6dm5k9f1' are incompatible.]
org.hibernate.tool.schema.spi.CommandAcceptanceException: Error executing DDL "
    alter table user_member 
       add constraint FK5yi94mub7yelh1efo6dm5k9f1 
       foreign key (authority_no) 
       references user_authority (no)" via JDBC [Referencing column 'authority_no' and referenced column 'no' in foreign key constraint 'FK5yi94mub7yelh1efo6dm5k9f1' are incompatible.]
	at org.hibernate.tool.schema.internal.exec.GenerationTargetToDatabase.accept(GenerationTargetToDatabase.java:91)
	at org.hibernate.tool.schema.internal.AbstractSchemaMigrator.applySqlString(AbstractSchemaMigrator.java:566)
	at org.hibernate.tool.schema.internal.AbstractSchemaMigrator.applySqlStrings(AbstractSchemaMigrator.java:506)
	at org.hibernate.tool.schema.internal.AbstractSchemaMigrator.applyForeignKeys(AbstractSchemaMigrator.java:438)
	at org.hibernate.tool.schema.internal.AbstractSchemaMigrator.performMigration(AbstractSchemaMigrator.java:256)
	at org.hibernate.tool.schema.internal.AbstractSchemaMigrator.doMigration(AbstractSchemaMigrator.java:96)
	at org.hibernate.tool.schema.spi.SchemaManagementToolCoordinator.performDatabaseAction(SchemaManagementToolCoordinator.java:269)
	at org.hibernate.tool.schema.spi.SchemaManagementToolCoordinator.lambda$process$1(SchemaManagementToolCoordinator.java:101)
	at java.base/java.util.HashMap.forEach(HashMap.java:1421)
	at org.hibernate.tool.schema.spi.SchemaManagementToolCoordinator.process(SchemaManagementToolCoordinator.java:100)
	at org.hibernate.boot.internal.SessionFactoryObserverForSchemaExport.sessionFactoryCreated(SessionFactoryObserverForSchemaExport.java:35)
	at org.hibernate.internal.SessionFactoryObserverChain.sessionFactoryCreated(SessionFactoryObserverChain.java:33)
	at org.hibernate.internal.SessionFactoryImpl.<init>(SessionFactoryImpl.java:327)
	at org.hibernate.internal.SessionFactoryRegistry.instantiateSessionFactory(SessionFactoryRegistry.java:64)
	at org.hibernate.boot.internal.SessionFactoryBuilderImpl.build(SessionFactoryBuilderImpl.java:458)
	at org.hibernate.jpa.boot.internal.EntityManagerFactoryBuilderImpl.build(EntityManagerFactoryBuilderImpl.java:1452)
	at org.springframework.orm.jpa.vendor.SpringHibernateJpaPersistenceProvider.createContainerEntityManagerFactory(SpringHibernateJpaPersistenceProvider.java:93)
	at org.springframework.orm.jpa.LocalContainerEntityManagerFactoryBean.createNativeEntityManagerFactory(LocalContainerEntityManagerFactoryBean.java:443)
	at org.springframework.orm.jpa.AbstractEntityManagerFactoryBean.buildNativeEntityManagerFactory(AbstractEntityManagerFactoryBean.java:436)
	at org.springframework.orm.jpa.AbstractEntityManagerFactoryBean.afterPropertiesSet(AbstractEntityManagerFactoryBean.java:411)
	at org.springframework.orm.jpa.LocalContainerEntityManagerFactoryBean.afterPropertiesSet(LocalContainerEntityManagerFactoryBean.java:419)
	at org.springframework.beans.factory.support.AbstractAutowireCapableBeanFactory.invokeInitMethods(AbstractAutowireCapableBeanFactory.java:1862)
	at org.springframework.beans.factory.support.AbstractAutowireCapableBeanFactory.initializeBean(AbstractAutowireCapableBeanFactory.java:1811)
	at org.springframework.beans.factory.support.AbstractAutowireCapableBeanFactory.doCreateBean(AbstractAutowireCapableBeanFactory.java:603)
	at org.springframework.beans.factory.support.AbstractAutowireCapableBeanFactory.createBean(AbstractAutowireCapableBeanFactory.java:525)
	at org.springframework.beans.factory.support.AbstractBeanFactory.lambda$doGetBean$0(AbstractBeanFactory.java:333)
	at org.springframework.beans.factory.support.DefaultSingletonBeanRegistry.getSingleton(DefaultSingletonBeanRegistry.java:371)
	at org.springframework.beans.factory.support.AbstractBeanFactory.doGetBean(AbstractBeanFactory.java:331)
	at org.springframework.beans.factory.support.AbstractBeanFactory.getBean(AbstractBeanFactory.java:201)
	at org.springframework.context.support.AbstractApplicationContext.finishBeanFactoryInitialization(AbstractApplicationContext.java:977)
	at org.springframework.context.support.AbstractApplicationContext.refresh(AbstractApplicationContext.java:621)
	at org.springframework.boot.web.server.servlet.context.ServletWebServerApplicationContext.refresh(ServletWebServerApplicationContext.java:143)
	at org.springframework.boot.SpringApplication.refresh(SpringApplication.java:756)
	at org.springframework.boot.SpringApplication.refreshContext(SpringApplication.java:445)
	at org.springframework.boot.SpringApplication.run(SpringApplication.java:321)
	at org.springframework.boot.SpringApplication.run(SpringApplication.java:1365)
	at org.springframework.boot.SpringApplication.run(SpringApplication.java:1354)
	at com.office.calendaradmin.CalendarAdminApplication.main(CalendarApplication.java:12)
	at java.base/jdk.internal.reflect.NativeMethodAccessorImpl.invoke0(Native Method)
	at java.base/jdk.internal.reflect.NativeMethodAccessorImpl.invoke(NativeMethodAccessorImpl.java:77)
	at java.base/jdk.internal.reflect.DelegatingMethodAccessorImpl.invoke(DelegatingMethodAccessorImpl.java:43)
	at java.base/java.lang.reflect.Method.invoke(Method.java:568)
	at org.springframework.boot.devtools.restart.RestartLauncher.run(RestartLauncher.java:52)
Caused by: java.sql.SQLException: Referencing column 'authority_no' and referenced column 'no' in foreign key constraint 'FK5yi94mub7yelh1efo6dm5k9f1' are incompatible.
	at com.mysql.cj.jdbc.exceptions.SQLError.createSQLException(SQLError.java:121)
	at com.mysql.cj.jdbc.exceptions.SQLExceptionsMapping.translateException(SQLExceptionsMapping.java:114)
	at com.mysql.cj.jdbc.StatementImpl.executeInternal(StatementImpl.java:839)
	at com.mysql.cj.jdbc.StatementImpl.execute(StatementImpl.java:687)
	at com.zaxxer.hikari.pool.ProxyStatement.execute(ProxyStatement.java:95)
	at com.zaxxer.hikari.pool.HikariProxyStatement.execute(HikariProxyStatement.java)
	at org.hibernate.tool.schema.internal.exec.GenerationTargetToDatabase.accept(GenerationTargetToDatabase.java:86)
	... 42 more
2026-09-17 12:30:18 INFO  [orm.jpa.LocalContainerEntityManagerFactoryBean] - Initialized JPA EntityManagerFactory for persistence unit 'default'
2026-09-17 12:30:18 WARN  [jpa.autoconfigure.JpaBaseConfiguration$JpaWebConfiguration] - spring.jpa.open-in-view is enabled by default. Therefore, database queries may be performed during view rendering. Explicitly configure spring.jpa.open-in-view to disable this warning
2026-09-17 12:30:18 INFO  [authentication.configuration.InitializeUserDetailsBeanManagerConfigurer$InitializeUserDetailsManagerConfigurer] - Global AuthenticationManager configured with UserDetailsService bean with name memberDetailsService
2026-09-17 12:30:18 INFO  [coyote.http11.Http11NioProtocol] - Starting ProtocolHandler ["http-nio-8090"]
2026-09-17 12:30:18 INFO  [boot.tomcat.TomcatWebServer] - Tomcat started on port 8090 (http) with context path '/'
2026-09-17 12:30:18 INFO  [[Tomcat].[localhost].[/]] - Initializing Spring DispatcherServlet 'dispatcherServlet'
2026-09-17 12:30:18 INFO  [web.servlet.DispatcherServlet] - Initializing Servlet 'dispatcherServlet'
2026-09-17 12:30:18 INFO  [web.servlet.DispatcherServlet] - Completed initialization in 2 ms
2026-09-17 12:30:18 INFO  [devtools.autoconfigure.ConditionEvaluationDeltaLoggingListener] - Condition evaluation unchanged
2026-09-17 12:31:58 INFO  [boot.tomcat.GracefulShutdown] - Commencing graceful shutdown. Waiting for active requests to complete
2026-09-17 12:31:59 INFO  [boot.tomcat.GracefulShutdown] - Graceful shutdown complete
2026-09-17 12:31:59 INFO  [orm.jpa.LocalContainerEntityManagerFactoryBean] - Closing JPA EntityManagerFactory for persistence unit 'default'
2026-09-17 12:31:59 INFO  [zaxxer.hikari.HikariDataSource] - HikariPool-3 - Shutdown initiated...
2026-09-17 12:31:59 INFO  [zaxxer.hikari.HikariDataSource] - HikariPool-3 - Shutdown completed.
2026-09-18 09:13:37 INFO  [devtools.env.DevToolsPropertyDefaultsPostProcessor] - Devtools property defaults active! Set 'spring.devtools.add-properties' to 'false' to disable
2026-09-18 09:13:37 INFO  [devtools.env.DevToolsPropertyDefaultsPostProcessor] - For additional web related logging consider setting the 'logging.level.web' property to 'DEBUG'
2026-09-18 09:13:38 INFO  [repository.config.RepositoryConfigurationDelegate] - Bootstrapping Spring Data JPA repositories in DEFAULT mode.
2026-09-18 09:13:39 INFO  [repository.config.RepositoryConfigurationDelegate] - Finished Spring Data repository scanning in 45 ms. Found 2 JPA repository interfaces.
2026-09-18 09:13:40 INFO  [boot.tomcat.TomcatWebServer] - Tomcat initialized with port 8090 (http)
2026-09-18 09:13:40 INFO  [coyote.http11.Http11NioProtocol] - Initializing ProtocolHandler ["http-nio-8090"]
2026-09-18 09:13:40 INFO  [catalina.core.StandardService] - Starting service [Tomcat]
2026-09-18 09:13:40 INFO  [catalina.core.StandardEngine] - Starting Servlet engine: [Apache Tomcat/11.0.24]
2026-09-18 09:13:40 INFO  [context.servlet.WebApplicationContextInitializer] - Root WebApplicationContext: initialization completed in 2549 ms
2026-09-18 09:13:40 INFO  [hibernate.orm.jpa] - HHH008540: Processing PersistenceUnitInfo [name: default]
2026-09-18 09:13:40 INFO  [hibernate.orm.core] - HHH000001: Hibernate ORM core version 7.4.5.Final
2026-09-18 09:13:41 INFO  [jpa.persistenceunit.SpringPersistenceUnitInfo] - No LoadTimeWeaver setup: ignoring JPA class transformer
2026-09-18 09:13:41 INFO  [zaxxer.hikari.HikariDataSource] - HikariPool-1 - Starting...
2026-09-18 09:13:42 INFO  [hikari.pool.HikariPool] - HikariPool-1 - Added connection com.mysql.cj.jdbc.ConnectionImpl@534bd29c
2026-09-18 09:13:42 INFO  [zaxxer.hikari.HikariDataSource] - HikariPool-1 - Start completed.
2026-09-18 09:13:42 WARN  [hibernate.orm.deprecation] - HHH90000025: MySQLDialect does not need to be specified explicitly using 'hibernate.dialect' (remove the property setting and it will be selected by default)
2026-09-18 09:13:42 INFO  [orm.connections.pooling] - HHH10001005: Database info:
	Database JDBC URL [jdbc:mysql://localhost:3306/DB_CALENDAR]
	Database driver: MySQL Connector/J
	Database dialect: MySQLDialect
	Database version: 8.0.46
	Default catalog/schema: DB_CALENDAR/undefined
	Autocommit mode: undefined/unknown
	Isolation level: REPEATABLE_READ [default REPEATABLE_READ]
	JDBC fetch size: none
	Pool: DataSourceConnectionProvider
	Minimum pool size: undefined/unknown
	Maximum pool size: undefined/unknown
2026-09-18 09:13:43 INFO  [hibernate.orm.core] - HHH000489: No JTA platform available (set 'hibernate.transaction.jta.platform' to enable JTA platform integration)
2026-09-18 09:13:43 WARN  [schema.internal.ExceptionHandlerLoggedImpl] - GenerationTarget encountered exception accepting command : Error executing DDL "
    alter table user_member 
       add constraint FK5yi94mub7yelh1efo6dm5k9f1 
       foreign key (authority_no) 
       references user_authority (no)" via JDBC [Referencing column 'authority_no' and referenced column 'no' in foreign key constraint 'FK5yi94mub7yelh1efo6dm5k9f1' are incompatible.]
org.hibernate.tool.schema.spi.CommandAcceptanceException: Error executing DDL "
    alter table user_member 
       add constraint FK5yi94mub7yelh1efo6dm5k9f1 
       foreign key (authority_no) 
       references user_authority (no)" via JDBC [Referencing column 'authority_no' and referenced column 'no' in foreign key constraint 'FK5yi94mub7yelh1efo6dm5k9f1' are incompatible.]
	at org.hibernate.tool.schema.internal.exec.GenerationTargetToDatabase.accept(GenerationTargetToDatabase.java:91)
	at org.hibernate.tool.schema.internal.AbstractSchemaMigrator.applySqlString(AbstractSchemaMigrator.java:566)
	at org.hibernate.tool.schema.internal.AbstractSchemaMigrator.applySqlStrings(AbstractSchemaMigrator.java:506)
	at org.hibernate.tool.schema.internal.AbstractSchemaMigrator.applyForeignKeys(AbstractSchemaMigrator.java:438)
	at org.hibernate.tool.schema.internal.AbstractSchemaMigrator.performMigration(AbstractSchemaMigrator.java:256)
	at org.hibernate.tool.schema.internal.AbstractSchemaMigrator.doMigration(AbstractSchemaMigrator.java:96)
	at org.hibernate.tool.schema.spi.SchemaManagementToolCoordinator.performDatabaseAction(SchemaManagementToolCoordinator.java:269)
	at org.hibernate.tool.schema.spi.SchemaManagementToolCoordinator.lambda$process$1(SchemaManagementToolCoordinator.java:101)
	at java.base/java.util.HashMap.forEach(HashMap.java:1421)
	at org.hibernate.tool.schema.spi.SchemaManagementToolCoordinator.process(SchemaManagementToolCoordinator.java:100)
	at org.hibernate.boot.internal.SessionFactoryObserverForSchemaExport.sessionFactoryCreated(SessionFactoryObserverForSchemaExport.java:35)
	at org.hibernate.internal.SessionFactoryObserverChain.sessionFactoryCreated(SessionFactoryObserverChain.java:33)
	at org.hibernate.internal.SessionFactoryImpl.<init>(SessionFactoryImpl.java:327)
	at org.hibernate.internal.SessionFactoryRegistry.instantiateSessionFactory(SessionFactoryRegistry.java:64)
	at org.hibernate.boot.internal.SessionFactoryBuilderImpl.build(SessionFactoryBuilderImpl.java:458)
	at org.hibernate.jpa.boot.internal.EntityManagerFactoryBuilderImpl.build(EntityManagerFactoryBuilderImpl.java:1452)
	at org.springframework.orm.jpa.vendor.SpringHibernateJpaPersistenceProvider.createContainerEntityManagerFactory(SpringHibernateJpaPersistenceProvider.java:93)
	at org.springframework.orm.jpa.LocalContainerEntityManagerFactoryBean.createNativeEntityManagerFactory(LocalContainerEntityManagerFactoryBean.java:443)
	at org.springframework.orm.jpa.AbstractEntityManagerFactoryBean.buildNativeEntityManagerFactory(AbstractEntityManagerFactoryBean.java:436)
	at org.springframework.orm.jpa.AbstractEntityManagerFactoryBean.afterPropertiesSet(AbstractEntityManagerFactoryBean.java:411)
	at org.springframework.orm.jpa.LocalContainerEntityManagerFactoryBean.afterPropertiesSet(LocalContainerEntityManagerFactoryBean.java:419)
	at org.springframework.beans.factory.support.AbstractAutowireCapableBeanFactory.invokeInitMethods(AbstractAutowireCapableBeanFactory.java:1862)
	at org.springframework.beans.factory.support.AbstractAutowireCapableBeanFactory.initializeBean(AbstractAutowireCapableBeanFactory.java:1811)
	at org.springframework.beans.factory.support.AbstractAutowireCapableBeanFactory.doCreateBean(AbstractAutowireCapableBeanFactory.java:603)
	at org.springframework.beans.factory.support.AbstractAutowireCapableBeanFactory.createBean(AbstractAutowireCapableBeanFactory.java:525)
	at org.springframework.beans.factory.support.AbstractBeanFactory.lambda$doGetBean$0(AbstractBeanFactory.java:333)
	at org.springframework.beans.factory.support.DefaultSingletonBeanRegistry.getSingleton(DefaultSingletonBeanRegistry.java:371)
	at org.springframework.beans.factory.support.AbstractBeanFactory.doGetBean(AbstractBeanFactory.java:331)
	at org.springframework.beans.factory.support.AbstractBeanFactory.getBean(AbstractBeanFactory.java:201)
	at org.springframework.context.support.AbstractApplicationContext.finishBeanFactoryInitialization(AbstractApplicationContext.java:977)
	at org.springframework.context.support.AbstractApplicationContext.refresh(AbstractApplicationContext.java:621)
	at org.springframework.boot.web.server.servlet.context.ServletWebServerApplicationContext.refresh(ServletWebServerApplicationContext.java:143)
	at org.springframework.boot.SpringApplication.refresh(SpringApplication.java:756)
	at org.springframework.boot.SpringApplication.refreshContext(SpringApplication.java:445)
	at org.springframework.boot.SpringApplication.run(SpringApplication.java:321)
	at org.springframework.boot.SpringApplication.run(SpringApplication.java:1365)
	at org.springframework.boot.SpringApplication.run(SpringApplication.java:1354)
	at com.office.calendaradmin.CalendarAdminApplication.main(CalendarApplication.java:12)
	at java.base/jdk.internal.reflect.NativeMethodAccessorImpl.invoke0(Native Method)
	at java.base/jdk.internal.reflect.NativeMethodAccessorImpl.invoke(NativeMethodAccessorImpl.java:77)
	at java.base/jdk.internal.reflect.DelegatingMethodAccessorImpl.invoke(DelegatingMethodAccessorImpl.java:43)
	at java.base/java.lang.reflect.Method.invoke(Method.java:568)
	at org.springframework.boot.devtools.restart.RestartLauncher.run(RestartLauncher.java:52)
Caused by: java.sql.SQLException: Referencing column 'authority_no' and referenced column 'no' in foreign key constraint 'FK5yi94mub7yelh1efo6dm5k9f1' are incompatible.
	at com.mysql.cj.jdbc.exceptions.SQLError.createSQLException(SQLError.java:121)
	at com.mysql.cj.jdbc.exceptions.SQLExceptionsMapping.translateException(SQLExceptionsMapping.java:114)
	at com.mysql.cj.jdbc.StatementImpl.executeInternal(StatementImpl.java:839)
	at com.mysql.cj.jdbc.StatementImpl.execute(StatementImpl.java:687)
	at com.zaxxer.hikari.pool.ProxyStatement.execute(ProxyStatement.java:95)
	at com.zaxxer.hikari.pool.HikariProxyStatement.execute(HikariProxyStatement.java)
	at org.hibernate.tool.schema.internal.exec.GenerationTargetToDatabase.accept(GenerationTargetToDatabase.java:86)
	... 42 more
2026-09-18 09:13:43 INFO  [orm.jpa.LocalContainerEntityManagerFactoryBean] - Initialized JPA EntityManagerFactory for persistence unit 'default'
2026-09-18 09:13:44 INFO  [repository.query.QueryEnhancerFactories] - Hibernate is in classpath; If applicable, HQL parser will be used.
2026-09-18 09:13:44 WARN  [jpa.autoconfigure.JpaBaseConfiguration$JpaWebConfiguration] - spring.jpa.open-in-view is enabled by default. Therefore, database queries may be performed during view rendering. Explicitly configure spring.jpa.open-in-view to disable this warning
2026-09-18 09:13:44 INFO  [authentication.configuration.InitializeUserDetailsBeanManagerConfigurer$InitializeUserDetailsManagerConfigurer] - Global AuthenticationManager configured with UserDetailsService bean with name memberDetailsService
2026-09-18 09:13:45 INFO  [coyote.http11.Http11NioProtocol] - Starting ProtocolHandler ["http-nio-8090"]
2026-09-18 09:13:45 INFO  [boot.tomcat.TomcatWebServer] - Tomcat started on port 8090 (http) with context path '/'
2026-09-18 09:13:49 INFO  [[Tomcat].[localhost].[/]] - Initializing Spring DispatcherServlet 'dispatcherServlet'
2026-09-18 09:13:49 INFO  [web.servlet.DispatcherServlet] - Initializing Servlet 'dispatcherServlet'
2026-09-18 09:13:49 INFO  [web.servlet.DispatcherServlet] - Completed initialization in 2 ms
2026-09-18 09:14:16 INFO  [boot.tomcat.GracefulShutdown] - Commencing graceful shutdown. Waiting for active requests to complete
2026-09-18 09:14:16 INFO  [boot.tomcat.GracefulShutdown] - Graceful shutdown complete
2026-09-18 09:14:16 INFO  [orm.jpa.LocalContainerEntityManagerFactoryBean] - Closing JPA EntityManagerFactory for persistence unit 'default'
2026-09-18 09:14:16 INFO  [zaxxer.hikari.HikariDataSource] - HikariPool-1 - Shutdown initiated...
2026-09-18 09:14:16 INFO  [zaxxer.hikari.HikariDataSource] - HikariPool-1 - Shutdown completed.
2026-09-18 09:22:35 INFO  [devtools.env.DevToolsPropertyDefaultsPostProcessor] - Devtools property defaults active! Set 'spring.devtools.add-properties' to 'false' to disable
2026-09-18 09:22:35 INFO  [devtools.env.DevToolsPropertyDefaultsPostProcessor] - For additional web related logging consider setting the 'logging.level.web' property to 'DEBUG'
2026-09-18 09:22:35 INFO  [devtools.env.DevToolsPropertyDefaultsPostProcessor] - Devtools property defaults active! Set 'spring.devtools.add-properties' to 'false' to disable
2026-09-18 09:22:35 INFO  [devtools.env.DevToolsPropertyDefaultsPostProcessor] - For additional web related logging consider setting the 'logging.level.web' property to 'DEBUG'
2026-09-18 09:22:36 INFO  [repository.config.RepositoryConfigurationDelegate] - Bootstrapping Spring Data JPA repositories in DEFAULT mode.
2026-09-18 09:22:36 INFO  [repository.config.RepositoryConfigurationDelegate] - Finished Spring Data repository scanning in 54 ms. Found 2 JPA repository interfaces.
2026-09-18 09:22:36 INFO  [repository.config.RepositoryConfigurationDelegate] - Bootstrapping Spring Data JPA repositories in DEFAULT mode.
2026-09-18 09:22:36 INFO  [repository.config.RepositoryConfigurationDelegate] - Finished Spring Data repository scanning in 50 ms. Found 2 JPA repository interfaces.
2026-09-18 09:22:37 INFO  [boot.tomcat.TomcatWebServer] - Tomcat initialized with port 8091 (http)
2026-09-18 09:22:37 INFO  [coyote.http11.Http11NioProtocol] - Initializing ProtocolHandler ["http-nio-8091"]
2026-09-18 09:22:37 INFO  [catalina.core.StandardService] - Starting service [Tomcat]
2026-09-18 09:22:37 INFO  [catalina.core.StandardEngine] - Starting Servlet engine: [Apache Tomcat/11.0.24]
2026-09-18 09:22:37 INFO  [context.servlet.WebApplicationContextInitializer] - Root WebApplicationContext: initialization completed in 2355 ms
2026-09-18 09:22:37 INFO  [boot.tomcat.TomcatWebServer] - Tomcat initialized with port 8091 (http)
2026-09-18 09:22:37 INFO  [coyote.http11.Http11NioProtocol] - Initializing ProtocolHandler ["http-nio-8091"]
2026-09-18 09:22:37 INFO  [catalina.core.StandardService] - Starting service [Tomcat]
2026-09-18 09:22:37 INFO  [catalina.core.StandardEngine] - Starting Servlet engine: [Apache Tomcat/11.0.24]
2026-09-18 09:22:37 INFO  [context.servlet.WebApplicationContextInitializer] - Root WebApplicationContext: initialization completed in 2052 ms
2026-09-18 09:22:37 INFO  [hibernate.orm.jpa] - HHH008540: Processing PersistenceUnitInfo [name: default]
2026-09-18 09:22:37 INFO  [hibernate.orm.core] - HHH000001: Hibernate ORM core version 7.4.5.Final
2026-09-18 09:22:38 INFO  [hibernate.orm.jpa] - HHH008540: Processing PersistenceUnitInfo [name: default]
2026-09-18 09:22:38 INFO  [hibernate.orm.core] - HHH000001: Hibernate ORM core version 7.4.5.Final
2026-09-18 09:22:39 INFO  [jpa.persistenceunit.SpringPersistenceUnitInfo] - No LoadTimeWeaver setup: ignoring JPA class transformer
2026-09-18 09:22:39 INFO  [jpa.persistenceunit.SpringPersistenceUnitInfo] - No LoadTimeWeaver setup: ignoring JPA class transformer
2026-09-18 09:22:39 INFO  [zaxxer.hikari.HikariDataSource] - HikariPool-1 - Starting...
2026-09-18 09:22:39 INFO  [zaxxer.hikari.HikariDataSource] - HikariPool-1 - Starting...
2026-09-18 09:22:39 INFO  [hikari.pool.HikariPool] - HikariPool-1 - Added connection com.mysql.cj.jdbc.ConnectionImpl@475ce88b
2026-09-18 09:22:39 INFO  [zaxxer.hikari.HikariDataSource] - HikariPool-1 - Start completed.
2026-09-18 09:22:39 INFO  [hikari.pool.HikariPool] - HikariPool-1 - Added connection com.mysql.cj.jdbc.ConnectionImpl@6b98fbb8
2026-09-18 09:22:39 INFO  [zaxxer.hikari.HikariDataSource] - HikariPool-1 - Start completed.
2026-09-18 09:22:39 WARN  [hibernate.orm.deprecation] - HHH90000025: MySQLDialect does not need to be specified explicitly using 'hibernate.dialect' (remove the property setting and it will be selected by default)
2026-09-18 09:22:39 INFO  [orm.connections.pooling] - HHH10001005: Database info:
	Database JDBC URL [jdbc:mysql://localhost:3306/DB_CALENDAR]
	Database driver: MySQL Connector/J
	Database dialect: MySQLDialect
	Database version: 8.0.46
	Default catalog/schema: DB_CALENDAR/undefined
	Autocommit mode: undefined/unknown
	Isolation level: REPEATABLE_READ [default REPEATABLE_READ]
	JDBC fetch size: none
	Pool: DataSourceConnectionProvider
	Minimum pool size: undefined/unknown
	Maximum pool size: undefined/unknown
2026-09-18 09:22:39 WARN  [hibernate.orm.deprecation] - HHH90000025: MySQLDialect does not need to be specified explicitly using 'hibernate.dialect' (remove the property setting and it will be selected by default)
2026-09-18 09:22:39 INFO  [orm.connections.pooling] - HHH10001005: Database info:
	Database JDBC URL [jdbc:mysql://localhost:3306/DB_CALENDAR]
	Database driver: MySQL Connector/J
	Database dialect: MySQLDialect
	Database version: 8.0.46
	Default catalog/schema: DB_CALENDAR/undefined
	Autocommit mode: undefined/unknown
	Isolation level: REPEATABLE_READ [default REPEATABLE_READ]
	JDBC fetch size: none
	Pool: DataSourceConnectionProvider
	Minimum pool size: undefined/unknown
	Maximum pool size: undefined/unknown
2026-09-18 09:22:41 INFO  [hibernate.orm.core] - HHH000489: No JTA platform available (set 'hibernate.transaction.jta.platform' to enable JTA platform integration)
2026-09-18 09:22:41 INFO  [hibernate.orm.core] - HHH000489: No JTA platform available (set 'hibernate.transaction.jta.platform' to enable JTA platform integration)
2026-09-18 09:22:41 WARN  [schema.internal.ExceptionHandlerLoggedImpl] - GenerationTarget encountered exception accepting command : Error executing DDL "
    alter table user_member 
       add constraint FK5yi94mub7yelh1efo6dm5k9f1 
       foreign key (authority_no) 
       references user_authority (no)" via JDBC [Referencing column 'authority_no' and referenced column 'no' in foreign key constraint 'FK5yi94mub7yelh1efo6dm5k9f1' are incompatible.]
org.hibernate.tool.schema.spi.CommandAcceptanceException: Error executing DDL "
    alter table user_member 
       add constraint FK5yi94mub7yelh1efo6dm5k9f1 
       foreign key (authority_no) 
       references user_authority (no)" via JDBC [Referencing column 'authority_no' and referenced column 'no' in foreign key constraint 'FK5yi94mub7yelh1efo6dm5k9f1' are incompatible.]
	at org.hibernate.tool.schema.internal.exec.GenerationTargetToDatabase.accept(GenerationTargetToDatabase.java:91)
	at org.hibernate.tool.schema.internal.AbstractSchemaMigrator.applySqlString(AbstractSchemaMigrator.java:566)
	at org.hibernate.tool.schema.internal.AbstractSchemaMigrator.applySqlStrings(AbstractSchemaMigrator.java:506)
	at org.hibernate.tool.schema.internal.AbstractSchemaMigrator.applyForeignKeys(AbstractSchemaMigrator.java:438)
	at org.hibernate.tool.schema.internal.AbstractSchemaMigrator.performMigration(AbstractSchemaMigrator.java:256)
	at org.hibernate.tool.schema.internal.AbstractSchemaMigrator.doMigration(AbstractSchemaMigrator.java:96)
	at org.hibernate.tool.schema.spi.SchemaManagementToolCoordinator.performDatabaseAction(SchemaManagementToolCoordinator.java:269)
	at org.hibernate.tool.schema.spi.SchemaManagementToolCoordinator.lambda$process$1(SchemaManagementToolCoordinator.java:101)
	at java.base/java.util.HashMap.forEach(HashMap.java:1421)
	at org.hibernate.tool.schema.spi.SchemaManagementToolCoordinator.process(SchemaManagementToolCoordinator.java:100)
	at org.hibernate.boot.internal.SessionFactoryObserverForSchemaExport.sessionFactoryCreated(SessionFactoryObserverForSchemaExport.java:35)
	at org.hibernate.internal.SessionFactoryObserverChain.sessionFactoryCreated(SessionFactoryObserverChain.java:33)
	at org.hibernate.internal.SessionFactoryImpl.<init>(SessionFactoryImpl.java:327)
	at org.hibernate.internal.SessionFactoryRegistry.instantiateSessionFactory(SessionFactoryRegistry.java:64)
	at org.hibernate.boot.internal.SessionFactoryBuilderImpl.build(SessionFactoryBuilderImpl.java:458)
	at org.hibernate.jpa.boot.internal.EntityManagerFactoryBuilderImpl.build(EntityManagerFactoryBuilderImpl.java:1452)
	at org.springframework.orm.jpa.vendor.SpringHibernateJpaPersistenceProvider.createContainerEntityManagerFactory(SpringHibernateJpaPersistenceProvider.java:93)
	at org.springframework.orm.jpa.LocalContainerEntityManagerFactoryBean.createNativeEntityManagerFactory(LocalContainerEntityManagerFactoryBean.java:443)
	at org.springframework.orm.jpa.AbstractEntityManagerFactoryBean.buildNativeEntityManagerFactory(AbstractEntityManagerFactoryBean.java:436)
	at org.springframework.orm.jpa.AbstractEntityManagerFactoryBean.afterPropertiesSet(AbstractEntityManagerFactoryBean.java:411)
	at org.springframework.orm.jpa.LocalContainerEntityManagerFactoryBean.afterPropertiesSet(LocalContainerEntityManagerFactoryBean.java:419)
	at org.springframework.beans.factory.support.AbstractAutowireCapableBeanFactory.invokeInitMethods(AbstractAutowireCapableBeanFactory.java:1862)
	at org.springframework.beans.factory.support.AbstractAutowireCapableBeanFactory.initializeBean(AbstractAutowireCapableBeanFactory.java:1811)
	at org.springframework.beans.factory.support.AbstractAutowireCapableBeanFactory.doCreateBean(AbstractAutowireCapableBeanFactory.java:603)
	at org.springframework.beans.factory.support.AbstractAutowireCapableBeanFactory.createBean(AbstractAutowireCapableBeanFactory.java:525)
	at org.springframework.beans.factory.support.AbstractBeanFactory.lambda$doGetBean$0(AbstractBeanFactory.java:333)
	at org.springframework.beans.factory.support.DefaultSingletonBeanRegistry.getSingleton(DefaultSingletonBeanRegistry.java:371)
	at org.springframework.beans.factory.support.AbstractBeanFactory.doGetBean(AbstractBeanFactory.java:331)
	at org.springframework.beans.factory.support.AbstractBeanFactory.getBean(AbstractBeanFactory.java:201)
	at org.springframework.context.support.AbstractApplicationContext.finishBeanFactoryInitialization(AbstractApplicationContext.java:977)
	at org.springframework.context.support.AbstractApplicationContext.refresh(AbstractApplicationContext.java:621)
	at org.springframework.boot.web.server.servlet.context.ServletWebServerApplicationContext.refresh(ServletWebServerApplicationContext.java:143)
	at org.springframework.boot.SpringApplication.refresh(SpringApplication.java:756)
	at org.springframework.boot.SpringApplication.refreshContext(SpringApplication.java:445)
	at org.springframework.boot.SpringApplication.run(SpringApplication.java:321)
	at org.springframework.boot.SpringApplication.run(SpringApplication.java:1365)
	at org.springframework.boot.SpringApplication.run(SpringApplication.java:1354)
	at com.office.calendaradmin.CalendarAdminApplication.main(CalendarApplication.java:12)
	at java.base/jdk.internal.reflect.NativeMethodAccessorImpl.invoke0(Native Method)
	at java.base/jdk.internal.reflect.NativeMethodAccessorImpl.invoke(NativeMethodAccessorImpl.java:77)
	at java.base/jdk.internal.reflect.DelegatingMethodAccessorImpl.invoke(DelegatingMethodAccessorImpl.java:43)
	at java.base/java.lang.reflect.Method.invoke(Method.java:568)
	at org.springframework.boot.devtools.restart.RestartLauncher.run(RestartLauncher.java:52)
Caused by: java.sql.SQLException: Referencing column 'authority_no' and referenced column 'no' in foreign key constraint 'FK5yi94mub7yelh1efo6dm5k9f1' are incompatible.
	at com.mysql.cj.jdbc.exceptions.SQLError.createSQLException(SQLError.java:121)
	at com.mysql.cj.jdbc.exceptions.SQLExceptionsMapping.translateException(SQLExceptionsMapping.java:114)
	at com.mysql.cj.jdbc.StatementImpl.executeInternal(StatementImpl.java:839)
	at com.mysql.cj.jdbc.StatementImpl.execute(StatementImpl.java:687)
	at com.zaxxer.hikari.pool.ProxyStatement.execute(ProxyStatement.java:95)
	at com.zaxxer.hikari.pool.HikariProxyStatement.execute(HikariProxyStatement.java)
	at org.hibernate.tool.schema.internal.exec.GenerationTargetToDatabase.accept(GenerationTargetToDatabase.java:86)
	... 42 more
2026-09-18 09:22:41 INFO  [orm.jpa.LocalContainerEntityManagerFactoryBean] - Initialized JPA EntityManagerFactory for persistence unit 'default'
2026-09-18 09:22:41 WARN  [schema.internal.ExceptionHandlerLoggedImpl] - GenerationTarget encountered exception accepting command : Error executing DDL "
    alter table user_member 
       add constraint FK5yi94mub7yelh1efo6dm5k9f1 
       foreign key (authority_no) 
       references user_authority (no)" via JDBC [Referencing column 'authority_no' and referenced column 'no' in foreign key constraint 'FK5yi94mub7yelh1efo6dm5k9f1' are incompatible.]
org.hibernate.tool.schema.spi.CommandAcceptanceException: Error executing DDL "
    alter table user_member 
       add constraint FK5yi94mub7yelh1efo6dm5k9f1 
       foreign key (authority_no) 
       references user_authority (no)" via JDBC [Referencing column 'authority_no' and referenced column 'no' in foreign key constraint 'FK5yi94mub7yelh1efo6dm5k9f1' are incompatible.]
	at org.hibernate.tool.schema.internal.exec.GenerationTargetToDatabase.accept(GenerationTargetToDatabase.java:91)
	at org.hibernate.tool.schema.internal.AbstractSchemaMigrator.applySqlString(AbstractSchemaMigrator.java:566)
	at org.hibernate.tool.schema.internal.AbstractSchemaMigrator.applySqlStrings(AbstractSchemaMigrator.java:506)
	at org.hibernate.tool.schema.internal.AbstractSchemaMigrator.applyForeignKeys(AbstractSchemaMigrator.java:438)
	at org.hibernate.tool.schema.internal.AbstractSchemaMigrator.performMigration(AbstractSchemaMigrator.java:256)
	at org.hibernate.tool.schema.internal.AbstractSchemaMigrator.doMigration(AbstractSchemaMigrator.java:96)
	at org.hibernate.tool.schema.spi.SchemaManagementToolCoordinator.performDatabaseAction(SchemaManagementToolCoordinator.java:269)
	at org.hibernate.tool.schema.spi.SchemaManagementToolCoordinator.lambda$process$1(SchemaManagementToolCoordinator.java:101)
	at java.base/java.util.HashMap.forEach(HashMap.java:1421)
	at org.hibernate.tool.schema.spi.SchemaManagementToolCoordinator.process(SchemaManagementToolCoordinator.java:100)
	at org.hibernate.boot.internal.SessionFactoryObserverForSchemaExport.sessionFactoryCreated(SessionFactoryObserverForSchemaExport.java:35)
	at org.hibernate.internal.SessionFactoryObserverChain.sessionFactoryCreated(SessionFactoryObserverChain.java:33)
	at org.hibernate.internal.SessionFactoryImpl.<init>(SessionFactoryImpl.java:327)
	at org.hibernate.internal.SessionFactoryRegistry.instantiateSessionFactory(SessionFactoryRegistry.java:64)
	at org.hibernate.boot.internal.SessionFactoryBuilderImpl.build(SessionFactoryBuilderImpl.java:458)
	at org.hibernate.jpa.boot.internal.EntityManagerFactoryBuilderImpl.build(EntityManagerFactoryBuilderImpl.java:1452)
	at org.springframework.orm.jpa.vendor.SpringHibernateJpaPersistenceProvider.createContainerEntityManagerFactory(SpringHibernateJpaPersistenceProvider.java:93)
	at org.springframework.orm.jpa.LocalContainerEntityManagerFactoryBean.createNativeEntityManagerFactory(LocalContainerEntityManagerFactoryBean.java:443)
	at org.springframework.orm.jpa.AbstractEntityManagerFactoryBean.buildNativeEntityManagerFactory(AbstractEntityManagerFactoryBean.java:436)
	at org.springframework.orm.jpa.AbstractEntityManagerFactoryBean.afterPropertiesSet(AbstractEntityManagerFactoryBean.java:411)
	at org.springframework.orm.jpa.LocalContainerEntityManagerFactoryBean.afterPropertiesSet(LocalContainerEntityManagerFactoryBean.java:419)
	at org.springframework.beans.factory.support.AbstractAutowireCapableBeanFactory.invokeInitMethods(AbstractAutowireCapableBeanFactory.java:1862)
	at org.springframework.beans.factory.support.AbstractAutowireCapableBeanFactory.initializeBean(AbstractAutowireCapableBeanFactory.java:1811)
	at org.springframework.beans.factory.support.AbstractAutowireCapableBeanFactory.doCreateBean(AbstractAutowireCapableBeanFactory.java:603)
	at org.springframework.beans.factory.support.AbstractAutowireCapableBeanFactory.createBean(AbstractAutowireCapableBeanFactory.java:525)
	at org.springframework.beans.factory.support.AbstractBeanFactory.lambda$doGetBean$0(AbstractBeanFactory.java:333)
	at org.springframework.beans.factory.support.DefaultSingletonBeanRegistry.getSingleton(DefaultSingletonBeanRegistry.java:371)
	at org.springframework.beans.factory.support.AbstractBeanFactory.doGetBean(AbstractBeanFactory.java:331)
	at org.springframework.beans.factory.support.AbstractBeanFactory.getBean(AbstractBeanFactory.java:201)
	at org.springframework.context.support.AbstractApplicationContext.finishBeanFactoryInitialization(AbstractApplicationContext.java:977)
	at org.springframework.context.support.AbstractApplicationContext.refresh(AbstractApplicationContext.java:621)
	at org.springframework.boot.web.server.servlet.context.ServletWebServerApplicationContext.refresh(ServletWebServerApplicationContext.java:143)
	at org.springframework.boot.SpringApplication.refresh(SpringApplication.java:756)
	at org.springframework.boot.SpringApplication.refreshContext(SpringApplication.java:445)
	at org.springframework.boot.SpringApplication.run(SpringApplication.java:321)
	at org.springframework.boot.SpringApplication.run(SpringApplication.java:1365)
	at org.springframework.boot.SpringApplication.run(SpringApplication.java:1354)
	at com.office.calendaradmin.CalendarAdminApplication.main(CalendarApplication.java:12)
	at java.base/jdk.internal.reflect.NativeMethodAccessorImpl.invoke0(Native Method)
	at java.base/jdk.internal.reflect.NativeMethodAccessorImpl.invoke(NativeMethodAccessorImpl.java:77)
	at java.base/jdk.internal.reflect.DelegatingMethodAccessorImpl.invoke(DelegatingMethodAccessorImpl.java:43)
	at java.base/java.lang.reflect.Method.invoke(Method.java:568)
	at org.springframework.boot.devtools.restart.RestartLauncher.run(RestartLauncher.java:52)
Caused by: java.sql.SQLException: Referencing column 'authority_no' and referenced column 'no' in foreign key constraint 'FK5yi94mub7yelh1efo6dm5k9f1' are incompatible.
	at com.mysql.cj.jdbc.exceptions.SQLError.createSQLException(SQLError.java:121)
	at com.mysql.cj.jdbc.exceptions.SQLExceptionsMapping.translateException(SQLExceptionsMapping.java:114)
	at com.mysql.cj.jdbc.StatementImpl.executeInternal(StatementImpl.java:839)
	at com.mysql.cj.jdbc.StatementImpl.execute(StatementImpl.java:687)
	at com.zaxxer.hikari.pool.ProxyStatement.execute(ProxyStatement.java:95)
	at com.zaxxer.hikari.pool.HikariProxyStatement.execute(HikariProxyStatement.java)
	at org.hibernate.tool.schema.internal.exec.GenerationTargetToDatabase.accept(GenerationTargetToDatabase.java:86)
	... 42 more
2026-09-18 09:22:41 INFO  [orm.jpa.LocalContainerEntityManagerFactoryBean] - Initialized JPA EntityManagerFactory for persistence unit 'default'
2026-09-18 09:22:41 INFO  [repository.query.QueryEnhancerFactories] - Hibernate is in classpath; If applicable, HQL parser will be used.
2026-09-18 09:22:42 INFO  [repository.query.QueryEnhancerFactories] - Hibernate is in classpath; If applicable, HQL parser will be used.
2026-09-18 09:22:42 WARN  [jpa.autoconfigure.JpaBaseConfiguration$JpaWebConfiguration] - spring.jpa.open-in-view is enabled by default. Therefore, database queries may be performed during view rendering. Explicitly configure spring.jpa.open-in-view to disable this warning
2026-09-18 09:22:42 INFO  [authentication.configuration.InitializeUserDetailsBeanManagerConfigurer$InitializeUserDetailsManagerConfigurer] - Global AuthenticationManager configured with UserDetailsService bean with name memberDetailsService
2026-09-18 09:22:42 WARN  [jpa.autoconfigure.JpaBaseConfiguration$JpaWebConfiguration] - spring.jpa.open-in-view is enabled by default. Therefore, database queries may be performed during view rendering. Explicitly configure spring.jpa.open-in-view to disable this warning
2026-09-18 09:22:42 INFO  [authentication.configuration.InitializeUserDetailsBeanManagerConfigurer$InitializeUserDetailsManagerConfigurer] - Global AuthenticationManager configured with UserDetailsService bean with name memberDetailsService
2026-09-18 09:22:42 INFO  [boot.tomcat.TomcatWebServer] - Tomcat started on port 8091 (http) with context path '/'
2026-09-18 09:22:42 INFO  [boot.tomcat.GracefulShutdown] - Commencing graceful shutdown. Waiting for active requests to complete
2026-09-18 09:22:43 INFO  [boot.tomcat.GracefulShutdown] - Graceful shutdown complete
2026-09-18 09:22:43 INFO  [orm.jpa.LocalContainerEntityManagerFactoryBean] - Closing JPA EntityManagerFactory for persistence unit 'default'
2026-09-18 09:22:43 INFO  [zaxxer.hikari.HikariDataSource] - HikariPool-1 - Shutdown initiated...
2026-09-18 09:22:43 INFO  [zaxxer.hikari.HikariDataSource] - HikariPool-1 - Shutdown completed.
2026-09-18 09:22:49 INFO  [devtools.env.DevToolsPropertyDefaultsPostProcessor] - Devtools property defaults active! Set 'spring.devtools.add-properties' to 'false' to disable
2026-09-18 09:22:49 INFO  [devtools.env.DevToolsPropertyDefaultsPostProcessor] - For additional web related logging consider setting the 'logging.level.web' property to 'DEBUG'
2026-09-18 09:22:50 INFO  [repository.config.RepositoryConfigurationDelegate] - Bootstrapping Spring Data JPA repositories in DEFAULT mode.
2026-09-18 09:22:50 INFO  [repository.config.RepositoryConfigurationDelegate] - Finished Spring Data repository scanning in 52 ms. Found 2 JPA repository interfaces.
2026-09-18 09:22:51 INFO  [boot.tomcat.TomcatWebServer] - Tomcat initialized with port 8091 (http)
2026-09-18 09:22:51 INFO  [coyote.http11.Http11NioProtocol] - Initializing ProtocolHandler ["http-nio-8091"]
2026-09-18 09:22:51 INFO  [catalina.core.StandardService] - Starting service [Tomcat]
2026-09-18 09:22:51 INFO  [catalina.core.StandardEngine] - Starting Servlet engine: [Apache Tomcat/11.0.24]
2026-09-18 09:22:51 INFO  [context.servlet.WebApplicationContextInitializer] - Root WebApplicationContext: initialization completed in 1730 ms
2026-09-18 09:22:51 INFO  [hibernate.orm.jpa] - HHH008540: Processing PersistenceUnitInfo [name: default]
2026-09-18 09:22:51 INFO  [hibernate.orm.core] - HHH000001: Hibernate ORM core version 7.4.5.Final
2026-09-18 09:22:52 INFO  [jpa.persistenceunit.SpringPersistenceUnitInfo] - No LoadTimeWeaver setup: ignoring JPA class transformer
2026-09-18 09:22:52 INFO  [zaxxer.hikari.HikariDataSource] - HikariPool-1 - Starting...
2026-09-18 09:22:53 INFO  [hikari.pool.HikariPool] - HikariPool-1 - Added connection com.mysql.cj.jdbc.ConnectionImpl@52ec5290
2026-09-18 09:22:53 INFO  [zaxxer.hikari.HikariDataSource] - HikariPool-1 - Start completed.
2026-09-18 09:22:53 WARN  [hibernate.orm.deprecation] - HHH90000025: MySQLDialect does not need to be specified explicitly using 'hibernate.dialect' (remove the property setting and it will be selected by default)
2026-09-18 09:22:53 INFO  [orm.connections.pooling] - HHH10001005: Database info:
	Database JDBC URL [jdbc:mysql://localhost:3306/DB_CALENDAR]
	Database driver: MySQL Connector/J
	Database dialect: MySQLDialect
	Database version: 8.0.46
	Default catalog/schema: DB_CALENDAR/undefined
	Autocommit mode: undefined/unknown
	Isolation level: REPEATABLE_READ [default REPEATABLE_READ]
	JDBC fetch size: none
	Pool: DataSourceConnectionProvider
	Minimum pool size: undefined/unknown
	Maximum pool size: undefined/unknown
2026-09-18 09:22:54 INFO  [hibernate.orm.core] - HHH000489: No JTA platform available (set 'hibernate.transaction.jta.platform' to enable JTA platform integration)
2026-09-18 09:22:54 WARN  [schema.internal.ExceptionHandlerLoggedImpl] - GenerationTarget encountered exception accepting command : Error executing DDL "
    alter table user_member 
       add constraint FK5yi94mub7yelh1efo6dm5k9f1 
       foreign key (authority_no) 
       references user_authority (no)" via JDBC [Referencing column 'authority_no' and referenced column 'no' in foreign key constraint 'FK5yi94mub7yelh1efo6dm5k9f1' are incompatible.]
org.hibernate.tool.schema.spi.CommandAcceptanceException: Error executing DDL "
    alter table user_member 
       add constraint FK5yi94mub7yelh1efo6dm5k9f1 
       foreign key (authority_no) 
       references user_authority (no)" via JDBC [Referencing column 'authority_no' and referenced column 'no' in foreign key constraint 'FK5yi94mub7yelh1efo6dm5k9f1' are incompatible.]
	at org.hibernate.tool.schema.internal.exec.GenerationTargetToDatabase.accept(GenerationTargetToDatabase.java:91)
	at org.hibernate.tool.schema.internal.AbstractSchemaMigrator.applySqlString(AbstractSchemaMigrator.java:566)
	at org.hibernate.tool.schema.internal.AbstractSchemaMigrator.applySqlStrings(AbstractSchemaMigrator.java:506)
	at org.hibernate.tool.schema.internal.AbstractSchemaMigrator.applyForeignKeys(AbstractSchemaMigrator.java:438)
	at org.hibernate.tool.schema.internal.AbstractSchemaMigrator.performMigration(AbstractSchemaMigrator.java:256)
	at org.hibernate.tool.schema.internal.AbstractSchemaMigrator.doMigration(AbstractSchemaMigrator.java:96)
	at org.hibernate.tool.schema.spi.SchemaManagementToolCoordinator.performDatabaseAction(SchemaManagementToolCoordinator.java:269)
	at org.hibernate.tool.schema.spi.SchemaManagementToolCoordinator.lambda$process$1(SchemaManagementToolCoordinator.java:101)
	at java.base/java.util.HashMap.forEach(HashMap.java:1421)
	at org.hibernate.tool.schema.spi.SchemaManagementToolCoordinator.process(SchemaManagementToolCoordinator.java:100)
	at org.hibernate.boot.internal.SessionFactoryObserverForSchemaExport.sessionFactoryCreated(SessionFactoryObserverForSchemaExport.java:35)
	at org.hibernate.internal.SessionFactoryObserverChain.sessionFactoryCreated(SessionFactoryObserverChain.java:33)
	at org.hibernate.internal.SessionFactoryImpl.<init>(SessionFactoryImpl.java:327)
	at org.hibernate.internal.SessionFactoryRegistry.instantiateSessionFactory(SessionFactoryRegistry.java:64)
	at org.hibernate.boot.internal.SessionFactoryBuilderImpl.build(SessionFactoryBuilderImpl.java:458)
	at org.hibernate.jpa.boot.internal.EntityManagerFactoryBuilderImpl.build(EntityManagerFactoryBuilderImpl.java:1452)
	at org.springframework.orm.jpa.vendor.SpringHibernateJpaPersistenceProvider.createContainerEntityManagerFactory(SpringHibernateJpaPersistenceProvider.java:93)
	at org.springframework.orm.jpa.LocalContainerEntityManagerFactoryBean.createNativeEntityManagerFactory(LocalContainerEntityManagerFactoryBean.java:443)
	at org.springframework.orm.jpa.AbstractEntityManagerFactoryBean.buildNativeEntityManagerFactory(AbstractEntityManagerFactoryBean.java:436)
	at org.springframework.orm.jpa.AbstractEntityManagerFactoryBean.afterPropertiesSet(AbstractEntityManagerFactoryBean.java:411)
	at org.springframework.orm.jpa.LocalContainerEntityManagerFactoryBean.afterPropertiesSet(LocalContainerEntityManagerFactoryBean.java:419)
	at org.springframework.beans.factory.support.AbstractAutowireCapableBeanFactory.invokeInitMethods(AbstractAutowireCapableBeanFactory.java:1862)
	at org.springframework.beans.factory.support.AbstractAutowireCapableBeanFactory.initializeBean(AbstractAutowireCapableBeanFactory.java:1811)
	at org.springframework.beans.factory.support.AbstractAutowireCapableBeanFactory.doCreateBean(AbstractAutowireCapableBeanFactory.java:603)
	at org.springframework.beans.factory.support.AbstractAutowireCapableBeanFactory.createBean(AbstractAutowireCapableBeanFactory.java:525)
	at org.springframework.beans.factory.support.AbstractBeanFactory.lambda$doGetBean$0(AbstractBeanFactory.java:333)
	at org.springframework.beans.factory.support.DefaultSingletonBeanRegistry.getSingleton(DefaultSingletonBeanRegistry.java:371)
	at org.springframework.beans.factory.support.AbstractBeanFactory.doGetBean(AbstractBeanFactory.java:331)
	at org.springframework.beans.factory.support.AbstractBeanFactory.getBean(AbstractBeanFactory.java:201)
	at org.springframework.context.support.AbstractApplicationContext.finishBeanFactoryInitialization(AbstractApplicationContext.java:977)
	at org.springframework.context.support.AbstractApplicationContext.refresh(AbstractApplicationContext.java:621)
	at org.springframework.boot.web.server.servlet.context.ServletWebServerApplicationContext.refresh(ServletWebServerApplicationContext.java:143)
	at org.springframework.boot.SpringApplication.refresh(SpringApplication.java:756)
	at org.springframework.boot.SpringApplication.refreshContext(SpringApplication.java:445)
	at org.springframework.boot.SpringApplication.run(SpringApplication.java:321)
	at org.springframework.boot.SpringApplication.run(SpringApplication.java:1365)
	at org.springframework.boot.SpringApplication.run(SpringApplication.java:1354)
	at com.office.calendaradmin.CalendarAdminApplication.main(CalendarApplication.java:12)
	at java.base/jdk.internal.reflect.NativeMethodAccessorImpl.invoke0(Native Method)
	at java.base/jdk.internal.reflect.NativeMethodAccessorImpl.invoke(NativeMethodAccessorImpl.java:77)
	at java.base/jdk.internal.reflect.DelegatingMethodAccessorImpl.invoke(DelegatingMethodAccessorImpl.java:43)
	at java.base/java.lang.reflect.Method.invoke(Method.java:568)
	at org.springframework.boot.devtools.restart.RestartLauncher.run(RestartLauncher.java:52)
Caused by: java.sql.SQLException: Referencing column 'authority_no' and referenced column 'no' in foreign key constraint 'FK5yi94mub7yelh1efo6dm5k9f1' are incompatible.
	at com.mysql.cj.jdbc.exceptions.SQLError.createSQLException(SQLError.java:121)
	at com.mysql.cj.jdbc.exceptions.SQLExceptionsMapping.translateException(SQLExceptionsMapping.java:114)
	at com.mysql.cj.jdbc.StatementImpl.executeInternal(StatementImpl.java:839)
	at com.mysql.cj.jdbc.StatementImpl.execute(StatementImpl.java:687)
	at com.zaxxer.hikari.pool.ProxyStatement.execute(ProxyStatement.java:95)
	at com.zaxxer.hikari.pool.HikariProxyStatement.execute(HikariProxyStatement.java)
	at org.hibernate.tool.schema.internal.exec.GenerationTargetToDatabase.accept(GenerationTargetToDatabase.java:86)
	... 42 more
2026-09-18 09:22:54 INFO  [orm.jpa.LocalContainerEntityManagerFactoryBean] - Initialized JPA EntityManagerFactory for persistence unit 'default'
2026-09-18 09:22:55 INFO  [repository.query.QueryEnhancerFactories] - Hibernate is in classpath; If applicable, HQL parser will be used.
2026-09-18 09:22:55 WARN  [jpa.autoconfigure.JpaBaseConfiguration$JpaWebConfiguration] - spring.jpa.open-in-view is enabled by default. Therefore, database queries may be performed during view rendering. Explicitly configure spring.jpa.open-in-view to disable this warning
2026-09-18 09:22:55 INFO  [authentication.configuration.InitializeUserDetailsBeanManagerConfigurer$InitializeUserDetailsManagerConfigurer] - Global AuthenticationManager configured with UserDetailsService bean with name memberDetailsService
2026-09-18 09:22:56 INFO  [coyote.http11.Http11NioProtocol] - Starting ProtocolHandler ["http-nio-8091"]
2026-09-18 09:22:56 INFO  [boot.tomcat.TomcatWebServer] - Tomcat started on port 8091 (http) with context path '/'
2026-09-18 09:23:00 INFO  [[Tomcat].[localhost].[/]] - Initializing Spring DispatcherServlet 'dispatcherServlet'
2026-09-18 09:23:00 INFO  [web.servlet.DispatcherServlet] - Initializing Servlet 'dispatcherServlet'
2026-09-18 09:23:00 INFO  [web.servlet.DispatcherServlet] - Completed initialization in 1 ms
2026-09-18 09:23:17 INFO  [boot.tomcat.GracefulShutdown] - Commencing graceful shutdown. Waiting for active requests to complete
2026-09-18 09:23:17 INFO  [boot.tomcat.GracefulShutdown] - Graceful shutdown complete
2026-09-18 09:23:17 INFO  [orm.jpa.LocalContainerEntityManagerFactoryBean] - Closing JPA EntityManagerFactory for persistence unit 'default'
2026-09-18 09:23:17 INFO  [zaxxer.hikari.HikariDataSource] - HikariPool-1 - Shutdown initiated...
2026-09-18 09:23:17 INFO  [zaxxer.hikari.HikariDataSource] - HikariPool-1 - Shutdown completed.
2026-09-18 09:43:20 INFO  [devtools.env.DevToolsPropertyDefaultsPostProcessor] - Devtools property defaults active! Set 'spring.devtools.add-properties' to 'false' to disable
2026-09-18 09:43:20 INFO  [devtools.env.DevToolsPropertyDefaultsPostProcessor] - For additional web related logging consider setting the 'logging.level.web' property to 'DEBUG'
2026-09-18 09:43:21 INFO  [repository.config.RepositoryConfigurationDelegate] - Bootstrapping Spring Data JPA repositories in DEFAULT mode.
2026-09-18 09:43:21 INFO  [repository.config.RepositoryConfigurationDelegate] - Finished Spring Data repository scanning in 38 ms. Found 2 JPA repository interfaces.
2026-09-18 09:43:22 INFO  [boot.tomcat.TomcatWebServer] - Tomcat initialized with port 8091 (http)
2026-09-18 09:43:22 INFO  [coyote.http11.Http11NioProtocol] - Initializing ProtocolHandler ["http-nio-8091"]
2026-09-18 09:43:22 INFO  [catalina.core.StandardService] - Starting service [Tomcat]
2026-09-18 09:43:22 INFO  [catalina.core.StandardEngine] - Starting Servlet engine: [Apache Tomcat/11.0.24]
2026-09-18 09:43:22 INFO  [context.servlet.WebApplicationContextInitializer] - Root WebApplicationContext: initialization completed in 1662 ms
2026-09-18 09:43:22 INFO  [hibernate.orm.jpa] - HHH008540: Processing PersistenceUnitInfo [name: default]
2026-09-18 09:43:22 INFO  [hibernate.orm.core] - HHH000001: Hibernate ORM core version 7.4.5.Final
2026-09-18 09:43:23 INFO  [jpa.persistenceunit.SpringPersistenceUnitInfo] - No LoadTimeWeaver setup: ignoring JPA class transformer
2026-09-18 09:43:23 INFO  [zaxxer.hikari.HikariDataSource] - HikariPool-1 - Starting...
2026-09-18 09:43:23 INFO  [hikari.pool.HikariPool] - HikariPool-1 - Added connection com.mysql.cj.jdbc.ConnectionImpl@482636c9
2026-09-18 09:43:23 INFO  [zaxxer.hikari.HikariDataSource] - HikariPool-1 - Start completed.
2026-09-18 09:43:23 WARN  [hibernate.orm.deprecation] - HHH90000025: MySQLDialect does not need to be specified explicitly using 'hibernate.dialect' (remove the property setting and it will be selected by default)
2026-09-18 09:43:24 INFO  [orm.connections.pooling] - HHH10001005: Database info:
	Database JDBC URL [jdbc:mysql://localhost:3306/DB_CALENDAR]
	Database driver: MySQL Connector/J
	Database dialect: MySQLDialect
	Database version: 8.0.46
	Default catalog/schema: DB_CALENDAR/undefined
	Autocommit mode: undefined/unknown
	Isolation level: REPEATABLE_READ [default REPEATABLE_READ]
	JDBC fetch size: none
	Pool: DataSourceConnectionProvider
	Minimum pool size: undefined/unknown
	Maximum pool size: undefined/unknown
2026-09-18 09:43:25 INFO  [hibernate.orm.core] - HHH000489: No JTA platform available (set 'hibernate.transaction.jta.platform' to enable JTA platform integration)
2026-09-18 09:43:25 INFO  [orm.jpa.LocalContainerEntityManagerFactoryBean] - Initialized JPA EntityManagerFactory for persistence unit 'default'
2026-09-18 09:43:25 INFO  [repository.query.QueryEnhancerFactories] - Hibernate is in classpath; If applicable, HQL parser will be used.
2026-09-18 09:43:26 WARN  [jpa.autoconfigure.JpaBaseConfiguration$JpaWebConfiguration] - spring.jpa.open-in-view is enabled by default. Therefore, database queries may be performed during view rendering. Explicitly configure spring.jpa.open-in-view to disable this warning
2026-09-18 09:43:26 INFO  [authentication.configuration.InitializeUserDetailsBeanManagerConfigurer$InitializeUserDetailsManagerConfigurer] - Global AuthenticationManager configured with UserDetailsService bean with name memberDetailsService
2026-09-18 09:43:26 INFO  [coyote.http11.Http11NioProtocol] - Starting ProtocolHandler ["http-nio-8091"]
2026-09-18 09:43:26 INFO  [boot.tomcat.TomcatWebServer] - Tomcat started on port 8091 (http) with context path '/'
2026-09-18 09:44:51 INFO  [[Tomcat].[localhost].[/]] - Initializing Spring DispatcherServlet 'dispatcherServlet'
2026-09-18 09:44:51 INFO  [web.servlet.DispatcherServlet] - Initializing Servlet 'dispatcherServlet'
2026-09-18 09:44:51 INFO  [web.servlet.DispatcherServlet] - Completed initialization in 1 ms
2026-09-18 09:45:04 INFO  [boot.tomcat.GracefulShutdown] - Commencing graceful shutdown. Waiting for active requests to complete
2026-09-18 09:45:04 INFO  [boot.tomcat.GracefulShutdown] - Graceful shutdown complete
2026-09-18 09:45:04 INFO  [orm.jpa.LocalContainerEntityManagerFactoryBean] - Closing JPA EntityManagerFactory for persistence unit 'default'
2026-09-18 09:45:04 INFO  [zaxxer.hikari.HikariDataSource] - HikariPool-1 - Shutdown initiated...
2026-09-18 09:45:04 INFO  [zaxxer.hikari.HikariDataSource] - HikariPool-1 - Shutdown completed.
2026-09-18 10:03:06 INFO  [devtools.env.DevToolsPropertyDefaultsPostProcessor] - Devtools property defaults active! Set 'spring.devtools.add-properties' to 'false' to disable
2026-09-18 10:03:06 INFO  [devtools.env.DevToolsPropertyDefaultsPostProcessor] - For additional web related logging consider setting the 'logging.level.web' property to 'DEBUG'
2026-09-18 10:03:07 INFO  [repository.config.RepositoryConfigurationDelegate] - Bootstrapping Spring Data JPA repositories in DEFAULT mode.
2026-09-18 10:03:07 INFO  [repository.config.RepositoryConfigurationDelegate] - Finished Spring Data repository scanning in 44 ms. Found 2 JPA repository interfaces.
2026-09-18 10:03:07 INFO  [boot.tomcat.TomcatWebServer] - Tomcat initialized with port 8091 (http)
2026-09-18 10:03:07 INFO  [coyote.http11.Http11NioProtocol] - Initializing ProtocolHandler ["http-nio-8091"]
2026-09-18 10:03:07 INFO  [catalina.core.StandardService] - Starting service [Tomcat]
2026-09-18 10:03:07 INFO  [catalina.core.StandardEngine] - Starting Servlet engine: [Apache Tomcat/11.0.24]
2026-09-18 10:03:07 INFO  [context.servlet.WebApplicationContextInitializer] - Root WebApplicationContext: initialization completed in 1712 ms
2026-09-18 10:03:08 INFO  [hibernate.orm.jpa] - HHH008540: Processing PersistenceUnitInfo [name: default]
2026-09-18 10:03:08 INFO  [hibernate.orm.core] - HHH000001: Hibernate ORM core version 7.4.5.Final
2026-09-18 10:03:08 INFO  [jpa.persistenceunit.SpringPersistenceUnitInfo] - No LoadTimeWeaver setup: ignoring JPA class transformer
2026-09-18 10:03:08 INFO  [zaxxer.hikari.HikariDataSource] - HikariPool-1 - Starting...
2026-09-18 10:03:09 INFO  [hikari.pool.HikariPool] - HikariPool-1 - Added connection com.mysql.cj.jdbc.ConnectionImpl@a4ecb14
2026-09-18 10:03:09 INFO  [zaxxer.hikari.HikariDataSource] - HikariPool-1 - Start completed.
2026-09-18 10:03:09 WARN  [hibernate.orm.deprecation] - HHH90000025: MySQLDialect does not need to be specified explicitly using 'hibernate.dialect' (remove the property setting and it will be selected by default)
2026-09-18 10:03:09 INFO  [orm.connections.pooling] - HHH10001005: Database info:
	Database JDBC URL [jdbc:mysql://localhost:3306/DB_CALENDAR]
	Database driver: MySQL Connector/J
	Database dialect: MySQLDialect
	Database version: 8.0.46
	Default catalog/schema: DB_CALENDAR/undefined
	Autocommit mode: undefined/unknown
	Isolation level: REPEATABLE_READ [default REPEATABLE_READ]
	JDBC fetch size: none
	Pool: DataSourceConnectionProvider
	Minimum pool size: undefined/unknown
	Maximum pool size: undefined/unknown
2026-09-18 10:03:10 INFO  [hibernate.orm.core] - HHH000489: No JTA platform available (set 'hibernate.transaction.jta.platform' to enable JTA platform integration)
2026-09-18 10:03:10 INFO  [orm.jpa.LocalContainerEntityManagerFactoryBean] - Initialized JPA EntityManagerFactory for persistence unit 'default'
2026-09-18 10:03:10 INFO  [repository.query.QueryEnhancerFactories] - Hibernate is in classpath; If applicable, HQL parser will be used.
2026-09-18 10:03:10 WARN  [jpa.autoconfigure.JpaBaseConfiguration$JpaWebConfiguration] - spring.jpa.open-in-view is enabled by default. Therefore, database queries may be performed during view rendering. Explicitly configure spring.jpa.open-in-view to disable this warning
2026-09-18 10:03:10 INFO  [authentication.configuration.InitializeUserDetailsBeanManagerConfigurer$InitializeUserDetailsManagerConfigurer] - Global AuthenticationManager configured with UserDetailsService bean with name memberDetailsService
2026-09-18 10:03:11 INFO  [coyote.http11.Http11NioProtocol] - Starting ProtocolHandler ["http-nio-8091"]
2026-09-18 10:03:11 INFO  [boot.tomcat.TomcatWebServer] - Tomcat started on port 8091 (http) with context path '/'
2026-09-18 10:03:15 INFO  [[Tomcat].[localhost].[/]] - Initializing Spring DispatcherServlet 'dispatcherServlet'
2026-09-18 10:03:15 INFO  [web.servlet.DispatcherServlet] - Initializing Servlet 'dispatcherServlet'
2026-09-18 10:03:15 INFO  [web.servlet.DispatcherServlet] - Completed initialization in 1 ms
2026-09-18 10:04:06 WARN  [orm.jdbc.error] - HHH000247: ErrorCode: 1406, SQLState: 22001
2026-09-18 10:04:06 WARN  [orm.jdbc.error] - Data truncation: Data too long for column 'mail' at row 1
2026-09-18 10:04:06 ERROR [[localhost].[/].[dispatcherServlet]] - Servlet.service() for servlet [dispatcherServlet] in context with path [] threw exception [Request processing failed: org.springframework.dao.DataIntegrityViolationException: could not execute statement [Data truncation: Data too long for column 'mail' at row 1] [insert into admin_member (authority_no,id,mail,mod_date,phone,pw,reg_date) values (?,?,?,?,?,?,?)]; SQL [insert into admin_member (authority_no,id,mail,mod_date,phone,pw,reg_date) values (?,?,?,?,?,?,?)]] with root cause
com.mysql.cj.jdbc.exceptions.MysqlDataTruncation: Data truncation: Data too long for column 'mail' at row 1
	at com.mysql.cj.jdbc.exceptions.SQLExceptionsMapping.translateException(SQLExceptionsMapping.java:96)
	at com.mysql.cj.jdbc.ClientPreparedStatement.executeInternal(ClientPreparedStatement.java:988)
	at com.mysql.cj.jdbc.ClientPreparedStatement.executeUpdateInternal(ClientPreparedStatement.java:1166)
	at com.mysql.cj.jdbc.ClientPreparedStatement.executeUpdateInternal(ClientPreparedStatement.java:1101)
	at com.mysql.cj.jdbc.ClientPreparedStatement.executeLargeUpdate(ClientPreparedStatement.java:1448)
	at com.mysql.cj.jdbc.ClientPreparedStatement.executeUpdate(ClientPreparedStatement.java:1084)
	at com.zaxxer.hikari.pool.ProxyPreparedStatement.executeUpdate(ProxyPreparedStatement.java:61)
	at com.zaxxer.hikari.pool.HikariProxyPreparedStatement.executeUpdate(HikariProxyPreparedStatement.java)
	at org.hibernate.engine.jdbc.internal.ResultSetReturnImpl.executeUpdate(ResultSetReturnImpl.java:185)
	at org.hibernate.id.insert.GetGeneratedKeysDelegate.performMutation(GetGeneratedKeysDelegate.java:96)
	at org.hibernate.engine.jdbc.mutation.internal.MutationExecutorSingleNonBatched.performNonBatchedOperations(MutationExecutorSingleNonBatched.java:45)
	at org.hibernate.engine.jdbc.mutation.internal.AbstractMutationExecutor.execute(AbstractMutationExecutor.java:65)
	at org.hibernate.engine.jdbc.mutation.internal.AbstractMutationExecutor.execute(AbstractMutationExecutor.java:54)
	at org.hibernate.persister.entity.mutation.InsertCoordinatorStandard.doStaticInserts(InsertCoordinatorStandard.java:183)
	at org.hibernate.persister.entity.mutation.InsertCoordinatorStandard.coordinateInsert(InsertCoordinatorStandard.java:123)
	at org.hibernate.persister.entity.mutation.InsertCoordinatorStandard.insert(InsertCoordinatorStandard.java:87)
	at org.hibernate.action.internal.EntityIdentityInsertAction.execute(EntityIdentityInsertAction.java:87)
	at org.hibernate.engine.spi.ActionQueue.execute(ActionQueue.java:667)
	at org.hibernate.engine.spi.ActionQueue.addResolvedEntityInsertAction(ActionQueue.java:291)
	at org.hibernate.engine.spi.ActionQueue.addInsertAction(ActionQueue.java:270)
	at org.hibernate.engine.spi.ActionQueue.addAction(ActionQueue.java:322)
	at org.hibernate.event.internal.AbstractSaveEventListener.addInsertAction(AbstractSaveEventListener.java:384)
	at org.hibernate.event.internal.AbstractSaveEventListener.performSaveOrReplicate(AbstractSaveEventListener.java:298)
	at org.hibernate.event.internal.AbstractSaveEventListener.performSave(AbstractSaveEventListener.java:228)
	at org.hibernate.event.internal.AbstractSaveEventListener.saveWithGeneratedId(AbstractSaveEventListener.java:144)
	at org.hibernate.event.internal.DefaultPersistEventListener.entityIsTransient(DefaultPersistEventListener.java:144)
	at org.hibernate.event.internal.DefaultPersistEventListener.persist(DefaultPersistEventListener.java:91)
	at org.hibernate.event.internal.DefaultPersistEventListener.onPersist(DefaultPersistEventListener.java:75)
	at org.hibernate.event.internal.DefaultPersistEventListener.onPersist(DefaultPersistEventListener.java:51)
	at org.hibernate.event.service.internal.EventListenerGroupImpl.fireEventOnEachListener(EventListenerGroupImpl.java:138)
	at org.hibernate.internal.SessionImpl.firePersist(SessionImpl.java:709)
	at org.hibernate.internal.SessionImpl.persist(SessionImpl.java:692)
	at java.base/jdk.internal.reflect.NativeMethodAccessorImpl.invoke0(Native Method)
	at java.base/jdk.internal.reflect.NativeMethodAccessorImpl.invoke(NativeMethodAccessorImpl.java:77)
	at java.base/jdk.internal.reflect.DelegatingMethodAccessorImpl.invoke(DelegatingMethodAccessorImpl.java:43)
	at java.base/java.lang.reflect.Method.invoke(Method.java:568)
	at org.springframework.orm.jpa.ExtendedEntityManagerCreator$ExtendedEntityManagerInvocationHandler.invoke(ExtendedEntityManagerCreator.java:360)
	at jdk.proxy4/jdk.proxy4.$Proxy138.persist(Unknown Source)
	at java.base/jdk.internal.reflect.NativeMethodAccessorImpl.invoke0(Native Method)
	at java.base/jdk.internal.reflect.NativeMethodAccessorImpl.invoke(NativeMethodAccessorImpl.java:77)
	at java.base/jdk.internal.reflect.DelegatingMethodAccessorImpl.invoke(DelegatingMethodAccessorImpl.java:43)
	at java.base/java.lang.reflect.Method.invoke(Method.java:568)
	at org.springframework.orm.jpa.SharedEntityManagerCreator$SharedEntityHandlerInvocationHandler.invokeMethod(SharedEntityManagerCreator.java:239)
	at org.springframework.orm.jpa.SharedEntityManagerCreator$SharedEntityManagerInvocationHandler.invoke(SharedEntityManagerCreator.java:392)
	at jdk.proxy4/jdk.proxy4.$Proxy138.persist(Unknown Source)
	at org.springframework.data.jpa.repository.support.SimpleJpaRepository.save(SimpleJpaRepository.java:664)
	at java.base/jdk.internal.reflect.NativeMethodAccessorImpl.invoke0(Native Method)
	at java.base/jdk.internal.reflect.NativeMethodAccessorImpl.invoke(NativeMethodAccessorImpl.java:77)
	at java.base/jdk.internal.reflect.DelegatingMethodAccessorImpl.invoke(DelegatingMethodAccessorImpl.java:43)
	at java.base/java.lang.reflect.Method.invoke(Method.java:568)
	at org.springframework.aop.support.AopUtils.invokeJoinpointUsingReflection(AopUtils.java:359)
	at org.springframework.data.repository.core.support.RepositoryMethodInvoker$RepositoryFragmentMethodInvoker.lambda$new$0(RepositoryMethodInvoker.java:278)
	at org.springframework.data.repository.core.support.RepositoryMethodInvoker.doInvoke(RepositoryMethodInvoker.java:169)
	at org.springframework.data.repository.core.support.RepositoryMethodInvoker.invoke(RepositoryMethodInvoker.java:158)
	at org.springframework.data.repository.core.support.RepositoryComposition$RepositoryFragments.invoke(RepositoryComposition.java:545)
	at org.springframework.data.repository.core.support.RepositoryComposition.invoke(RepositoryComposition.java:290)
	at org.springframework.data.repository.core.support.RepositoryFactorySupport$ImplementationMethodExecutionInterceptor.invoke(RepositoryFactorySupport.java:690)
	at org.springframework.aop.framework.ReflectiveMethodInvocation.proceed(ReflectiveMethodInvocation.java:179)
	at org.springframework.data.repository.core.support.QueryExecutorMethodInterceptor.doInvoke(QueryExecutorMethodInterceptor.java:171)
	at org.springframework.data.repository.core.support.QueryExecutorMethodInterceptor.invoke(QueryExecutorMethodInterceptor.java:146)
	at org.springframework.aop.framework.ReflectiveMethodInvocation.proceed(ReflectiveMethodInvocation.java:179)
	at org.springframework.data.projection.DefaultMethodInvokingMethodInterceptor.invoke(DefaultMethodInvokingMethodInterceptor.java:69)
	at org.springframework.aop.framework.ReflectiveMethodInvocation.proceed(ReflectiveMethodInvocation.java:179)
	at org.springframework.transaction.interceptor.TransactionInterceptor$1.proceedWithInvocation(TransactionInterceptor.java:133)
	at org.springframework.transaction.interceptor.TransactionAspectSupport.invokeWithinTransaction(TransactionAspectSupport.java:371)
	at org.springframework.transaction.interceptor.TransactionInterceptor.invoke(TransactionInterceptor.java:130)
	at org.springframework.aop.framework.ReflectiveMethodInvocation.proceed(ReflectiveMethodInvocation.java:179)
	at org.springframework.dao.support.PersistenceExceptionTranslationInterceptor.invoke(PersistenceExceptionTranslationInterceptor.java:135)
	at org.springframework.aop.framework.ReflectiveMethodInvocation.proceed(ReflectiveMethodInvocation.java:179)
	at org.springframework.data.jpa.repository.support.CrudMethodMetadataPostProcessor$CrudMethodMetadataPopulatingMethodInterceptor.invoke(CrudMethodMetadataPostProcessor.java:166)
	at org.springframework.aop.framework.ReflectiveMethodInvocation.proceed(ReflectiveMethodInvocation.java:179)
	at org.springframework.aop.framework.JdkDynamicAopProxy.invoke(JdkDynamicAopProxy.java:222)
	at jdk.proxy4/jdk.proxy4.$Proxy145.save(Unknown Source)
	at com.office.calendaradmin.member.MemberService.signupConfirm(MemberService.java:53)
	at com.office.calendaradmin.member.MemberController.signupConfirm(MemberController.java:42)
	at java.base/jdk.internal.reflect.NativeMethodAccessorImpl.invoke0(Native Method)
	at java.base/jdk.internal.reflect.NativeMethodAccessorImpl.invoke(NativeMethodAccessorImpl.java:77)
	at java.base/jdk.internal.reflect.DelegatingMethodAccessorImpl.invoke(DelegatingMethodAccessorImpl.java:43)
	at java.base/java.lang.reflect.Method.invoke(Method.java:568)
	at org.springframework.web.method.support.InvocableHandlerMethod.doInvoke(InvocableHandlerMethod.java:252)
	at org.springframework.web.method.support.InvocableHandlerMethod.invokeForRequest(InvocableHandlerMethod.java:184)
	at org.springframework.web.servlet.mvc.method.annotation.ServletInvocableHandlerMethod.invokeAndHandle(ServletInvocableHandlerMethod.java:117)
	at org.springframework.web.servlet.mvc.method.annotation.RequestMappingHandlerAdapter.invokeHandlerMethod(RequestMappingHandlerAdapter.java:934)
	at org.springframework.web.servlet.mvc.method.annotation.RequestMappingHandlerAdapter.handleInternal(RequestMappingHandlerAdapter.java:853)
	at org.springframework.web.servlet.mvc.method.AbstractHandlerMethodAdapter.handle(AbstractHandlerMethodAdapter.java:86)
	at org.springframework.web.servlet.DispatcherServlet.doDispatch(DispatcherServlet.java:963)
	at org.springframework.web.servlet.DispatcherServlet.doService(DispatcherServlet.java:866)
	at org.springframework.web.servlet.FrameworkServlet.processRequest(FrameworkServlet.java:1000)
	at org.springframework.web.servlet.FrameworkServlet.doPost(FrameworkServlet.java:903)
	at jakarta.servlet.http.HttpServlet.service(HttpServlet.java:649)
	at org.springframework.web.servlet.FrameworkServlet.service(FrameworkServlet.java:874)
	at jakarta.servlet.http.HttpServlet.service(HttpServlet.java:710)
	at org.apache.catalina.core.ApplicationFilterChain.doFilter(ApplicationFilterChain.java:132)
	at org.apache.tomcat.websocket.server.WsFilter.doFilter(WsFilter.java:59)
	at org.apache.catalina.core.ApplicationFilterChain.doFilter(ApplicationFilterChain.java:111)
	at org.springframework.web.filter.CompositeFilter$VirtualFilterChain.doFilter(CompositeFilter.java:108)
	at org.springframework.security.web.FilterChainProxy.lambda$doFilterInternal$2(FilterChainProxy.java:235)
	at org.springframework.security.web.FilterChainProxy$VirtualFilterChain.doFilter(FilterChainProxy.java:376)
	at org.springframework.security.web.access.intercept.AuthorizationFilter.doFilter(AuthorizationFilter.java:101)
	at org.springframework.security.web.FilterChainProxy$VirtualFilterChain.doFilter(FilterChainProxy.java:385)
	at org.springframework.security.web.access.ExceptionTranslationFilter.doFilter(ExceptionTranslationFilter.java:126)
	at org.springframework.security.web.access.ExceptionTranslationFilter.doFilter(ExceptionTranslationFilter.java:120)
	at org.springframework.security.web.FilterChainProxy$VirtualFilterChain.doFilter(FilterChainProxy.java:385)
	at org.springframework.security.web.authentication.AnonymousAuthenticationFilter.doFilter(AnonymousAuthenticationFilter.java:100)
	at org.springframework.security.web.FilterChainProxy$VirtualFilterChain.doFilter(FilterChainProxy.java:385)
	at org.springframework.security.web.servletapi.SecurityContextHolderAwareRequestFilter.doFilter(SecurityContextHolderAwareRequestFilter.java:181)
	at org.springframework.security.web.FilterChainProxy$VirtualFilterChain.doFilter(FilterChainProxy.java:385)
	at org.springframework.security.web.savedrequest.RequestCacheAwareFilter.doFilter(RequestCacheAwareFilter.java:63)
	at org.springframework.security.web.FilterChainProxy$VirtualFilterChain.doFilter(FilterChainProxy.java:385)
	at org.springframework.security.web.authentication.AbstractAuthenticationProcessingFilter.doFilter(AbstractAuthenticationProcessingFilter.java:245)
	at org.springframework.security.web.authentication.AbstractAuthenticationProcessingFilter.doFilter(AbstractAuthenticationProcessingFilter.java:239)
	at org.springframework.security.web.FilterChainProxy$VirtualFilterChain.doFilter(FilterChainProxy.java:385)
	at org.springframework.security.web.authentication.logout.LogoutFilter.doFilter(LogoutFilter.java:110)
	at org.springframework.security.web.authentication.logout.LogoutFilter.doFilter(LogoutFilter.java:96)
	at org.springframework.security.web.FilterChainProxy$VirtualFilterChain.doFilter(FilterChainProxy.java:385)
	at org.springframework.security.web.header.HeaderWriterFilter.doHeadersAfter(HeaderWriterFilter.java:90)
	at org.springframework.security.web.header.HeaderWriterFilter.doFilterInternal(HeaderWriterFilter.java:75)
	at org.springframework.web.filter.OncePerRequestFilter.doFilter(OncePerRequestFilter.java:116)
	at org.springframework.security.web.FilterChainProxy$VirtualFilterChain.doFilter(FilterChainProxy.java:385)
	at org.springframework.security.web.context.SecurityContextHolderFilter.doFilter(SecurityContextHolderFilter.java:82)
	at org.springframework.security.web.context.SecurityContextHolderFilter.doFilter(SecurityContextHolderFilter.java:69)
	at org.springframework.security.web.FilterChainProxy$VirtualFilterChain.doFilter(FilterChainProxy.java:385)
	at org.springframework.security.web.context.request.async.WebAsyncManagerIntegrationFilter.doFilterInternal(WebAsyncManagerIntegrationFilter.java:62)
	at org.springframework.web.filter.OncePerRequestFilter.doFilter(OncePerRequestFilter.java:116)
	at org.springframework.security.web.FilterChainProxy$VirtualFilterChain.doFilter(FilterChainProxy.java:385)
	at org.springframework.security.web.session.DisableEncodeUrlFilter.doFilterInternal(DisableEncodeUrlFilter.java:42)
	at org.springframework.web.filter.OncePerRequestFilter.doFilter(OncePerRequestFilter.java:116)
	at org.springframework.security.web.FilterChainProxy$VirtualFilterChain.doFilter(FilterChainProxy.java:385)
	at org.springframework.security.web.FilterChainProxy.doFilterInternal(FilterChainProxy.java:237)
	at org.springframework.security.web.FilterChainProxy.doFilter(FilterChainProxy.java:195)
	at org.springframework.web.filter.CompositeFilter$VirtualFilterChain.doFilter(CompositeFilter.java:113)
	at org.springframework.web.filter.ServletRequestPathFilter.doFilter(ServletRequestPathFilter.java:52)
	at org.springframework.web.filter.CompositeFilter$VirtualFilterChain.doFilter(CompositeFilter.java:113)
	at org.springframework.web.filter.CompositeFilter.doFilter(CompositeFilter.java:74)
	at org.springframework.security.config.annotation.web.configuration.WebSecurityConfiguration$CompositeFilterChainProxy.doFilter(WebSecurityConfiguration.java:317)
	at org.springframework.web.filter.DelegatingFilterProxy.invokeDelegate(DelegatingFilterProxy.java:355)
	at org.springframework.web.filter.DelegatingFilterProxy.doFilter(DelegatingFilterProxy.java:272)
	at org.apache.catalina.core.ApplicationFilterChain.doFilter(ApplicationFilterChain.java:111)
	at org.springframework.web.filter.RequestContextFilter.doFilterInternal(RequestContextFilter.java:100)
	at org.springframework.web.filter.OncePerRequestFilter.doFilter(OncePerRequestFilter.java:116)
	at org.apache.catalina.core.ApplicationFilterChain.doFilter(ApplicationFilterChain.java:111)
	at org.springframework.web.filter.FormContentFilter.doFilterInternal(FormContentFilter.java:93)
	at org.springframework.web.filter.OncePerRequestFilter.doFilter(OncePerRequestFilter.java:116)
	at org.apache.catalina.core.ApplicationFilterChain.doFilter(ApplicationFilterChain.java:111)
	at org.springframework.web.filter.CharacterEncodingFilter.doFilterInternal(CharacterEncodingFilter.java:199)
	at org.springframework.web.filter.OncePerRequestFilter.doFilter(OncePerRequestFilter.java:116)
	at org.apache.catalina.core.ApplicationFilterChain.doFilter(ApplicationFilterChain.java:111)
	at org.apache.catalina.core.StandardWrapperValve.invoke(StandardWrapperValve.java:165)
	at org.apache.catalina.core.StandardContextValve.invoke(StandardContextValve.java:77)
	at org.apache.catalina.authenticator.AuthenticatorBase.invoke(AuthenticatorBase.java:535)
	at org.apache.catalina.core.StandardHostValve.invoke(StandardHostValve.java:115)
	at org.apache.catalina.valves.ErrorReportValve.invoke(ErrorReportValve.java:86)
	at org.apache.catalina.core.StandardEngineValve.invoke(StandardEngineValve.java:71)
	at org.apache.catalina.connector.CoyoteAdapter.service(CoyoteAdapter.java:347)
	at org.apache.coyote.http11.Http11Processor.service(Http11Processor.java:406)
	at org.apache.coyote.AbstractProcessorLight.process(AbstractProcessorLight.java:71)
	at org.apache.coyote.AbstractProtocol$ConnectionHandler.process(AbstractProtocol.java:1307)
	at org.apache.tomcat.util.net.NioEndpoint$SocketProcessor.doRun(NioEndpoint.java:2036)
	at org.apache.tomcat.util.net.SocketProcessorBase.run(SocketProcessorBase.java:74)
	at org.apache.tomcat.util.threads.ThreadPoolExecutor.runWorker(ThreadPoolExecutor.java:949)
	at org.apache.tomcat.util.threads.ThreadPoolExecutor$Worker.run(ThreadPoolExecutor.java:483)
	at org.apache.tomcat.util.threads.TaskThread$WrappingRunnable.run(TaskThread.java:74)
	at java.base/java.lang.Thread.run(Thread.java:842)
2026-09-18 10:10:02 INFO  [devtools.autoconfigure.LocalDevToolsAutoConfiguration$RestartingClassPathChangeChangedEventListener] - Restarting due to 10 class path changes (0 additions, 10 deletions, 0 modifications)
2026-09-18 10:10:02 INFO  [boot.tomcat.GracefulShutdown] - Commencing graceful shutdown. Waiting for active requests to complete
2026-09-18 10:10:02 INFO  [coyote.http11.Http11NioProtocol] - Pausing ProtocolHandler ["http-nio-8091"]
2026-09-18 10:10:03 INFO  [boot.tomcat.GracefulShutdown] - Graceful shutdown complete
2026-09-18 10:10:03 INFO  [coyote.http11.Http11NioProtocol] - Stopping ProtocolHandler ["http-nio-8091"]
2026-09-18 10:10:03 INFO  [orm.jpa.LocalContainerEntityManagerFactoryBean] - Closing JPA EntityManagerFactory for persistence unit 'default'
2026-09-18 10:10:03 INFO  [zaxxer.hikari.HikariDataSource] - HikariPool-1 - Shutdown initiated...
2026-09-18 10:10:03 INFO  [zaxxer.hikari.HikariDataSource] - HikariPool-1 - Shutdown completed.
2026-09-18 10:10:03 INFO  [repository.config.RepositoryConfigurationDelegate] - Bootstrapping Spring Data JPA repositories in DEFAULT mode.
2026-09-18 10:10:03 INFO  [repository.config.RepositoryConfigurationDelegate] - Finished Spring Data repository scanning in 10 ms. Found 2 JPA repository interfaces.
2026-09-18 10:10:03 INFO  [boot.tomcat.TomcatWebServer] - Tomcat initialized with port 8091 (http)
2026-09-18 10:10:03 INFO  [coyote.http11.Http11NioProtocol] - Initializing ProtocolHandler ["http-nio-8091"]
2026-09-18 10:10:03 INFO  [catalina.core.StandardService] - Starting service [Tomcat]
2026-09-18 10:10:03 INFO  [catalina.core.StandardEngine] - Starting Servlet engine: [Apache Tomcat/11.0.24]
2026-09-18 10:10:03 INFO  [context.servlet.WebApplicationContextInitializer] - Root WebApplicationContext: initialization completed in 385 ms
2026-09-18 10:10:03 INFO  [hibernate.orm.jpa] - HHH008540: Processing PersistenceUnitInfo [name: default]
2026-09-18 10:10:03 INFO  [jpa.persistenceunit.SpringPersistenceUnitInfo] - No LoadTimeWeaver setup: ignoring JPA class transformer
2026-09-18 10:10:03 INFO  [zaxxer.hikari.HikariDataSource] - HikariPool-2 - Starting...
2026-09-18 10:10:03 INFO  [hikari.pool.HikariPool] - HikariPool-2 - Added connection com.mysql.cj.jdbc.ConnectionImpl@1b96660c
2026-09-18 10:10:03 INFO  [zaxxer.hikari.HikariDataSource] - HikariPool-2 - Start completed.
2026-09-18 10:10:03 WARN  [hibernate.orm.deprecation] - HHH90000025: MySQLDialect does not need to be specified explicitly using 'hibernate.dialect' (remove the property setting and it will be selected by default)
2026-09-18 10:10:03 INFO  [orm.connections.pooling] - HHH10001005: Database info:
	Database JDBC URL [jdbc:mysql://localhost:3306/DB_CALENDAR]
	Database driver: MySQL Connector/J
	Database dialect: MySQLDialect
	Database version: 8.0.46
	Default catalog/schema: DB_CALENDAR/undefined
	Autocommit mode: undefined/unknown
	Isolation level: REPEATABLE_READ [default REPEATABLE_READ]
	JDBC fetch size: none
	Pool: DataSourceConnectionProvider
	Minimum pool size: undefined/unknown
	Maximum pool size: undefined/unknown
2026-09-18 10:10:03 INFO  [hibernate.orm.core] - HHH000489: No JTA platform available (set 'hibernate.transaction.jta.platform' to enable JTA platform integration)
2026-09-18 10:10:03 INFO  [orm.jpa.LocalContainerEntityManagerFactoryBean] - Initialized JPA EntityManagerFactory for persistence unit 'default'
2026-09-18 10:10:03 WARN  [jpa.autoconfigure.JpaBaseConfiguration$JpaWebConfiguration] - spring.jpa.open-in-view is enabled by default. Therefore, database queries may be performed during view rendering. Explicitly configure spring.jpa.open-in-view to disable this warning
2026-09-18 10:10:03 INFO  [authentication.configuration.InitializeUserDetailsBeanManagerConfigurer$InitializeUserDetailsManagerConfigurer] - Global AuthenticationManager configured with UserDetailsService bean with name memberDetailsService
2026-09-18 10:10:04 INFO  [coyote.http11.Http11NioProtocol] - Starting ProtocolHandler ["http-nio-8091"]
2026-09-18 10:10:04 INFO  [boot.tomcat.TomcatWebServer] - Tomcat started on port 8091 (http) with context path '/'
2026-09-18 10:10:04 INFO  [devtools.autoconfigure.ConditionEvaluationDeltaLoggingListener] - Condition evaluation unchanged
2026-09-18 10:10:04 INFO  [boot.tomcat.GracefulShutdown] - Commencing graceful shutdown. Waiting for active requests to complete
2026-09-18 10:10:04 INFO  [boot.tomcat.GracefulShutdown] - Graceful shutdown complete
2026-09-18 10:10:04 INFO  [orm.jpa.LocalContainerEntityManagerFactoryBean] - Closing JPA EntityManagerFactory for persistence unit 'default'
2026-09-18 10:10:04 INFO  [zaxxer.hikari.HikariDataSource] - HikariPool-2 - Shutdown initiated...
2026-09-18 10:10:04 INFO  [zaxxer.hikari.HikariDataSource] - HikariPool-2 - Shutdown completed.
2026-09-18 10:10:07 INFO  [devtools.env.DevToolsPropertyDefaultsPostProcessor] - Devtools property defaults active! Set 'spring.devtools.add-properties' to 'false' to disable
2026-09-18 10:10:07 INFO  [devtools.env.DevToolsPropertyDefaultsPostProcessor] - For additional web related logging consider setting the 'logging.level.web' property to 'DEBUG'
2026-09-18 10:10:08 INFO  [repository.config.RepositoryConfigurationDelegate] - Bootstrapping Spring Data JPA repositories in DEFAULT mode.
2026-09-18 10:10:08 INFO  [repository.config.RepositoryConfigurationDelegate] - Finished Spring Data repository scanning in 43 ms. Found 2 JPA repository interfaces.
2026-09-18 10:10:09 INFO  [boot.tomcat.TomcatWebServer] - Tomcat initialized with port 8091 (http)
2026-09-18 10:10:09 INFO  [coyote.http11.Http11NioProtocol] - Initializing ProtocolHandler ["http-nio-8091"]
2026-09-18 10:10:09 INFO  [catalina.core.StandardService] - Starting service [Tomcat]
2026-09-18 10:10:09 INFO  [catalina.core.StandardEngine] - Starting Servlet engine: [Apache Tomcat/11.0.24]
2026-09-18 10:10:09 INFO  [context.servlet.WebApplicationContextInitializer] - Root WebApplicationContext: initialization completed in 1647 ms
2026-09-18 10:10:09 INFO  [hibernate.orm.jpa] - HHH008540: Processing PersistenceUnitInfo [name: default]
2026-09-18 10:10:09 INFO  [hibernate.orm.core] - HHH000001: Hibernate ORM core version 7.4.5.Final
2026-09-18 10:10:10 INFO  [jpa.persistenceunit.SpringPersistenceUnitInfo] - No LoadTimeWeaver setup: ignoring JPA class transformer
2026-09-18 10:10:10 INFO  [zaxxer.hikari.HikariDataSource] - HikariPool-1 - Starting...
2026-09-18 10:10:10 INFO  [hikari.pool.HikariPool] - HikariPool-1 - Added connection com.mysql.cj.jdbc.ConnectionImpl@3bb847e8
2026-09-18 10:10:10 INFO  [zaxxer.hikari.HikariDataSource] - HikariPool-1 - Start completed.
2026-09-18 10:10:10 WARN  [hibernate.orm.deprecation] - HHH90000025: MySQLDialect does not need to be specified explicitly using 'hibernate.dialect' (remove the property setting and it will be selected by default)
2026-09-18 10:10:10 INFO  [orm.connections.pooling] - HHH10001005: Database info:
	Database JDBC URL [jdbc:mysql://localhost:3306/DB_CALENDAR]
	Database driver: MySQL Connector/J
	Database dialect: MySQLDialect
	Database version: 8.0.46
	Default catalog/schema: DB_CALENDAR/undefined
	Autocommit mode: undefined/unknown
	Isolation level: REPEATABLE_READ [default REPEATABLE_READ]
	JDBC fetch size: none
	Pool: DataSourceConnectionProvider
	Minimum pool size: undefined/unknown
	Maximum pool size: undefined/unknown
2026-09-18 10:10:11 INFO  [hibernate.orm.core] - HHH000489: No JTA platform available (set 'hibernate.transaction.jta.platform' to enable JTA platform integration)
2026-09-18 10:10:12 INFO  [orm.jpa.LocalContainerEntityManagerFactoryBean] - Initialized JPA EntityManagerFactory for persistence unit 'default'
2026-09-18 10:10:12 INFO  [repository.query.QueryEnhancerFactories] - Hibernate is in classpath; If applicable, HQL parser will be used.
2026-09-18 10:10:12 WARN  [jpa.autoconfigure.JpaBaseConfiguration$JpaWebConfiguration] - spring.jpa.open-in-view is enabled by default. Therefore, database queries may be performed during view rendering. Explicitly configure spring.jpa.open-in-view to disable this warning
2026-09-18 10:10:13 INFO  [authentication.configuration.InitializeUserDetailsBeanManagerConfigurer$InitializeUserDetailsManagerConfigurer] - Global AuthenticationManager configured with UserDetailsService bean with name memberDetailsService
2026-09-18 10:10:13 INFO  [coyote.http11.Http11NioProtocol] - Starting ProtocolHandler ["http-nio-8091"]
2026-09-18 10:10:13 INFO  [boot.tomcat.TomcatWebServer] - Tomcat started on port 8091 (http) with context path '/'
2026-09-18 10:10:15 INFO  [[Tomcat].[localhost].[/]] - Initializing Spring DispatcherServlet 'dispatcherServlet'
2026-09-18 10:10:15 INFO  [web.servlet.DispatcherServlet] - Initializing Servlet 'dispatcherServlet'
2026-09-18 10:10:15 INFO  [web.servlet.DispatcherServlet] - Completed initialization in 7 ms
2026-09-18 10:12:01 INFO  [devtools.autoconfigure.LocalDevToolsAutoConfiguration$RestartingClassPathChangeChangedEventListener] - Restarting due to 2 class path changes (0 additions, 2 deletions, 0 modifications)
2026-09-18 10:12:01 INFO  [boot.tomcat.GracefulShutdown] - Commencing graceful shutdown. Waiting for active requests to complete
2026-09-18 10:12:01 INFO  [coyote.http11.Http11NioProtocol] - Pausing ProtocolHandler ["http-nio-8091"]
2026-09-18 10:12:01 INFO  [boot.tomcat.GracefulShutdown] - Graceful shutdown complete
2026-09-18 10:12:01 INFO  [coyote.http11.Http11NioProtocol] - Stopping ProtocolHandler ["http-nio-8091"]
2026-09-18 10:12:01 INFO  [orm.jpa.LocalContainerEntityManagerFactoryBean] - Closing JPA EntityManagerFactory for persistence unit 'default'
2026-09-18 10:12:01 INFO  [zaxxer.hikari.HikariDataSource] - HikariPool-1 - Shutdown initiated...
2026-09-18 10:12:01 INFO  [zaxxer.hikari.HikariDataSource] - HikariPool-1 - Shutdown completed.
2026-09-18 10:12:01 INFO  [repository.config.RepositoryConfigurationDelegate] - Bootstrapping Spring Data JPA repositories in DEFAULT mode.
2026-09-18 10:12:01 INFO  [repository.config.RepositoryConfigurationDelegate] - Finished Spring Data repository scanning in 11 ms. Found 2 JPA repository interfaces.
2026-09-18 10:12:01 INFO  [boot.tomcat.TomcatWebServer] - Tomcat initialized with port 8091 (http)
2026-09-18 10:12:01 INFO  [coyote.http11.Http11NioProtocol] - Initializing ProtocolHandler ["http-nio-8091"]
2026-09-18 10:12:01 INFO  [catalina.core.StandardService] - Starting service [Tomcat]
2026-09-18 10:12:01 INFO  [catalina.core.StandardEngine] - Starting Servlet engine: [Apache Tomcat/11.0.24]
2026-09-18 10:12:01 INFO  [context.servlet.WebApplicationContextInitializer] - Root WebApplicationContext: initialization completed in 380 ms
2026-09-18 10:12:01 INFO  [hibernate.orm.jpa] - HHH008540: Processing PersistenceUnitInfo [name: default]
2026-09-18 10:12:01 INFO  [jpa.persistenceunit.SpringPersistenceUnitInfo] - No LoadTimeWeaver setup: ignoring JPA class transformer
2026-09-18 10:12:01 INFO  [zaxxer.hikari.HikariDataSource] - HikariPool-2 - Starting...
2026-09-18 10:12:01 INFO  [hikari.pool.HikariPool] - HikariPool-2 - Added connection com.mysql.cj.jdbc.ConnectionImpl@1e24276b
2026-09-18 10:12:01 INFO  [zaxxer.hikari.HikariDataSource] - HikariPool-2 - Start completed.
2026-09-18 10:12:01 WARN  [hibernate.orm.deprecation] - HHH90000025: MySQLDialect does not need to be specified explicitly using 'hibernate.dialect' (remove the property setting and it will be selected by default)
2026-09-18 10:12:01 INFO  [orm.connections.pooling] - HHH10001005: Database info:
	Database JDBC URL [jdbc:mysql://localhost:3306/DB_CALENDAR]
	Database driver: MySQL Connector/J
	Database dialect: MySQLDialect
	Database version: 8.0.46
	Default catalog/schema: DB_CALENDAR/undefined
	Autocommit mode: undefined/unknown
	Isolation level: REPEATABLE_READ [default REPEATABLE_READ]
	JDBC fetch size: none
	Pool: DataSourceConnectionProvider
	Minimum pool size: undefined/unknown
	Maximum pool size: undefined/unknown
2026-09-18 10:12:01 INFO  [hibernate.orm.core] - HHH000489: No JTA platform available (set 'hibernate.transaction.jta.platform' to enable JTA platform integration)
2026-09-18 10:12:02 INFO  [orm.jpa.LocalContainerEntityManagerFactoryBean] - Initialized JPA EntityManagerFactory for persistence unit 'default'
2026-09-18 10:12:02 WARN  [jpa.autoconfigure.JpaBaseConfiguration$JpaWebConfiguration] - spring.jpa.open-in-view is enabled by default. Therefore, database queries may be performed during view rendering. Explicitly configure spring.jpa.open-in-view to disable this warning
2026-09-18 10:12:02 INFO  [authentication.configuration.InitializeUserDetailsBeanManagerConfigurer$InitializeUserDetailsManagerConfigurer] - Global AuthenticationManager configured with UserDetailsService bean with name memberDetailsService
2026-09-18 10:12:02 INFO  [coyote.http11.Http11NioProtocol] - Starting ProtocolHandler ["http-nio-8091"]
2026-09-18 10:12:02 INFO  [boot.tomcat.TomcatWebServer] - Tomcat started on port 8091 (http) with context path '/'
2026-09-18 10:12:02 INFO  [devtools.autoconfigure.ConditionEvaluationDeltaLoggingListener] - Condition evaluation unchanged
2026-09-18 10:12:03 INFO  [devtools.autoconfigure.LocalDevToolsAutoConfiguration$RestartingClassPathChangeChangedEventListener] - Restarting due to 2 class path changes (2 additions, 0 deletions, 0 modifications)
2026-09-18 10:12:03 INFO  [boot.tomcat.GracefulShutdown] - Commencing graceful shutdown. Waiting for active requests to complete
2026-09-18 10:12:03 INFO  [coyote.http11.Http11NioProtocol] - Pausing ProtocolHandler ["http-nio-8091"]
2026-09-18 10:12:03 INFO  [boot.tomcat.GracefulShutdown] - Graceful shutdown complete
2026-09-18 10:12:03 INFO  [coyote.http11.Http11NioProtocol] - Stopping ProtocolHandler ["http-nio-8091"]
2026-09-18 10:12:03 INFO  [orm.jpa.LocalContainerEntityManagerFactoryBean] - Closing JPA EntityManagerFactory for persistence unit 'default'
2026-09-18 10:12:03 INFO  [zaxxer.hikari.HikariDataSource] - HikariPool-2 - Shutdown initiated...
2026-09-18 10:12:03 INFO  [zaxxer.hikari.HikariDataSource] - HikariPool-2 - Shutdown completed.
2026-09-18 10:12:04 INFO  [repository.config.RepositoryConfigurationDelegate] - Bootstrapping Spring Data JPA repositories in DEFAULT mode.
2026-09-18 10:12:04 INFO  [repository.config.RepositoryConfigurationDelegate] - Finished Spring Data repository scanning in 9 ms. Found 2 JPA repository interfaces.
2026-09-18 10:12:04 INFO  [boot.tomcat.TomcatWebServer] - Tomcat initialized with port 8091 (http)
2026-09-18 10:12:04 INFO  [coyote.http11.Http11NioProtocol] - Initializing ProtocolHandler ["http-nio-8091"]
2026-09-18 10:12:04 INFO  [catalina.core.StandardService] - Starting service [Tomcat]
2026-09-18 10:12:04 INFO  [catalina.core.StandardEngine] - Starting Servlet engine: [Apache Tomcat/11.0.24]
2026-09-18 10:12:04 INFO  [context.servlet.WebApplicationContextInitializer] - Root WebApplicationContext: initialization completed in 373 ms
2026-09-18 10:12:04 INFO  [hibernate.orm.jpa] - HHH008540: Processing PersistenceUnitInfo [name: default]
2026-09-18 10:12:04 INFO  [jpa.persistenceunit.SpringPersistenceUnitInfo] - No LoadTimeWeaver setup: ignoring JPA class transformer
2026-09-18 10:12:04 INFO  [zaxxer.hikari.HikariDataSource] - HikariPool-3 - Starting...
2026-09-18 10:12:04 INFO  [hikari.pool.HikariPool] - HikariPool-3 - Added connection com.mysql.cj.jdbc.ConnectionImpl@3cd719d
2026-09-18 10:12:04 INFO  [zaxxer.hikari.HikariDataSource] - HikariPool-3 - Start completed.
2026-09-18 10:12:04 WARN  [hibernate.orm.deprecation] - HHH90000025: MySQLDialect does not need to be specified explicitly using 'hibernate.dialect' (remove the property setting and it will be selected by default)
2026-09-18 10:12:04 INFO  [orm.connections.pooling] - HHH10001005: Database info:
	Database JDBC URL [jdbc:mysql://localhost:3306/DB_CALENDAR]
	Database driver: MySQL Connector/J
	Database dialect: MySQLDialect
	Database version: 8.0.46
	Default catalog/schema: DB_CALENDAR/undefined
	Autocommit mode: undefined/unknown
	Isolation level: REPEATABLE_READ [default REPEATABLE_READ]
	JDBC fetch size: none
	Pool: DataSourceConnectionProvider
	Minimum pool size: undefined/unknown
	Maximum pool size: undefined/unknown
2026-09-18 10:12:04 INFO  [hibernate.orm.core] - HHH000489: No JTA platform available (set 'hibernate.transaction.jta.platform' to enable JTA platform integration)
2026-09-18 10:12:04 INFO  [orm.jpa.LocalContainerEntityManagerFactoryBean] - Initialized JPA EntityManagerFactory for persistence unit 'default'
2026-09-18 10:12:04 WARN  [jpa.autoconfigure.JpaBaseConfiguration$JpaWebConfiguration] - spring.jpa.open-in-view is enabled by default. Therefore, database queries may be performed during view rendering. Explicitly configure spring.jpa.open-in-view to disable this warning
2026-09-18 10:12:04 INFO  [authentication.configuration.InitializeUserDetailsBeanManagerConfigurer$InitializeUserDetailsManagerConfigurer] - Global AuthenticationManager configured with UserDetailsService bean with name memberDetailsService
2026-09-18 10:12:04 INFO  [coyote.http11.Http11NioProtocol] - Starting ProtocolHandler ["http-nio-8091"]
2026-09-18 10:12:04 INFO  [boot.tomcat.TomcatWebServer] - Tomcat started on port 8091 (http) with context path '/'
2026-09-18 10:12:04 INFO  [devtools.autoconfigure.ConditionEvaluationDeltaLoggingListener] - Condition evaluation unchanged
2026-09-18 10:12:45 INFO  [[Tomcat].[localhost].[/]] - Initializing Spring DispatcherServlet 'dispatcherServlet'
2026-09-18 10:12:45 INFO  [web.servlet.DispatcherServlet] - Initializing Servlet 'dispatcherServlet'
2026-09-18 10:12:45 INFO  [web.servlet.DispatcherServlet] - Completed initialization in 1 ms
2026-09-18 10:15:23 INFO  [devtools.autoconfigure.LocalDevToolsAutoConfiguration$RestartingClassPathChangeChangedEventListener] - Restarting due to 2 class path changes (0 additions, 2 deletions, 0 modifications)
2026-09-18 10:15:23 INFO  [boot.tomcat.GracefulShutdown] - Commencing graceful shutdown. Waiting for active requests to complete
2026-09-18 10:15:23 INFO  [coyote.http11.Http11NioProtocol] - Pausing ProtocolHandler ["http-nio-8091"]
2026-09-18 10:15:23 INFO  [boot.tomcat.GracefulShutdown] - Graceful shutdown complete
2026-09-18 10:15:23 INFO  [coyote.http11.Http11NioProtocol] - Stopping ProtocolHandler ["http-nio-8091"]
2026-09-18 10:15:23 INFO  [orm.jpa.LocalContainerEntityManagerFactoryBean] - Closing JPA EntityManagerFactory for persistence unit 'default'
2026-09-18 10:15:23 INFO  [zaxxer.hikari.HikariDataSource] - HikariPool-3 - Shutdown initiated...
2026-09-18 10:15:23 INFO  [zaxxer.hikari.HikariDataSource] - HikariPool-3 - Shutdown completed.
2026-09-18 10:15:23 INFO  [repository.config.RepositoryConfigurationDelegate] - Bootstrapping Spring Data JPA repositories in DEFAULT mode.
2026-09-18 10:15:23 INFO  [repository.config.RepositoryConfigurationDelegate] - Finished Spring Data repository scanning in 8 ms. Found 2 JPA repository interfaces.
2026-09-18 10:15:23 INFO  [boot.tomcat.TomcatWebServer] - Tomcat initialized with port 8091 (http)
2026-09-18 10:15:23 INFO  [coyote.http11.Http11NioProtocol] - Initializing ProtocolHandler ["http-nio-8091"]
2026-09-18 10:15:23 INFO  [catalina.core.StandardService] - Starting service [Tomcat]
2026-09-18 10:15:23 INFO  [catalina.core.StandardEngine] - Starting Servlet engine: [Apache Tomcat/11.0.24]
2026-09-18 10:15:24 INFO  [context.servlet.WebApplicationContextInitializer] - Root WebApplicationContext: initialization completed in 352 ms
2026-09-18 10:15:24 INFO  [hibernate.orm.jpa] - HHH008540: Processing PersistenceUnitInfo [name: default]
2026-09-18 10:15:24 INFO  [jpa.persistenceunit.SpringPersistenceUnitInfo] - No LoadTimeWeaver setup: ignoring JPA class transformer
2026-09-18 10:15:24 INFO  [zaxxer.hikari.HikariDataSource] - HikariPool-4 - Starting...
2026-09-18 10:15:24 INFO  [hikari.pool.HikariPool] - HikariPool-4 - Added connection com.mysql.cj.jdbc.ConnectionImpl@27aa433b
2026-09-18 10:15:24 INFO  [zaxxer.hikari.HikariDataSource] - HikariPool-4 - Start completed.
2026-09-18 10:15:24 WARN  [hibernate.orm.deprecation] - HHH90000025: MySQLDialect does not need to be specified explicitly using 'hibernate.dialect' (remove the property setting and it will be selected by default)
2026-09-18 10:15:24 INFO  [orm.connections.pooling] - HHH10001005: Database info:
	Database JDBC URL [jdbc:mysql://localhost:3306/DB_CALENDAR]
	Database driver: MySQL Connector/J
	Database dialect: MySQLDialect
	Database version: 8.0.46
	Default catalog/schema: DB_CALENDAR/undefined
	Autocommit mode: undefined/unknown
	Isolation level: REPEATABLE_READ [default REPEATABLE_READ]
	JDBC fetch size: none
	Pool: DataSourceConnectionProvider
	Minimum pool size: undefined/unknown
	Maximum pool size: undefined/unknown
2026-09-18 10:15:24 INFO  [hibernate.orm.core] - HHH000489: No JTA platform available (set 'hibernate.transaction.jta.platform' to enable JTA platform integration)
2026-09-18 10:15:24 INFO  [orm.jpa.LocalContainerEntityManagerFactoryBean] - Initialized JPA EntityManagerFactory for persistence unit 'default'
2026-09-18 10:15:24 WARN  [jpa.autoconfigure.JpaBaseConfiguration$JpaWebConfiguration] - spring.jpa.open-in-view is enabled by default. Therefore, database queries may be performed during view rendering. Explicitly configure spring.jpa.open-in-view to disable this warning
2026-09-18 10:15:24 INFO  [authentication.configuration.InitializeUserDetailsBeanManagerConfigurer$InitializeUserDetailsManagerConfigurer] - Global AuthenticationManager configured with UserDetailsService bean with name memberDetailsService
2026-09-18 10:15:24 INFO  [coyote.http11.Http11NioProtocol] - Starting ProtocolHandler ["http-nio-8091"]
2026-09-18 10:15:24 INFO  [boot.tomcat.TomcatWebServer] - Tomcat started on port 8091 (http) with context path '/'
2026-09-18 10:15:24 INFO  [devtools.autoconfigure.ConditionEvaluationDeltaLoggingListener] - Condition evaluation unchanged
2026-09-18 10:15:25 INFO  [devtools.autoconfigure.LocalDevToolsAutoConfiguration$RestartingClassPathChangeChangedEventListener] - Restarting due to 2 class path changes (2 additions, 0 deletions, 0 modifications)
2026-09-18 10:15:25 INFO  [boot.tomcat.GracefulShutdown] - Commencing graceful shutdown. Waiting for active requests to complete
2026-09-18 10:15:25 INFO  [coyote.http11.Http11NioProtocol] - Pausing ProtocolHandler ["http-nio-8091"]
2026-09-18 10:15:26 INFO  [boot.tomcat.GracefulShutdown] - Graceful shutdown complete
2026-09-18 10:15:26 INFO  [coyote.http11.Http11NioProtocol] - Stopping ProtocolHandler ["http-nio-8091"]
2026-09-18 10:15:26 INFO  [orm.jpa.LocalContainerEntityManagerFactoryBean] - Closing JPA EntityManagerFactory for persistence unit 'default'
2026-09-18 10:15:26 INFO  [zaxxer.hikari.HikariDataSource] - HikariPool-4 - Shutdown initiated...
2026-09-18 10:15:26 INFO  [zaxxer.hikari.HikariDataSource] - HikariPool-4 - Shutdown completed.
2026-09-18 10:15:26 INFO  [repository.config.RepositoryConfigurationDelegate] - Bootstrapping Spring Data JPA repositories in DEFAULT mode.
2026-09-18 10:15:26 INFO  [repository.config.RepositoryConfigurationDelegate] - Finished Spring Data repository scanning in 10 ms. Found 2 JPA repository interfaces.
2026-09-18 10:15:26 INFO  [boot.tomcat.TomcatWebServer] - Tomcat initialized with port 8091 (http)
2026-09-18 10:15:26 INFO  [coyote.http11.Http11NioProtocol] - Initializing ProtocolHandler ["http-nio-8091"]
2026-09-18 10:15:26 INFO  [catalina.core.StandardService] - Starting service [Tomcat]
2026-09-18 10:15:26 INFO  [catalina.core.StandardEngine] - Starting Servlet engine: [Apache Tomcat/11.0.24]
2026-09-18 10:15:26 INFO  [context.servlet.WebApplicationContextInitializer] - Root WebApplicationContext: initialization completed in 347 ms
2026-09-18 10:15:26 INFO  [hibernate.orm.jpa] - HHH008540: Processing PersistenceUnitInfo [name: default]
2026-09-18 10:15:26 INFO  [jpa.persistenceunit.SpringPersistenceUnitInfo] - No LoadTimeWeaver setup: ignoring JPA class transformer
2026-09-18 10:15:26 INFO  [zaxxer.hikari.HikariDataSource] - HikariPool-5 - Starting...
2026-09-18 10:15:26 INFO  [hikari.pool.HikariPool] - HikariPool-5 - Added connection com.mysql.cj.jdbc.ConnectionImpl@4ef1dbe4
2026-09-18 10:15:26 INFO  [zaxxer.hikari.HikariDataSource] - HikariPool-5 - Start completed.
2026-09-18 10:15:26 WARN  [hibernate.orm.deprecation] - HHH90000025: MySQLDialect does not need to be specified explicitly using 'hibernate.dialect' (remove the property setting and it will be selected by default)
2026-09-18 10:15:26 INFO  [orm.connections.pooling] - HHH10001005: Database info:
	Database JDBC URL [jdbc:mysql://localhost:3306/DB_CALENDAR]
	Database driver: MySQL Connector/J
	Database dialect: MySQLDialect
	Database version: 8.0.46
	Default catalog/schema: DB_CALENDAR/undefined
	Autocommit mode: undefined/unknown
	Isolation level: REPEATABLE_READ [default REPEATABLE_READ]
	JDBC fetch size: none
	Pool: DataSourceConnectionProvider
	Minimum pool size: undefined/unknown
	Maximum pool size: undefined/unknown
2026-09-18 10:15:26 INFO  [hibernate.orm.core] - HHH000489: No JTA platform available (set 'hibernate.transaction.jta.platform' to enable JTA platform integration)
2026-09-18 10:15:27 INFO  [orm.jpa.LocalContainerEntityManagerFactoryBean] - Initialized JPA EntityManagerFactory for persistence unit 'default'
2026-09-18 10:15:27 WARN  [jpa.autoconfigure.JpaBaseConfiguration$JpaWebConfiguration] - spring.jpa.open-in-view is enabled by default. Therefore, database queries may be performed during view rendering. Explicitly configure spring.jpa.open-in-view to disable this warning
2026-09-18 10:15:27 INFO  [authentication.configuration.InitializeUserDetailsBeanManagerConfigurer$InitializeUserDetailsManagerConfigurer] - Global AuthenticationManager configured with UserDetailsService bean with name memberDetailsService
2026-09-18 10:15:27 INFO  [coyote.http11.Http11NioProtocol] - Starting ProtocolHandler ["http-nio-8091"]
2026-09-18 10:15:27 INFO  [boot.tomcat.TomcatWebServer] - Tomcat started on port 8091 (http) with context path '/'
2026-09-18 10:15:27 INFO  [devtools.autoconfigure.ConditionEvaluationDeltaLoggingListener] - Condition evaluation unchanged
2026-09-18 10:15:31 INFO  [[Tomcat].[localhost].[/]] - Initializing Spring DispatcherServlet 'dispatcherServlet'
2026-09-18 10:15:31 INFO  [web.servlet.DispatcherServlet] - Initializing Servlet 'dispatcherServlet'
2026-09-18 10:15:31 INFO  [web.servlet.DispatcherServlet] - Completed initialization in 1 ms
2026-09-18 10:17:07 INFO  [devtools.autoconfigure.LocalDevToolsAutoConfiguration$RestartingClassPathChangeChangedEventListener] - Restarting due to 22 class path changes (0 additions, 0 deletions, 22 modifications)
2026-09-18 10:17:07 INFO  [boot.tomcat.GracefulShutdown] - Commencing graceful shutdown. Waiting for active requests to complete
2026-09-18 10:17:07 INFO  [coyote.http11.Http11NioProtocol] - Pausing ProtocolHandler ["http-nio-8091"]
2026-09-18 10:17:07 INFO  [boot.tomcat.GracefulShutdown] - Graceful shutdown complete
2026-09-18 10:17:07 INFO  [coyote.http11.Http11NioProtocol] - Stopping ProtocolHandler ["http-nio-8091"]
2026-09-18 10:17:07 INFO  [orm.jpa.LocalContainerEntityManagerFactoryBean] - Closing JPA EntityManagerFactory for persistence unit 'default'
2026-09-18 10:17:07 INFO  [zaxxer.hikari.HikariDataSource] - HikariPool-5 - Shutdown initiated...
2026-09-18 10:17:07 INFO  [zaxxer.hikari.HikariDataSource] - HikariPool-5 - Shutdown completed.
2026-09-18 10:17:07 INFO  [repository.config.RepositoryConfigurationDelegate] - Bootstrapping Spring Data JPA repositories in DEFAULT mode.
2026-09-18 10:17:07 INFO  [repository.config.RepositoryConfigurationDelegate] - Finished Spring Data repository scanning in 11 ms. Found 2 JPA repository interfaces.
2026-09-18 10:17:07 INFO  [boot.tomcat.TomcatWebServer] - Tomcat initialized with port 8091 (http)
2026-09-18 10:17:07 INFO  [coyote.http11.Http11NioProtocol] - Initializing ProtocolHandler ["http-nio-8091"]
2026-09-18 10:17:07 INFO  [catalina.core.StandardService] - Starting service [Tomcat]
2026-09-18 10:17:07 INFO  [catalina.core.StandardEngine] - Starting Servlet engine: [Apache Tomcat/11.0.24]
2026-09-18 10:17:07 INFO  [context.servlet.WebApplicationContextInitializer] - Root WebApplicationContext: initialization completed in 365 ms
2026-09-18 10:17:07 INFO  [hibernate.orm.jpa] - HHH008540: Processing PersistenceUnitInfo [name: default]
2026-09-18 10:17:07 INFO  [jpa.persistenceunit.SpringPersistenceUnitInfo] - No LoadTimeWeaver setup: ignoring JPA class transformer
2026-09-18 10:17:07 INFO  [zaxxer.hikari.HikariDataSource] - HikariPool-6 - Starting...
2026-09-18 10:17:07 INFO  [hikari.pool.HikariPool] - HikariPool-6 - Added connection com.mysql.cj.jdbc.ConnectionImpl@2a08964e
2026-09-18 10:17:07 INFO  [zaxxer.hikari.HikariDataSource] - HikariPool-6 - Start completed.
2026-09-18 10:17:07 WARN  [hibernate.orm.deprecation] - HHH90000025: MySQLDialect does not need to be specified explicitly using 'hibernate.dialect' (remove the property setting and it will be selected by default)
2026-09-18 10:17:07 INFO  [orm.connections.pooling] - HHH10001005: Database info:
	Database JDBC URL [jdbc:mysql://localhost:3306/DB_CALENDAR]
	Database driver: MySQL Connector/J
	Database dialect: MySQLDialect
	Database version: 8.0.46
	Default catalog/schema: DB_CALENDAR/undefined
	Autocommit mode: undefined/unknown
	Isolation level: REPEATABLE_READ [default REPEATABLE_READ]
	JDBC fetch size: none
	Pool: DataSourceConnectionProvider
	Minimum pool size: undefined/unknown
	Maximum pool size: undefined/unknown
2026-09-18 10:17:07 INFO  [hibernate.orm.core] - HHH000489: No JTA platform available (set 'hibernate.transaction.jta.platform' to enable JTA platform integration)
2026-09-18 10:17:07 INFO  [orm.jpa.LocalContainerEntityManagerFactoryBean] - Initialized JPA EntityManagerFactory for persistence unit 'default'
2026-09-18 10:17:07 WARN  [jpa.autoconfigure.JpaBaseConfiguration$JpaWebConfiguration] - spring.jpa.open-in-view is enabled by default. Therefore, database queries may be performed during view rendering. Explicitly configure spring.jpa.open-in-view to disable this warning
2026-09-18 10:17:08 INFO  [authentication.configuration.InitializeUserDetailsBeanManagerConfigurer$InitializeUserDetailsManagerConfigurer] - Global AuthenticationManager configured with UserDetailsService bean with name memberDetailsService
2026-09-18 10:17:08 INFO  [coyote.http11.Http11NioProtocol] - Starting ProtocolHandler ["http-nio-8091"]
2026-09-18 10:17:08 INFO  [boot.tomcat.TomcatWebServer] - Tomcat started on port 8091 (http) with context path '/'
2026-09-18 10:17:08 INFO  [devtools.autoconfigure.ConditionEvaluationDeltaLoggingListener] - Condition evaluation unchanged
2026-09-18 10:17:20 INFO  [[Tomcat].[localhost].[/]] - Initializing Spring DispatcherServlet 'dispatcherServlet'
2026-09-18 10:17:20 INFO  [web.servlet.DispatcherServlet] - Initializing Servlet 'dispatcherServlet'
2026-09-18 10:17:20 INFO  [web.servlet.DispatcherServlet] - Completed initialization in 1 ms
2026-09-18 10:17:22 INFO  [devtools.autoconfigure.LocalDevToolsAutoConfiguration$RestartingClassPathChangeChangedEventListener] - Restarting due to 22 class path changes (0 additions, 0 deletions, 22 modifications)
2026-09-18 10:17:22 INFO  [boot.tomcat.GracefulShutdown] - Commencing graceful shutdown. Waiting for active requests to complete
2026-09-18 10:17:22 INFO  [coyote.http11.Http11NioProtocol] - Pausing ProtocolHandler ["http-nio-8091"]
2026-09-18 10:17:22 INFO  [boot.tomcat.GracefulShutdown] - Graceful shutdown complete
2026-09-18 10:17:22 INFO  [coyote.http11.Http11NioProtocol] - Stopping ProtocolHandler ["http-nio-8091"]
2026-09-18 10:17:22 INFO  [orm.jpa.LocalContainerEntityManagerFactoryBean] - Closing JPA EntityManagerFactory for persistence unit 'default'
2026-09-18 10:17:22 INFO  [zaxxer.hikari.HikariDataSource] - HikariPool-6 - Shutdown initiated...
2026-09-18 10:17:22 INFO  [zaxxer.hikari.HikariDataSource] - HikariPool-6 - Shutdown completed.
2026-09-18 10:17:22 INFO  [repository.config.RepositoryConfigurationDelegate] - Bootstrapping Spring Data JPA repositories in DEFAULT mode.
2026-09-18 10:17:22 INFO  [repository.config.RepositoryConfigurationDelegate] - Finished Spring Data repository scanning in 9 ms. Found 2 JPA repository interfaces.
2026-09-18 10:17:22 INFO  [boot.tomcat.TomcatWebServer] - Tomcat initialized with port 8091 (http)
2026-09-18 10:17:22 INFO  [coyote.http11.Http11NioProtocol] - Initializing ProtocolHandler ["http-nio-8091"]
2026-09-18 10:17:22 INFO  [catalina.core.StandardService] - Starting service [Tomcat]
2026-09-18 10:17:22 INFO  [catalina.core.StandardEngine] - Starting Servlet engine: [Apache Tomcat/11.0.24]
2026-09-18 10:17:22 INFO  [context.servlet.WebApplicationContextInitializer] - Root WebApplicationContext: initialization completed in 350 ms
2026-09-18 10:17:22 INFO  [hibernate.orm.jpa] - HHH008540: Processing PersistenceUnitInfo [name: default]
2026-09-18 10:17:22 INFO  [jpa.persistenceunit.SpringPersistenceUnitInfo] - No LoadTimeWeaver setup: ignoring JPA class transformer
2026-09-18 10:17:22 INFO  [zaxxer.hikari.HikariDataSource] - HikariPool-7 - Starting...
2026-09-18 10:17:22 INFO  [hikari.pool.HikariPool] - HikariPool-7 - Added connection com.mysql.cj.jdbc.ConnectionImpl@643e247d
2026-09-18 10:17:22 INFO  [zaxxer.hikari.HikariDataSource] - HikariPool-7 - Start completed.
2026-09-18 10:17:22 WARN  [hibernate.orm.deprecation] - HHH90000025: MySQLDialect does not need to be specified explicitly using 'hibernate.dialect' (remove the property setting and it will be selected by default)
2026-09-18 10:17:22 INFO  [orm.connections.pooling] - HHH10001005: Database info:
	Database JDBC URL [jdbc:mysql://localhost:3306/DB_CALENDAR]
	Database driver: MySQL Connector/J
	Database dialect: MySQLDialect
	Database version: 8.0.46
	Default catalog/schema: DB_CALENDAR/undefined
	Autocommit mode: undefined/unknown
	Isolation level: REPEATABLE_READ [default REPEATABLE_READ]
	JDBC fetch size: none
	Pool: DataSourceConnectionProvider
	Minimum pool size: undefined/unknown
	Maximum pool size: undefined/unknown
2026-09-18 10:17:22 INFO  [hibernate.orm.core] - HHH000489: No JTA platform available (set 'hibernate.transaction.jta.platform' to enable JTA platform integration)
2026-09-18 10:17:22 INFO  [orm.jpa.LocalContainerEntityManagerFactoryBean] - Initialized JPA EntityManagerFactory for persistence unit 'default'
2026-09-18 10:17:23 WARN  [jpa.autoconfigure.JpaBaseConfiguration$JpaWebConfiguration] - spring.jpa.open-in-view is enabled by default. Therefore, database queries may be performed during view rendering. Explicitly configure spring.jpa.open-in-view to disable this warning
2026-09-18 10:17:23 INFO  [authentication.configuration.InitializeUserDetailsBeanManagerConfigurer$InitializeUserDetailsManagerConfigurer] - Global AuthenticationManager configured with UserDetailsService bean with name memberDetailsService
2026-09-18 10:17:23 INFO  [coyote.http11.Http11NioProtocol] - Starting ProtocolHandler ["http-nio-8091"]
2026-09-18 10:17:23 INFO  [boot.tomcat.TomcatWebServer] - Tomcat started on port 8091 (http) with context path '/'
2026-09-18 10:17:23 INFO  [devtools.autoconfigure.ConditionEvaluationDeltaLoggingListener] - Condition evaluation unchanged
2026-09-18 10:17:28 INFO  [[Tomcat].[localhost].[/]] - Initializing Spring DispatcherServlet 'dispatcherServlet'
2026-09-18 10:17:28 INFO  [web.servlet.DispatcherServlet] - Initializing Servlet 'dispatcherServlet'
2026-09-18 10:17:28 INFO  [web.servlet.DispatcherServlet] - Completed initialization in 2 ms
2026-09-18 10:17:29 INFO  [devtools.autoconfigure.LocalDevToolsAutoConfiguration$RestartingClassPathChangeChangedEventListener] - Restarting due to 22 class path changes (0 additions, 0 deletions, 22 modifications)
2026-09-18 10:17:29 INFO  [boot.tomcat.GracefulShutdown] - Commencing graceful shutdown. Waiting for active requests to complete
2026-09-18 10:17:29 INFO  [coyote.http11.Http11NioProtocol] - Pausing ProtocolHandler ["http-nio-8091"]
2026-09-18 10:17:30 INFO  [boot.tomcat.GracefulShutdown] - Graceful shutdown complete
2026-09-18 10:17:30 INFO  [coyote.http11.Http11NioProtocol] - Stopping ProtocolHandler ["http-nio-8091"]
2026-09-18 10:17:30 INFO  [orm.jpa.LocalContainerEntityManagerFactoryBean] - Closing JPA EntityManagerFactory for persistence unit 'default'
2026-09-18 10:17:30 INFO  [zaxxer.hikari.HikariDataSource] - HikariPool-7 - Shutdown initiated...
2026-09-18 10:17:30 INFO  [zaxxer.hikari.HikariDataSource] - HikariPool-7 - Shutdown completed.
2026-09-18 10:17:30 INFO  [repository.config.RepositoryConfigurationDelegate] - Bootstrapping Spring Data JPA repositories in DEFAULT mode.
2026-09-18 10:17:30 INFO  [repository.config.RepositoryConfigurationDelegate] - Finished Spring Data repository scanning in 10 ms. Found 2 JPA repository interfaces.
2026-09-18 10:17:30 INFO  [boot.tomcat.TomcatWebServer] - Tomcat initialized with port 8091 (http)
2026-09-18 10:17:30 INFO  [coyote.http11.Http11NioProtocol] - Initializing ProtocolHandler ["http-nio-8091"]
2026-09-18 10:17:30 INFO  [catalina.core.StandardService] - Starting service [Tomcat]
2026-09-18 10:17:30 INFO  [catalina.core.StandardEngine] - Starting Servlet engine: [Apache Tomcat/11.0.24]
2026-09-18 10:17:30 INFO  [context.servlet.WebApplicationContextInitializer] - Root WebApplicationContext: initialization completed in 346 ms
2026-09-18 10:17:30 INFO  [hibernate.orm.jpa] - HHH008540: Processing PersistenceUnitInfo [name: default]
2026-09-18 10:17:30 INFO  [jpa.persistenceunit.SpringPersistenceUnitInfo] - No LoadTimeWeaver setup: ignoring JPA class transformer
2026-09-18 10:17:30 INFO  [zaxxer.hikari.HikariDataSource] - HikariPool-8 - Starting...
2026-09-18 10:17:30 INFO  [hikari.pool.HikariPool] - HikariPool-8 - Added connection com.mysql.cj.jdbc.ConnectionImpl@58e10812
2026-09-18 10:17:30 INFO  [zaxxer.hikari.HikariDataSource] - HikariPool-8 - Start completed.
2026-09-18 10:17:30 WARN  [hibernate.orm.deprecation] - HHH90000025: MySQLDialect does not need to be specified explicitly using 'hibernate.dialect' (remove the property setting and it will be selected by default)
2026-09-18 10:17:30 INFO  [orm.connections.pooling] - HHH10001005: Database info:
	Database JDBC URL [jdbc:mysql://localhost:3306/DB_CALENDAR]
	Database driver: MySQL Connector/J
	Database dialect: MySQLDialect
	Database version: 8.0.46
	Default catalog/schema: DB_CALENDAR/undefined
	Autocommit mode: undefined/unknown
	Isolation level: REPEATABLE_READ [default REPEATABLE_READ]
	JDBC fetch size: none
	Pool: DataSourceConnectionProvider
	Minimum pool size: undefined/unknown
	Maximum pool size: undefined/unknown
2026-09-18 10:17:30 INFO  [hibernate.orm.core] - HHH000489: No JTA platform available (set 'hibernate.transaction.jta.platform' to enable JTA platform integration)
2026-09-18 10:17:30 INFO  [orm.jpa.LocalContainerEntityManagerFactoryBean] - Initialized JPA EntityManagerFactory for persistence unit 'default'
2026-09-18 10:17:30 WARN  [jpa.autoconfigure.JpaBaseConfiguration$JpaWebConfiguration] - spring.jpa.open-in-view is enabled by default. Therefore, database queries may be performed during view rendering. Explicitly configure spring.jpa.open-in-view to disable this warning
2026-09-18 10:17:30 INFO  [authentication.configuration.InitializeUserDetailsBeanManagerConfigurer$InitializeUserDetailsManagerConfigurer] - Global AuthenticationManager configured with UserDetailsService bean with name memberDetailsService
2026-09-18 10:17:30 INFO  [coyote.http11.Http11NioProtocol] - Starting ProtocolHandler ["http-nio-8091"]
2026-09-18 10:17:30 INFO  [boot.tomcat.TomcatWebServer] - Tomcat started on port 8091 (http) with context path '/'
2026-09-18 10:17:30 INFO  [devtools.autoconfigure.ConditionEvaluationDeltaLoggingListener] - Condition evaluation unchanged
2026-09-18 10:22:12 INFO  [devtools.autoconfigure.LocalDevToolsAutoConfiguration$RestartingClassPathChangeChangedEventListener] - Restarting due to 1 class path change (0 additions, 1 deletion, 0 modifications)
2026-09-18 10:22:12 INFO  [boot.tomcat.GracefulShutdown] - Commencing graceful shutdown. Waiting for active requests to complete
2026-09-18 10:22:12 INFO  [coyote.http11.Http11NioProtocol] - Pausing ProtocolHandler ["http-nio-8091"]
2026-09-18 10:22:12 INFO  [boot.tomcat.GracefulShutdown] - Graceful shutdown complete
2026-09-18 10:22:12 INFO  [coyote.http11.Http11NioProtocol] - Stopping ProtocolHandler ["http-nio-8091"]
2026-09-18 10:22:12 INFO  [orm.jpa.LocalContainerEntityManagerFactoryBean] - Closing JPA EntityManagerFactory for persistence unit 'default'
2026-09-18 10:22:12 INFO  [zaxxer.hikari.HikariDataSource] - HikariPool-8 - Shutdown initiated...
2026-09-18 10:22:12 INFO  [zaxxer.hikari.HikariDataSource] - HikariPool-8 - Shutdown completed.
2026-09-18 10:22:12 INFO  [repository.config.RepositoryConfigurationDelegate] - Bootstrapping Spring Data JPA repositories in DEFAULT mode.
2026-09-18 10:22:12 INFO  [repository.config.RepositoryConfigurationDelegate] - Finished Spring Data repository scanning in 9 ms. Found 2 JPA repository interfaces.
2026-09-18 10:22:12 INFO  [boot.tomcat.TomcatWebServer] - Tomcat initialized with port 8091 (http)
2026-09-18 10:22:12 INFO  [coyote.http11.Http11NioProtocol] - Initializing ProtocolHandler ["http-nio-8091"]
2026-09-18 10:22:12 INFO  [catalina.core.StandardService] - Starting service [Tomcat]
2026-09-18 10:22:12 INFO  [catalina.core.StandardEngine] - Starting Servlet engine: [Apache Tomcat/11.0.24]
2026-09-18 10:22:12 INFO  [context.servlet.WebApplicationContextInitializer] - Root WebApplicationContext: initialization completed in 325 ms
2026-09-18 10:22:12 INFO  [hibernate.orm.jpa] - HHH008540: Processing PersistenceUnitInfo [name: default]
2026-09-18 10:22:12 INFO  [jpa.persistenceunit.SpringPersistenceUnitInfo] - No LoadTimeWeaver setup: ignoring JPA class transformer
2026-09-18 10:22:12 INFO  [zaxxer.hikari.HikariDataSource] - HikariPool-9 - Starting...
2026-09-18 10:22:12 INFO  [hikari.pool.HikariPool] - HikariPool-9 - Added connection com.mysql.cj.jdbc.ConnectionImpl@48f98462
2026-09-18 10:22:12 INFO  [zaxxer.hikari.HikariDataSource] - HikariPool-9 - Start completed.
2026-09-18 10:22:12 WARN  [hibernate.orm.deprecation] - HHH90000025: MySQLDialect does not need to be specified explicitly using 'hibernate.dialect' (remove the property setting and it will be selected by default)
2026-09-18 10:22:12 INFO  [orm.connections.pooling] - HHH10001005: Database info:
	Database JDBC URL [jdbc:mysql://localhost:3306/DB_CALENDAR]
	Database driver: MySQL Connector/J
	Database dialect: MySQLDialect
	Database version: 8.0.46
	Default catalog/schema: DB_CALENDAR/undefined
	Autocommit mode: undefined/unknown
	Isolation level: REPEATABLE_READ [default REPEATABLE_READ]
	JDBC fetch size: none
	Pool: DataSourceConnectionProvider
	Minimum pool size: undefined/unknown
	Maximum pool size: undefined/unknown
2026-09-18 10:22:12 INFO  [hibernate.orm.core] - HHH000489: No JTA platform available (set 'hibernate.transaction.jta.platform' to enable JTA platform integration)
2026-09-18 10:22:12 INFO  [orm.jpa.LocalContainerEntityManagerFactoryBean] - Initialized JPA EntityManagerFactory for persistence unit 'default'
2026-09-18 10:22:12 WARN  [jpa.autoconfigure.JpaBaseConfiguration$JpaWebConfiguration] - spring.jpa.open-in-view is enabled by default. Therefore, database queries may be performed during view rendering. Explicitly configure spring.jpa.open-in-view to disable this warning
2026-09-18 10:22:12 INFO  [authentication.configuration.InitializeUserDetailsBeanManagerConfigurer$InitializeUserDetailsManagerConfigurer] - Global AuthenticationManager configured with UserDetailsService bean with name memberDetailsService
2026-09-18 10:22:13 INFO  [coyote.http11.Http11NioProtocol] - Starting ProtocolHandler ["http-nio-8091"]
2026-09-18 10:22:13 INFO  [boot.tomcat.TomcatWebServer] - Tomcat started on port 8091 (http) with context path '/'
2026-09-18 10:22:13 INFO  [devtools.autoconfigure.ConditionEvaluationDeltaLoggingListener] - Condition evaluation unchanged
2026-09-18 10:22:14 INFO  [devtools.autoconfigure.LocalDevToolsAutoConfiguration$RestartingClassPathChangeChangedEventListener] - Restarting due to 23 class path changes (1 addition, 0 deletions, 22 modifications)
2026-09-18 10:22:14 INFO  [boot.tomcat.GracefulShutdown] - Commencing graceful shutdown. Waiting for active requests to complete
2026-09-18 10:22:14 INFO  [coyote.http11.Http11NioProtocol] - Pausing ProtocolHandler ["http-nio-8091"]
2026-09-18 10:22:14 INFO  [boot.tomcat.GracefulShutdown] - Graceful shutdown complete
2026-09-18 10:22:14 INFO  [coyote.http11.Http11NioProtocol] - Stopping ProtocolHandler ["http-nio-8091"]
2026-09-18 10:22:14 INFO  [orm.jpa.LocalContainerEntityManagerFactoryBean] - Closing JPA EntityManagerFactory for persistence unit 'default'
2026-09-18 10:22:14 INFO  [zaxxer.hikari.HikariDataSource] - HikariPool-9 - Shutdown initiated...
2026-09-18 10:22:14 INFO  [zaxxer.hikari.HikariDataSource] - HikariPool-9 - Shutdown completed.
2026-09-18 10:22:14 INFO  [repository.config.RepositoryConfigurationDelegate] - Bootstrapping Spring Data JPA repositories in DEFAULT mode.
2026-09-18 10:22:14 INFO  [repository.config.RepositoryConfigurationDelegate] - Finished Spring Data repository scanning in 8 ms. Found 2 JPA repository interfaces.
2026-09-18 10:22:15 INFO  [boot.tomcat.TomcatWebServer] - Tomcat initialized with port 8091 (http)
2026-09-18 10:22:15 INFO  [coyote.http11.Http11NioProtocol] - Initializing ProtocolHandler ["http-nio-8091"]
2026-09-18 10:22:15 INFO  [catalina.core.StandardService] - Starting service [Tomcat]
2026-09-18 10:22:15 INFO  [catalina.core.StandardEngine] - Starting Servlet engine: [Apache Tomcat/11.0.24]
2026-09-18 10:22:15 INFO  [context.servlet.WebApplicationContextInitializer] - Root WebApplicationContext: initialization completed in 319 ms
2026-09-18 10:22:15 INFO  [hibernate.orm.jpa] - HHH008540: Processing PersistenceUnitInfo [name: default]
2026-09-18 10:22:15 INFO  [jpa.persistenceunit.SpringPersistenceUnitInfo] - No LoadTimeWeaver setup: ignoring JPA class transformer
2026-09-18 10:22:15 INFO  [zaxxer.hikari.HikariDataSource] - HikariPool-10 - Starting...
2026-09-18 10:22:15 INFO  [hikari.pool.HikariPool] - HikariPool-10 - Added connection com.mysql.cj.jdbc.ConnectionImpl@4cc897e3
2026-09-18 10:22:15 INFO  [zaxxer.hikari.HikariDataSource] - HikariPool-10 - Start completed.
2026-09-18 10:22:15 WARN  [hibernate.orm.deprecation] - HHH90000025: MySQLDialect does not need to be specified explicitly using 'hibernate.dialect' (remove the property setting and it will be selected by default)
2026-09-18 10:22:15 INFO  [orm.connections.pooling] - HHH10001005: Database info:
	Database JDBC URL [jdbc:mysql://localhost:3306/DB_CALENDAR]
	Database driver: MySQL Connector/J
	Database dialect: MySQLDialect
	Database version: 8.0.46
	Default catalog/schema: DB_CALENDAR/undefined
	Autocommit mode: undefined/unknown
	Isolation level: REPEATABLE_READ [default REPEATABLE_READ]
	JDBC fetch size: none
	Pool: DataSourceConnectionProvider
	Minimum pool size: undefined/unknown
	Maximum pool size: undefined/unknown
2026-09-18 10:22:15 INFO  [hibernate.orm.core] - HHH000489: No JTA platform available (set 'hibernate.transaction.jta.platform' to enable JTA platform integration)
2026-09-18 10:22:15 INFO  [orm.jpa.LocalContainerEntityManagerFactoryBean] - Initialized JPA EntityManagerFactory for persistence unit 'default'
2026-09-18 10:22:15 WARN  [jpa.autoconfigure.JpaBaseConfiguration$JpaWebConfiguration] - spring.jpa.open-in-view is enabled by default. Therefore, database queries may be performed during view rendering. Explicitly configure spring.jpa.open-in-view to disable this warning
2026-09-18 10:22:15 INFO  [authentication.configuration.InitializeUserDetailsBeanManagerConfigurer$InitializeUserDetailsManagerConfigurer] - Global AuthenticationManager configured with UserDetailsService bean with name memberDetailsService
2026-09-18 10:22:15 INFO  [coyote.http11.Http11NioProtocol] - Starting ProtocolHandler ["http-nio-8091"]
2026-09-18 10:22:15 INFO  [boot.tomcat.TomcatWebServer] - Tomcat started on port 8091 (http) with context path '/'
2026-09-18 10:22:15 INFO  [devtools.autoconfigure.ConditionEvaluationDeltaLoggingListener] - Condition evaluation unchanged
2026-09-18 10:59:46 INFO  [devtools.autoconfigure.LocalDevToolsAutoConfiguration$RestartingClassPathChangeChangedEventListener] - Restarting due to 1 class path change (0 additions, 1 deletion, 0 modifications)
2026-09-18 10:59:46 INFO  [boot.tomcat.GracefulShutdown] - Commencing graceful shutdown. Waiting for active requests to complete
2026-09-18 10:59:46 INFO  [coyote.http11.Http11NioProtocol] - Pausing ProtocolHandler ["http-nio-8091"]
2026-09-18 10:59:47 INFO  [boot.tomcat.GracefulShutdown] - Graceful shutdown complete
2026-09-18 10:59:47 INFO  [coyote.http11.Http11NioProtocol] - Stopping ProtocolHandler ["http-nio-8091"]
2026-09-18 10:59:47 INFO  [orm.jpa.LocalContainerEntityManagerFactoryBean] - Closing JPA EntityManagerFactory for persistence unit 'default'
2026-09-18 10:59:47 INFO  [zaxxer.hikari.HikariDataSource] - HikariPool-10 - Shutdown initiated...
2026-09-18 10:59:47 INFO  [zaxxer.hikari.HikariDataSource] - HikariPool-10 - Shutdown completed.
2026-09-18 10:59:47 INFO  [repository.config.RepositoryConfigurationDelegate] - Bootstrapping Spring Data JPA repositories in DEFAULT mode.
2026-09-18 10:59:47 INFO  [repository.config.RepositoryConfigurationDelegate] - Finished Spring Data repository scanning in 8 ms. Found 2 JPA repository interfaces.
2026-09-18 10:59:47 INFO  [boot.tomcat.TomcatWebServer] - Tomcat initialized with port 8091 (http)
2026-09-18 10:59:47 INFO  [coyote.http11.Http11NioProtocol] - Initializing ProtocolHandler ["http-nio-8091"]
2026-09-18 10:59:47 INFO  [catalina.core.StandardService] - Starting service [Tomcat]
2026-09-18 10:59:47 INFO  [catalina.core.StandardEngine] - Starting Servlet engine: [Apache Tomcat/11.0.24]
2026-09-18 10:59:47 INFO  [context.servlet.WebApplicationContextInitializer] - Root WebApplicationContext: initialization completed in 377 ms
2026-09-18 10:59:47 INFO  [hibernate.orm.jpa] - HHH008540: Processing PersistenceUnitInfo [name: default]
2026-09-18 10:59:47 INFO  [jpa.persistenceunit.SpringPersistenceUnitInfo] - No LoadTimeWeaver setup: ignoring JPA class transformer
2026-09-18 10:59:47 INFO  [zaxxer.hikari.HikariDataSource] - HikariPool-11 - Starting...
2026-09-18 10:59:47 INFO  [hikari.pool.HikariPool] - HikariPool-11 - Added connection com.mysql.cj.jdbc.ConnectionImpl@3de355ff
2026-09-18 10:59:47 INFO  [zaxxer.hikari.HikariDataSource] - HikariPool-11 - Start completed.
2026-09-18 10:59:47 WARN  [hibernate.orm.deprecation] - HHH90000025: MySQLDialect does not need to be specified explicitly using 'hibernate.dialect' (remove the property setting and it will be selected by default)
2026-09-18 10:59:47 INFO  [orm.connections.pooling] - HHH10001005: Database info:
	Database JDBC URL [jdbc:mysql://localhost:3306/DB_CALENDAR]
	Database driver: MySQL Connector/J
	Database dialect: MySQLDialect
	Database version: 8.0.46
	Default catalog/schema: DB_CALENDAR/undefined
	Autocommit mode: undefined/unknown
	Isolation level: REPEATABLE_READ [default REPEATABLE_READ]
	JDBC fetch size: none
	Pool: DataSourceConnectionProvider
	Minimum pool size: undefined/unknown
	Maximum pool size: undefined/unknown
2026-09-18 10:59:47 INFO  [hibernate.orm.core] - HHH000489: No JTA platform available (set 'hibernate.transaction.jta.platform' to enable JTA platform integration)
2026-09-18 10:59:47 INFO  [orm.jpa.LocalContainerEntityManagerFactoryBean] - Initialized JPA EntityManagerFactory for persistence unit 'default'
2026-09-18 10:59:47 WARN  [jpa.autoconfigure.JpaBaseConfiguration$JpaWebConfiguration] - spring.jpa.open-in-view is enabled by default. Therefore, database queries may be performed during view rendering. Explicitly configure spring.jpa.open-in-view to disable this warning
2026-09-18 10:59:47 INFO  [authentication.configuration.InitializeUserDetailsBeanManagerConfigurer$InitializeUserDetailsManagerConfigurer] - Global AuthenticationManager configured with UserDetailsService bean with name memberDetailsService
2026-09-18 10:59:48 INFO  [coyote.http11.Http11NioProtocol] - Starting ProtocolHandler ["http-nio-8091"]
2026-09-18 10:59:48 INFO  [boot.tomcat.TomcatWebServer] - Tomcat started on port 8091 (http) with context path '/'
2026-09-18 10:59:48 INFO  [devtools.autoconfigure.ConditionEvaluationDeltaLoggingListener] - Condition evaluation unchanged
2026-09-18 10:59:49 INFO  [devtools.autoconfigure.LocalDevToolsAutoConfiguration$RestartingClassPathChangeChangedEventListener] - Restarting due to 1 class path change (1 addition, 0 deletions, 0 modifications)
2026-09-18 10:59:49 INFO  [boot.tomcat.GracefulShutdown] - Commencing graceful shutdown. Waiting for active requests to complete
2026-09-18 10:59:49 INFO  [coyote.http11.Http11NioProtocol] - Pausing ProtocolHandler ["http-nio-8091"]
2026-09-18 10:59:49 INFO  [boot.tomcat.GracefulShutdown] - Graceful shutdown complete
2026-09-18 10:59:49 INFO  [coyote.http11.Http11NioProtocol] - Stopping ProtocolHandler ["http-nio-8091"]
2026-09-18 10:59:49 INFO  [orm.jpa.LocalContainerEntityManagerFactoryBean] - Closing JPA EntityManagerFactory for persistence unit 'default'
2026-09-18 10:59:49 INFO  [zaxxer.hikari.HikariDataSource] - HikariPool-11 - Shutdown initiated...
2026-09-18 10:59:49 INFO  [zaxxer.hikari.HikariDataSource] - HikariPool-11 - Shutdown completed.
2026-09-18 10:59:50 INFO  [repository.config.RepositoryConfigurationDelegate] - Bootstrapping Spring Data JPA repositories in DEFAULT mode.
2026-09-18 10:59:50 INFO  [repository.config.RepositoryConfigurationDelegate] - Finished Spring Data repository scanning in 8 ms. Found 2 JPA repository interfaces.
2026-09-18 10:59:50 INFO  [boot.tomcat.TomcatWebServer] - Tomcat initialized with port 8091 (http)
2026-09-18 10:59:50 INFO  [coyote.http11.Http11NioProtocol] - Initializing ProtocolHandler ["http-nio-8091"]
2026-09-18 10:59:50 INFO  [catalina.core.StandardService] - Starting service [Tomcat]
2026-09-18 10:59:50 INFO  [catalina.core.StandardEngine] - Starting Servlet engine: [Apache Tomcat/11.0.24]
2026-09-18 10:59:50 INFO  [context.servlet.WebApplicationContextInitializer] - Root WebApplicationContext: initialization completed in 351 ms
2026-09-18 10:59:50 INFO  [hibernate.orm.jpa] - HHH008540: Processing PersistenceUnitInfo [name: default]
2026-09-18 10:59:50 INFO  [jpa.persistenceunit.SpringPersistenceUnitInfo] - No LoadTimeWeaver setup: ignoring JPA class transformer
2026-09-18 10:59:50 INFO  [zaxxer.hikari.HikariDataSource] - HikariPool-12 - Starting...
2026-09-18 10:59:50 INFO  [hikari.pool.HikariPool] - HikariPool-12 - Added connection com.mysql.cj.jdbc.ConnectionImpl@4ffb69a9
2026-09-18 10:59:50 INFO  [zaxxer.hikari.HikariDataSource] - HikariPool-12 - Start completed.
2026-09-18 10:59:50 WARN  [hibernate.orm.deprecation] - HHH90000025: MySQLDialect does not need to be specified explicitly using 'hibernate.dialect' (remove the property setting and it will be selected by default)
2026-09-18 10:59:50 INFO  [orm.connections.pooling] - HHH10001005: Database info:
	Database JDBC URL [jdbc:mysql://localhost:3306/DB_CALENDAR]
	Database driver: MySQL Connector/J
	Database dialect: MySQLDialect
	Database version: 8.0.46
	Default catalog/schema: DB_CALENDAR/undefined
	Autocommit mode: undefined/unknown
	Isolation level: REPEATABLE_READ [default REPEATABLE_READ]
	JDBC fetch size: none
	Pool: DataSourceConnectionProvider
	Minimum pool size: undefined/unknown
	Maximum pool size: undefined/unknown
2026-09-18 10:59:50 INFO  [hibernate.orm.core] - HHH000489: No JTA platform available (set 'hibernate.transaction.jta.platform' to enable JTA platform integration)
2026-09-18 10:59:50 INFO  [orm.jpa.LocalContainerEntityManagerFactoryBean] - Initialized JPA EntityManagerFactory for persistence unit 'default'
2026-09-18 10:59:50 WARN  [jpa.autoconfigure.JpaBaseConfiguration$JpaWebConfiguration] - spring.jpa.open-in-view is enabled by default. Therefore, database queries may be performed during view rendering. Explicitly configure spring.jpa.open-in-view to disable this warning
2026-09-18 10:59:50 INFO  [authentication.configuration.InitializeUserDetailsBeanManagerConfigurer$InitializeUserDetailsManagerConfigurer] - Global AuthenticationManager configured with UserDetailsService bean with name memberDetailsService
2026-09-18 10:59:50 INFO  [coyote.http11.Http11NioProtocol] - Starting ProtocolHandler ["http-nio-8091"]
2026-09-18 10:59:50 INFO  [boot.tomcat.TomcatWebServer] - Tomcat started on port 8091 (http) with context path '/'
2026-09-18 10:59:50 INFO  [devtools.autoconfigure.ConditionEvaluationDeltaLoggingListener] - Condition evaluation unchanged
2026-09-18 11:16:36 INFO  [boot.tomcat.GracefulShutdown] - Commencing graceful shutdown. Waiting for active requests to complete
2026-09-18 11:16:36 INFO  [boot.tomcat.GracefulShutdown] - Graceful shutdown complete
2026-09-18 11:16:36 INFO  [orm.jpa.LocalContainerEntityManagerFactoryBean] - Closing JPA EntityManagerFactory for persistence unit 'default'
2026-09-18 11:16:36 INFO  [zaxxer.hikari.HikariDataSource] - HikariPool-12 - Shutdown initiated...
2026-09-18 11:16:36 INFO  [zaxxer.hikari.HikariDataSource] - HikariPool-12 - Shutdown completed.
2026-09-18 11:47:19 INFO  [devtools.env.DevToolsPropertyDefaultsPostProcessor] - Devtools property defaults active! Set 'spring.devtools.add-properties' to 'false' to disable
2026-09-18 11:47:19 INFO  [devtools.env.DevToolsPropertyDefaultsPostProcessor] - For additional web related logging consider setting the 'logging.level.web' property to 'DEBUG'
2026-09-18 11:47:20 INFO  [repository.config.RepositoryConfigurationDelegate] - Bootstrapping Spring Data JPA repositories in DEFAULT mode.
2026-09-18 11:47:20 INFO  [repository.config.RepositoryConfigurationDelegate] - Finished Spring Data repository scanning in 43 ms. Found 2 JPA repository interfaces.
2026-09-18 11:47:20 INFO  [boot.tomcat.TomcatWebServer] - Tomcat initialized with port 8091 (http)
2026-09-18 11:47:20 INFO  [coyote.http11.Http11NioProtocol] - Initializing ProtocolHandler ["http-nio-8091"]
2026-09-18 11:47:20 INFO  [catalina.core.StandardService] - Starting service [Tomcat]
2026-09-18 11:47:20 INFO  [catalina.core.StandardEngine] - Starting Servlet engine: [Apache Tomcat/11.0.24]
2026-09-18 11:47:21 INFO  [context.servlet.WebApplicationContextInitializer] - Root WebApplicationContext: initialization completed in 1885 ms
2026-09-18 11:47:21 INFO  [hibernate.orm.jpa] - HHH008540: Processing PersistenceUnitInfo [name: default]
2026-09-18 11:47:21 INFO  [hibernate.orm.core] - HHH000001: Hibernate ORM core version 7.4.5.Final
2026-09-18 11:47:22 INFO  [jpa.persistenceunit.SpringPersistenceUnitInfo] - No LoadTimeWeaver setup: ignoring JPA class transformer
2026-09-18 11:47:22 INFO  [zaxxer.hikari.HikariDataSource] - HikariPool-1 - Starting...
2026-09-18 11:47:22 INFO  [hikari.pool.HikariPool] - HikariPool-1 - Added connection com.mysql.cj.jdbc.ConnectionImpl@5066866e
2026-09-18 11:47:22 INFO  [zaxxer.hikari.HikariDataSource] - HikariPool-1 - Start completed.
2026-09-18 11:47:22 WARN  [hibernate.orm.deprecation] - HHH90000025: MySQLDialect does not need to be specified explicitly using 'hibernate.dialect' (remove the property setting and it will be selected by default)
2026-09-18 11:47:22 INFO  [orm.connections.pooling] - HHH10001005: Database info:
	Database JDBC URL [jdbc:mysql://localhost:3306/DB_CALENDAR]
	Database driver: MySQL Connector/J
	Database dialect: MySQLDialect
	Database version: 8.0.46
	Default catalog/schema: DB_CALENDAR/undefined
	Autocommit mode: undefined/unknown
	Isolation level: REPEATABLE_READ [default REPEATABLE_READ]
	JDBC fetch size: none
	Pool: DataSourceConnectionProvider
	Minimum pool size: undefined/unknown
	Maximum pool size: undefined/unknown
2026-09-18 11:47:23 INFO  [hibernate.orm.core] - HHH000489: No JTA platform available (set 'hibernate.transaction.jta.platform' to enable JTA platform integration)
2026-09-18 11:47:23 INFO  [orm.jpa.LocalContainerEntityManagerFactoryBean] - Initialized JPA EntityManagerFactory for persistence unit 'default'
2026-09-18 11:47:23 INFO  [repository.query.QueryEnhancerFactories] - Hibernate is in classpath; If applicable, HQL parser will be used.
2026-09-18 11:47:24 WARN  [jpa.autoconfigure.JpaBaseConfiguration$JpaWebConfiguration] - spring.jpa.open-in-view is enabled by default. Therefore, database queries may be performed during view rendering. Explicitly configure spring.jpa.open-in-view to disable this warning
2026-09-18 11:47:24 INFO  [authentication.configuration.InitializeUserDetailsBeanManagerConfigurer$InitializeUserDetailsManagerConfigurer] - Global AuthenticationManager configured with UserDetailsService bean with name memberDetailsService
2026-09-18 11:47:24 INFO  [coyote.http11.Http11NioProtocol] - Starting ProtocolHandler ["http-nio-8091"]
2026-09-18 11:47:24 INFO  [boot.tomcat.TomcatWebServer] - Tomcat started on port 8091 (http) with context path '/'
2026-09-18 11:47:24 INFO  [[Tomcat].[localhost].[/]] - Initializing Spring DispatcherServlet 'dispatcherServlet'
2026-09-18 11:47:24 INFO  [web.servlet.DispatcherServlet] - Initializing Servlet 'dispatcherServlet'
2026-09-18 11:47:24 INFO  [web.servlet.DispatcherServlet] - Completed initialization in 2 ms
2026-09-18 11:49:33 INFO  [devtools.autoconfigure.LocalDevToolsAutoConfiguration$RestartingClassPathChangeChangedEventListener] - Restarting due to 25 class path changes (1 addition, 0 deletions, 24 modifications)
2026-09-18 11:49:33 INFO  [boot.tomcat.GracefulShutdown] - Commencing graceful shutdown. Waiting for active requests to complete
2026-09-18 11:49:33 INFO  [coyote.http11.Http11NioProtocol] - Pausing ProtocolHandler ["http-nio-8091"]
2026-09-18 11:49:33 INFO  [boot.tomcat.GracefulShutdown] - Graceful shutdown complete
2026-09-18 11:49:33 INFO  [coyote.http11.Http11NioProtocol] - Stopping ProtocolHandler ["http-nio-8091"]
2026-09-18 11:49:33 INFO  [orm.jpa.LocalContainerEntityManagerFactoryBean] - Closing JPA EntityManagerFactory for persistence unit 'default'
2026-09-18 11:49:33 INFO  [zaxxer.hikari.HikariDataSource] - HikariPool-1 - Shutdown initiated...
2026-09-18 11:49:34 INFO  [zaxxer.hikari.HikariDataSource] - HikariPool-1 - Shutdown completed.
2026-09-18 11:49:34 INFO  [repository.config.RepositoryConfigurationDelegate] - Bootstrapping Spring Data JPA repositories in DEFAULT mode.
2026-09-18 11:49:34 INFO  [repository.config.RepositoryConfigurationDelegate] - Finished Spring Data repository scanning in 15 ms. Found 2 JPA repository interfaces.
2026-09-18 11:49:34 INFO  [boot.tomcat.TomcatWebServer] - Tomcat initialized with port 8091 (http)
2026-09-18 11:49:34 INFO  [coyote.http11.Http11NioProtocol] - Initializing ProtocolHandler ["http-nio-8091"]
2026-09-18 11:49:34 INFO  [catalina.core.StandardService] - Starting service [Tomcat]
2026-09-18 11:49:34 INFO  [catalina.core.StandardEngine] - Starting Servlet engine: [Apache Tomcat/11.0.24]
2026-09-18 11:49:34 INFO  [context.servlet.WebApplicationContextInitializer] - Root WebApplicationContext: initialization completed in 422 ms
2026-09-18 11:49:34 INFO  [hibernate.orm.jpa] - HHH008540: Processing PersistenceUnitInfo [name: default]
2026-09-18 11:49:34 INFO  [jpa.persistenceunit.SpringPersistenceUnitInfo] - No LoadTimeWeaver setup: ignoring JPA class transformer
2026-09-18 11:49:34 INFO  [zaxxer.hikari.HikariDataSource] - HikariPool-2 - Starting...
2026-09-18 11:49:34 INFO  [hikari.pool.HikariPool] - HikariPool-2 - Added connection com.mysql.cj.jdbc.ConnectionImpl@650ebf7
2026-09-18 11:49:34 INFO  [zaxxer.hikari.HikariDataSource] - HikariPool-2 - Start completed.
2026-09-18 11:49:34 WARN  [hibernate.orm.deprecation] - HHH90000025: MySQLDialect does not need to be specified explicitly using 'hibernate.dialect' (remove the property setting and it will be selected by default)
2026-09-18 11:49:34 INFO  [orm.connections.pooling] - HHH10001005: Database info:
	Database JDBC URL [jdbc:mysql://localhost:3306/DB_CALENDAR]
	Database driver: MySQL Connector/J
	Database dialect: MySQLDialect
	Database version: 8.0.46
	Default catalog/schema: DB_CALENDAR/undefined
	Autocommit mode: undefined/unknown
	Isolation level: REPEATABLE_READ [default REPEATABLE_READ]
	JDBC fetch size: none
	Pool: DataSourceConnectionProvider
	Minimum pool size: undefined/unknown
	Maximum pool size: undefined/unknown
2026-09-18 11:49:34 INFO  [hibernate.orm.core] - HHH000489: No JTA platform available (set 'hibernate.transaction.jta.platform' to enable JTA platform integration)
2026-09-18 11:49:34 INFO  [orm.jpa.LocalContainerEntityManagerFactoryBean] - Initialized JPA EntityManagerFactory for persistence unit 'default'
2026-09-18 11:49:34 WARN  [jpa.autoconfigure.JpaBaseConfiguration$JpaWebConfiguration] - spring.jpa.open-in-view is enabled by default. Therefore, database queries may be performed during view rendering. Explicitly configure spring.jpa.open-in-view to disable this warning
2026-09-18 11:49:34 INFO  [authentication.configuration.InitializeUserDetailsBeanManagerConfigurer$InitializeUserDetailsManagerConfigurer] - Global AuthenticationManager configured with UserDetailsService bean with name memberDetailsService
2026-09-18 11:49:35 INFO  [coyote.http11.Http11NioProtocol] - Starting ProtocolHandler ["http-nio-8091"]
2026-09-18 11:49:35 INFO  [boot.tomcat.TomcatWebServer] - Tomcat started on port 8091 (http) with context path '/'
2026-09-18 11:49:35 INFO  [devtools.autoconfigure.ConditionEvaluationDeltaLoggingListener] - Condition evaluation unchanged
2026-09-18 11:49:35 INFO  [[Tomcat].[localhost].[/]] - Initializing Spring DispatcherServlet 'dispatcherServlet'
2026-09-18 11:49:35 INFO  [web.servlet.DispatcherServlet] - Initializing Servlet 'dispatcherServlet'
2026-09-18 11:49:35 INFO  [web.servlet.DispatcherServlet] - Completed initialization in 4 ms
2026-09-18 11:50:35 INFO  [devtools.autoconfigure.LocalDevToolsAutoConfiguration$RestartingClassPathChangeChangedEventListener] - Restarting due to 25 class path changes (0 additions, 0 deletions, 25 modifications)
2026-09-18 11:50:35 INFO  [boot.tomcat.GracefulShutdown] - Commencing graceful shutdown. Waiting for active requests to complete
2026-09-18 11:50:35 INFO  [coyote.http11.Http11NioProtocol] - Pausing ProtocolHandler ["http-nio-8091"]
2026-09-18 11:50:35 INFO  [boot.tomcat.GracefulShutdown] - Graceful shutdown complete
2026-09-18 11:50:35 INFO  [coyote.http11.Http11NioProtocol] - Stopping ProtocolHandler ["http-nio-8091"]
2026-09-18 11:50:35 INFO  [orm.jpa.LocalContainerEntityManagerFactoryBean] - Closing JPA EntityManagerFactory for persistence unit 'default'
2026-09-18 11:50:35 INFO  [zaxxer.hikari.HikariDataSource] - HikariPool-2 - Shutdown initiated...
2026-09-18 11:50:35 INFO  [zaxxer.hikari.HikariDataSource] - HikariPool-2 - Shutdown completed.
2026-09-18 11:50:36 INFO  [repository.config.RepositoryConfigurationDelegate] - Bootstrapping Spring Data JPA repositories in DEFAULT mode.
2026-09-18 11:50:36 INFO  [repository.config.RepositoryConfigurationDelegate] - Finished Spring Data repository scanning in 9 ms. Found 2 JPA repository interfaces.
2026-09-18 11:50:36 INFO  [boot.tomcat.TomcatWebServer] - Tomcat initialized with port 8091 (http)
2026-09-18 11:50:36 INFO  [coyote.http11.Http11NioProtocol] - Initializing ProtocolHandler ["http-nio-8091"]
2026-09-18 11:50:36 INFO  [catalina.core.StandardService] - Starting service [Tomcat]
2026-09-18 11:50:36 INFO  [catalina.core.StandardEngine] - Starting Servlet engine: [Apache Tomcat/11.0.24]
2026-09-18 11:50:36 INFO  [context.servlet.WebApplicationContextInitializer] - Root WebApplicationContext: initialization completed in 354 ms
2026-09-18 11:50:36 INFO  [hibernate.orm.jpa] - HHH008540: Processing PersistenceUnitInfo [name: default]
2026-09-18 11:50:36 INFO  [jpa.persistenceunit.SpringPersistenceUnitInfo] - No LoadTimeWeaver setup: ignoring JPA class transformer
2026-09-18 11:50:36 INFO  [zaxxer.hikari.HikariDataSource] - HikariPool-3 - Starting...
2026-09-18 11:50:36 INFO  [hikari.pool.HikariPool] - HikariPool-3 - Added connection com.mysql.cj.jdbc.ConnectionImpl@70dae303
2026-09-18 11:50:36 INFO  [zaxxer.hikari.HikariDataSource] - HikariPool-3 - Start completed.
2026-09-18 11:50:36 WARN  [hibernate.orm.deprecation] - HHH90000025: MySQLDialect does not need to be specified explicitly using 'hibernate.dialect' (remove the property setting and it will be selected by default)
2026-09-18 11:50:36 INFO  [orm.connections.pooling] - HHH10001005: Database info:
	Database JDBC URL [jdbc:mysql://localhost:3306/DB_CALENDAR]
	Database driver: MySQL Connector/J
	Database dialect: MySQLDialect
	Database version: 8.0.46
	Default catalog/schema: DB_CALENDAR/undefined
	Autocommit mode: undefined/unknown
	Isolation level: REPEATABLE_READ [default REPEATABLE_READ]
	JDBC fetch size: none
	Pool: DataSourceConnectionProvider
	Minimum pool size: undefined/unknown
	Maximum pool size: undefined/unknown
2026-09-18 11:50:36 INFO  [hibernate.orm.core] - HHH000489: No JTA platform available (set 'hibernate.transaction.jta.platform' to enable JTA platform integration)
2026-09-18 11:50:36 INFO  [orm.jpa.LocalContainerEntityManagerFactoryBean] - Initialized JPA EntityManagerFactory for persistence unit 'default'
2026-09-18 11:50:36 WARN  [jpa.autoconfigure.JpaBaseConfiguration$JpaWebConfiguration] - spring.jpa.open-in-view is enabled by default. Therefore, database queries may be performed during view rendering. Explicitly configure spring.jpa.open-in-view to disable this warning
2026-09-18 11:50:36 INFO  [authentication.configuration.InitializeUserDetailsBeanManagerConfigurer$InitializeUserDetailsManagerConfigurer] - Global AuthenticationManager configured with UserDetailsService bean with name memberDetailsService
2026-09-18 11:50:36 INFO  [coyote.http11.Http11NioProtocol] - Starting ProtocolHandler ["http-nio-8091"]
2026-09-18 11:50:36 INFO  [boot.tomcat.TomcatWebServer] - Tomcat started on port 8091 (http) with context path '/'
2026-09-18 11:50:36 INFO  [devtools.autoconfigure.ConditionEvaluationDeltaLoggingListener] - Condition evaluation unchanged
2026-09-18 11:50:38 INFO  [[Tomcat].[localhost].[/]] - Initializing Spring DispatcherServlet 'dispatcherServlet'
2026-09-18 11:50:38 INFO  [web.servlet.DispatcherServlet] - Initializing Servlet 'dispatcherServlet'
2026-09-18 11:50:38 INFO  [web.servlet.DispatcherServlet] - Completed initialization in 3 ms
2026-09-18 12:03:21 INFO  [devtools.autoconfigure.LocalDevToolsAutoConfiguration$RestartingClassPathChangeChangedEventListener] - Restarting due to 25 class path changes (0 additions, 0 deletions, 25 modifications)
2026-09-18 12:03:21 INFO  [boot.tomcat.GracefulShutdown] - Commencing graceful shutdown. Waiting for active requests to complete
2026-09-18 12:03:21 INFO  [coyote.http11.Http11NioProtocol] - Pausing ProtocolHandler ["http-nio-8091"]
2026-09-18 12:03:21 INFO  [boot.tomcat.GracefulShutdown] - Graceful shutdown complete
2026-09-18 12:03:21 INFO  [coyote.http11.Http11NioProtocol] - Stopping ProtocolHandler ["http-nio-8091"]
2026-09-18 12:03:21 INFO  [orm.jpa.LocalContainerEntityManagerFactoryBean] - Closing JPA EntityManagerFactory for persistence unit 'default'
2026-09-18 12:03:21 INFO  [zaxxer.hikari.HikariDataSource] - HikariPool-3 - Shutdown initiated...
2026-09-18 12:03:21 INFO  [zaxxer.hikari.HikariDataSource] - HikariPool-3 - Shutdown completed.
2026-09-18 12:03:21 INFO  [repository.config.RepositoryConfigurationDelegate] - Bootstrapping Spring Data JPA repositories in DEFAULT mode.
2026-09-18 12:03:21 INFO  [repository.config.RepositoryConfigurationDelegate] - Finished Spring Data repository scanning in 12 ms. Found 2 JPA repository interfaces.
2026-09-18 12:03:21 INFO  [boot.tomcat.TomcatWebServer] - Tomcat initialized with port 8091 (http)
2026-09-18 12:03:21 INFO  [coyote.http11.Http11NioProtocol] - Initializing ProtocolHandler ["http-nio-8091"]
2026-09-18 12:03:21 INFO  [catalina.core.StandardService] - Starting service [Tomcat]
2026-09-18 12:03:21 INFO  [catalina.core.StandardEngine] - Starting Servlet engine: [Apache Tomcat/11.0.24]
2026-09-18 12:03:21 INFO  [context.servlet.WebApplicationContextInitializer] - Root WebApplicationContext: initialization completed in 386 ms
2026-09-18 12:03:21 INFO  [hibernate.orm.jpa] - HHH008540: Processing PersistenceUnitInfo [name: default]
2026-09-18 12:03:21 INFO  [jpa.persistenceunit.SpringPersistenceUnitInfo] - No LoadTimeWeaver setup: ignoring JPA class transformer
2026-09-18 12:03:21 INFO  [zaxxer.hikari.HikariDataSource] - HikariPool-4 - Starting...
2026-09-18 12:03:21 INFO  [hikari.pool.HikariPool] - HikariPool-4 - Added connection com.mysql.cj.jdbc.ConnectionImpl@35fa8ed1
2026-09-18 12:03:21 INFO  [zaxxer.hikari.HikariDataSource] - HikariPool-4 - Start completed.
2026-09-18 12:03:21 WARN  [hibernate.orm.deprecation] - HHH90000025: MySQLDialect does not need to be specified explicitly using 'hibernate.dialect' (remove the property setting and it will be selected by default)
2026-09-18 12:03:21 INFO  [orm.connections.pooling] - HHH10001005: Database info:
	Database JDBC URL [jdbc:mysql://localhost:3306/DB_CALENDAR]
	Database driver: MySQL Connector/J
	Database dialect: MySQLDialect
	Database version: 8.0.46
	Default catalog/schema: DB_CALENDAR/undefined
	Autocommit mode: undefined/unknown
	Isolation level: REPEATABLE_READ [default REPEATABLE_READ]
	JDBC fetch size: none
	Pool: DataSourceConnectionProvider
	Minimum pool size: undefined/unknown
	Maximum pool size: undefined/unknown
2026-09-18 12:03:21 INFO  [hibernate.orm.core] - HHH000489: No JTA platform available (set 'hibernate.transaction.jta.platform' to enable JTA platform integration)
2026-09-18 12:03:21 INFO  [orm.jpa.LocalContainerEntityManagerFactoryBean] - Initialized JPA EntityManagerFactory for persistence unit 'default'
2026-09-18 12:03:22 WARN  [jpa.autoconfigure.JpaBaseConfiguration$JpaWebConfiguration] - spring.jpa.open-in-view is enabled by default. Therefore, database queries may be performed during view rendering. Explicitly configure spring.jpa.open-in-view to disable this warning
2026-09-18 12:03:22 INFO  [authentication.configuration.InitializeUserDetailsBeanManagerConfigurer$InitializeUserDetailsManagerConfigurer] - Global AuthenticationManager configured with UserDetailsService bean with name memberDetailsService
2026-09-18 12:03:22 INFO  [coyote.http11.Http11NioProtocol] - Starting ProtocolHandler ["http-nio-8091"]
2026-09-18 12:03:22 INFO  [boot.tomcat.TomcatWebServer] - Tomcat started on port 8091 (http) with context path '/'
2026-09-18 12:03:22 INFO  [devtools.autoconfigure.ConditionEvaluationDeltaLoggingListener] - Condition evaluation unchanged
2026-09-18 12:03:36 INFO  [devtools.autoconfigure.LocalDevToolsAutoConfiguration$RestartingClassPathChangeChangedEventListener] - Restarting due to 25 class path changes (0 additions, 0 deletions, 25 modifications)
2026-09-18 12:03:36 INFO  [boot.tomcat.GracefulShutdown] - Commencing graceful shutdown. Waiting for active requests to complete
2026-09-18 12:03:36 INFO  [coyote.http11.Http11NioProtocol] - Pausing ProtocolHandler ["http-nio-8091"]
2026-09-18 12:03:36 INFO  [boot.tomcat.GracefulShutdown] - Graceful shutdown complete
2026-09-18 12:03:36 INFO  [coyote.http11.Http11NioProtocol] - Stopping ProtocolHandler ["http-nio-8091"]
2026-09-18 12:03:36 INFO  [orm.jpa.LocalContainerEntityManagerFactoryBean] - Closing JPA EntityManagerFactory for persistence unit 'default'
2026-09-18 12:03:36 INFO  [zaxxer.hikari.HikariDataSource] - HikariPool-4 - Shutdown initiated...
2026-09-18 12:03:36 INFO  [zaxxer.hikari.HikariDataSource] - HikariPool-4 - Shutdown completed.
2026-09-18 12:03:36 INFO  [repository.config.RepositoryConfigurationDelegate] - Bootstrapping Spring Data JPA repositories in DEFAULT mode.
2026-09-18 12:03:36 INFO  [repository.config.RepositoryConfigurationDelegate] - Finished Spring Data repository scanning in 13 ms. Found 2 JPA repository interfaces.
2026-09-18 12:03:36 INFO  [boot.tomcat.TomcatWebServer] - Tomcat initialized with port 8091 (http)
2026-09-18 12:03:36 INFO  [coyote.http11.Http11NioProtocol] - Initializing ProtocolHandler ["http-nio-8091"]
2026-09-18 12:03:36 INFO  [catalina.core.StandardService] - Starting service [Tomcat]
2026-09-18 12:03:36 INFO  [catalina.core.StandardEngine] - Starting Servlet engine: [Apache Tomcat/11.0.24]
2026-09-18 12:03:36 INFO  [context.servlet.WebApplicationContextInitializer] - Root WebApplicationContext: initialization completed in 356 ms
2026-09-18 12:03:36 INFO  [hibernate.orm.jpa] - HHH008540: Processing PersistenceUnitInfo [name: default]
2026-09-18 12:03:36 INFO  [jpa.persistenceunit.SpringPersistenceUnitInfo] - No LoadTimeWeaver setup: ignoring JPA class transformer
2026-09-18 12:03:36 INFO  [zaxxer.hikari.HikariDataSource] - HikariPool-5 - Starting...
2026-09-18 12:03:36 INFO  [hikari.pool.HikariPool] - HikariPool-5 - Added connection com.mysql.cj.jdbc.ConnectionImpl@58344fe2
2026-09-18 12:03:36 INFO  [zaxxer.hikari.HikariDataSource] - HikariPool-5 - Start completed.
2026-09-18 12:03:36 WARN  [hibernate.orm.deprecation] - HHH90000025: MySQLDialect does not need to be specified explicitly using 'hibernate.dialect' (remove the property setting and it will be selected by default)
2026-09-18 12:03:36 INFO  [orm.connections.pooling] - HHH10001005: Database info:
	Database JDBC URL [jdbc:mysql://localhost:3306/DB_CALENDAR]
	Database driver: MySQL Connector/J
	Database dialect: MySQLDialect
	Database version: 8.0.46
	Default catalog/schema: DB_CALENDAR/undefined
	Autocommit mode: undefined/unknown
	Isolation level: REPEATABLE_READ [default REPEATABLE_READ]
	JDBC fetch size: none
	Pool: DataSourceConnectionProvider
	Minimum pool size: undefined/unknown
	Maximum pool size: undefined/unknown
2026-09-18 12:03:36 INFO  [hibernate.orm.core] - HHH000489: No JTA platform available (set 'hibernate.transaction.jta.platform' to enable JTA platform integration)
2026-09-18 12:03:36 INFO  [orm.jpa.LocalContainerEntityManagerFactoryBean] - Initialized JPA EntityManagerFactory for persistence unit 'default'
2026-09-18 12:03:37 WARN  [jpa.autoconfigure.JpaBaseConfiguration$JpaWebConfiguration] - spring.jpa.open-in-view is enabled by default. Therefore, database queries may be performed during view rendering. Explicitly configure spring.jpa.open-in-view to disable this warning
2026-09-18 12:03:37 INFO  [authentication.configuration.InitializeUserDetailsBeanManagerConfigurer$InitializeUserDetailsManagerConfigurer] - Global AuthenticationManager configured with UserDetailsService bean with name memberDetailsService
2026-09-18 12:03:37 INFO  [coyote.http11.Http11NioProtocol] - Starting ProtocolHandler ["http-nio-8091"]
2026-09-18 12:03:37 INFO  [boot.tomcat.TomcatWebServer] - Tomcat started on port 8091 (http) with context path '/'
2026-09-18 12:03:37 INFO  [devtools.autoconfigure.ConditionEvaluationDeltaLoggingListener] - Condition evaluation unchanged
2026-09-18 12:04:25 INFO  [devtools.autoconfigure.LocalDevToolsAutoConfiguration$RestartingClassPathChangeChangedEventListener] - Restarting due to 25 class path changes (0 additions, 0 deletions, 25 modifications)
2026-09-18 12:04:25 INFO  [boot.tomcat.GracefulShutdown] - Commencing graceful shutdown. Waiting for active requests to complete
2026-09-18 12:04:25 INFO  [coyote.http11.Http11NioProtocol] - Pausing ProtocolHandler ["http-nio-8091"]
2026-09-18 12:04:25 INFO  [boot.tomcat.GracefulShutdown] - Graceful shutdown complete
2026-09-18 12:04:25 INFO  [coyote.http11.Http11NioProtocol] - Stopping ProtocolHandler ["http-nio-8091"]
2026-09-18 12:04:25 INFO  [orm.jpa.LocalContainerEntityManagerFactoryBean] - Closing JPA EntityManagerFactory for persistence unit 'default'
2026-09-18 12:04:25 INFO  [zaxxer.hikari.HikariDataSource] - HikariPool-5 - Shutdown initiated...
2026-09-18 12:04:25 INFO  [zaxxer.hikari.HikariDataSource] - HikariPool-5 - Shutdown completed.
2026-09-18 12:04:25 INFO  [repository.config.RepositoryConfigurationDelegate] - Bootstrapping Spring Data JPA repositories in DEFAULT mode.
2026-09-18 12:04:25 INFO  [repository.config.RepositoryConfigurationDelegate] - Finished Spring Data repository scanning in 12 ms. Found 2 JPA repository interfaces.
2026-09-18 12:04:25 INFO  [boot.tomcat.TomcatWebServer] - Tomcat initialized with port 8091 (http)
2026-09-18 12:04:25 INFO  [coyote.http11.Http11NioProtocol] - Initializing ProtocolHandler ["http-nio-8091"]
2026-09-18 12:04:25 INFO  [catalina.core.StandardService] - Starting service [Tomcat]
2026-09-18 12:04:25 INFO  [catalina.core.StandardEngine] - Starting Servlet engine: [Apache Tomcat/11.0.24]
2026-09-18 12:04:26 INFO  [context.servlet.WebApplicationContextInitializer] - Root WebApplicationContext: initialization completed in 360 ms
2026-09-18 12:04:26 INFO  [hibernate.orm.jpa] - HHH008540: Processing PersistenceUnitInfo [name: default]
2026-09-18 12:04:26 INFO  [jpa.persistenceunit.SpringPersistenceUnitInfo] - No LoadTimeWeaver setup: ignoring JPA class transformer
2026-09-18 12:04:26 INFO  [zaxxer.hikari.HikariDataSource] - HikariPool-6 - Starting...
2026-09-18 12:04:26 INFO  [hikari.pool.HikariPool] - HikariPool-6 - Added connection com.mysql.cj.jdbc.ConnectionImpl@7d9d7c29
2026-09-18 12:04:26 INFO  [zaxxer.hikari.HikariDataSource] - HikariPool-6 - Start completed.
2026-09-18 12:04:26 WARN  [hibernate.orm.deprecation] - HHH90000025: MySQLDialect does not need to be specified explicitly using 'hibernate.dialect' (remove the property setting and it will be selected by default)
2026-09-18 12:04:26 INFO  [orm.connections.pooling] - HHH10001005: Database info:
	Database JDBC URL [jdbc:mysql://localhost:3306/DB_CALENDAR]
	Database driver: MySQL Connector/J
	Database dialect: MySQLDialect
	Database version: 8.0.46
	Default catalog/schema: DB_CALENDAR/undefined
	Autocommit mode: undefined/unknown
	Isolation level: REPEATABLE_READ [default REPEATABLE_READ]
	JDBC fetch size: none
	Pool: DataSourceConnectionProvider
	Minimum pool size: undefined/unknown
	Maximum pool size: undefined/unknown
2026-09-18 12:04:26 INFO  [hibernate.orm.core] - HHH000489: No JTA platform available (set 'hibernate.transaction.jta.platform' to enable JTA platform integration)
2026-09-18 12:04:26 INFO  [orm.jpa.LocalContainerEntityManagerFactoryBean] - Initialized JPA EntityManagerFactory for persistence unit 'default'
2026-09-18 12:04:26 WARN  [jpa.autoconfigure.JpaBaseConfiguration$JpaWebConfiguration] - spring.jpa.open-in-view is enabled by default. Therefore, database queries may be performed during view rendering. Explicitly configure spring.jpa.open-in-view to disable this warning
2026-09-18 12:04:26 INFO  [authentication.configuration.InitializeUserDetailsBeanManagerConfigurer$InitializeUserDetailsManagerConfigurer] - Global AuthenticationManager configured with UserDetailsService bean with name memberDetailsService
2026-09-18 12:04:26 INFO  [coyote.http11.Http11NioProtocol] - Starting ProtocolHandler ["http-nio-8091"]
2026-09-18 12:04:26 INFO  [boot.tomcat.TomcatWebServer] - Tomcat started on port 8091 (http) with context path '/'
2026-09-18 12:04:26 INFO  [devtools.autoconfigure.ConditionEvaluationDeltaLoggingListener] - Condition evaluation unchanged
2026-09-18 12:05:24 INFO  [devtools.autoconfigure.LocalDevToolsAutoConfiguration$RestartingClassPathChangeChangedEventListener] - Restarting due to 25 class path changes (0 additions, 0 deletions, 25 modifications)
2026-09-18 12:05:24 INFO  [boot.tomcat.GracefulShutdown] - Commencing graceful shutdown. Waiting for active requests to complete
2026-09-18 12:05:24 INFO  [coyote.http11.Http11NioProtocol] - Pausing ProtocolHandler ["http-nio-8091"]
2026-09-18 12:05:24 INFO  [boot.tomcat.GracefulShutdown] - Graceful shutdown complete
2026-09-18 12:05:24 INFO  [coyote.http11.Http11NioProtocol] - Stopping ProtocolHandler ["http-nio-8091"]
2026-09-18 12:05:24 INFO  [orm.jpa.LocalContainerEntityManagerFactoryBean] - Closing JPA EntityManagerFactory for persistence unit 'default'
2026-09-18 12:05:24 INFO  [zaxxer.hikari.HikariDataSource] - HikariPool-6 - Shutdown initiated...
2026-09-18 12:05:24 INFO  [zaxxer.hikari.HikariDataSource] - HikariPool-6 - Shutdown completed.
2026-09-18 12:05:24 INFO  [repository.config.RepositoryConfigurationDelegate] - Bootstrapping Spring Data JPA repositories in DEFAULT mode.
2026-09-18 12:05:24 INFO  [repository.config.RepositoryConfigurationDelegate] - Finished Spring Data repository scanning in 11 ms. Found 2 JPA repository interfaces.
2026-09-18 12:05:24 INFO  [boot.tomcat.TomcatWebServer] - Tomcat initialized with port 8091 (http)
2026-09-18 12:05:24 INFO  [coyote.http11.Http11NioProtocol] - Initializing ProtocolHandler ["http-nio-8091"]
2026-09-18 12:05:24 INFO  [catalina.core.StandardService] - Starting service [Tomcat]
2026-09-18 12:05:24 INFO  [catalina.core.StandardEngine] - Starting Servlet engine: [Apache Tomcat/11.0.24]
2026-09-18 12:05:24 INFO  [context.servlet.WebApplicationContextInitializer] - Root WebApplicationContext: initialization completed in 350 ms
2026-09-18 12:05:24 INFO  [hibernate.orm.jpa] - HHH008540: Processing PersistenceUnitInfo [name: default]
2026-09-18 12:05:24 INFO  [jpa.persistenceunit.SpringPersistenceUnitInfo] - No LoadTimeWeaver setup: ignoring JPA class transformer
2026-09-18 12:05:24 INFO  [zaxxer.hikari.HikariDataSource] - HikariPool-7 - Starting...
2026-09-18 12:05:25 INFO  [hikari.pool.HikariPool] - HikariPool-7 - Added connection com.mysql.cj.jdbc.ConnectionImpl@8f19e82
2026-09-18 12:05:25 INFO  [zaxxer.hikari.HikariDataSource] - HikariPool-7 - Start completed.
2026-09-18 12:05:25 WARN  [hibernate.orm.deprecation] - HHH90000025: MySQLDialect does not need to be specified explicitly using 'hibernate.dialect' (remove the property setting and it will be selected by default)
2026-09-18 12:05:25 INFO  [orm.connections.pooling] - HHH10001005: Database info:
	Database JDBC URL [jdbc:mysql://localhost:3306/DB_CALENDAR]
	Database driver: MySQL Connector/J
	Database dialect: MySQLDialect
	Database version: 8.0.46
	Default catalog/schema: DB_CALENDAR/undefined
	Autocommit mode: undefined/unknown
	Isolation level: REPEATABLE_READ [default REPEATABLE_READ]
	JDBC fetch size: none
	Pool: DataSourceConnectionProvider
	Minimum pool size: undefined/unknown
	Maximum pool size: undefined/unknown
2026-09-18 12:05:25 INFO  [hibernate.orm.core] - HHH000489: No JTA platform available (set 'hibernate.transaction.jta.platform' to enable JTA platform integration)
2026-09-18 12:05:25 INFO  [orm.jpa.LocalContainerEntityManagerFactoryBean] - Initialized JPA EntityManagerFactory for persistence unit 'default'
2026-09-18 12:05:25 WARN  [jpa.autoconfigure.JpaBaseConfiguration$JpaWebConfiguration] - spring.jpa.open-in-view is enabled by default. Therefore, database queries may be performed during view rendering. Explicitly configure spring.jpa.open-in-view to disable this warning
2026-09-18 12:05:25 INFO  [authentication.configuration.InitializeUserDetailsBeanManagerConfigurer$InitializeUserDetailsManagerConfigurer] - Global AuthenticationManager configured with UserDetailsService bean with name memberDetailsService
2026-09-18 12:05:25 INFO  [coyote.http11.Http11NioProtocol] - Starting ProtocolHandler ["http-nio-8091"]
2026-09-18 12:05:25 INFO  [boot.tomcat.TomcatWebServer] - Tomcat started on port 8091 (http) with context path '/'
2026-09-18 12:05:25 INFO  [devtools.autoconfigure.ConditionEvaluationDeltaLoggingListener] - Condition evaluation unchanged
2026-09-18 12:13:46 INFO  [devtools.autoconfigure.LocalDevToolsAutoConfiguration$RestartingClassPathChangeChangedEventListener] - Restarting due to 27 class path changes (0 additions, 0 deletions, 27 modifications)
2026-09-18 12:13:46 INFO  [boot.tomcat.GracefulShutdown] - Commencing graceful shutdown. Waiting for active requests to complete
2026-09-18 12:13:46 INFO  [coyote.http11.Http11NioProtocol] - Pausing ProtocolHandler ["http-nio-8091"]
2026-09-18 12:13:46 INFO  [boot.tomcat.GracefulShutdown] - Graceful shutdown complete
2026-09-18 12:13:46 INFO  [coyote.http11.Http11NioProtocol] - Stopping ProtocolHandler ["http-nio-8091"]
2026-09-18 12:13:46 INFO  [orm.jpa.LocalContainerEntityManagerFactoryBean] - Closing JPA EntityManagerFactory for persistence unit 'default'
2026-09-18 12:13:46 INFO  [zaxxer.hikari.HikariDataSource] - HikariPool-7 - Shutdown initiated...
2026-09-18 12:13:46 INFO  [zaxxer.hikari.HikariDataSource] - HikariPool-7 - Shutdown completed.
2026-09-18 12:13:47 INFO  [repository.config.RepositoryConfigurationDelegate] - Bootstrapping Spring Data JPA repositories in DEFAULT mode.
2026-09-18 12:13:47 INFO  [repository.config.RepositoryConfigurationDelegate] - Finished Spring Data repository scanning in 13 ms. Found 2 JPA repository interfaces.
2026-09-18 12:13:47 INFO  [boot.tomcat.TomcatWebServer] - Tomcat initialized with port 8091 (http)
2026-09-18 12:13:47 INFO  [coyote.http11.Http11NioProtocol] - Initializing ProtocolHandler ["http-nio-8091"]
2026-09-18 12:13:47 INFO  [catalina.core.StandardService] - Starting service [Tomcat]
2026-09-18 12:13:47 INFO  [catalina.core.StandardEngine] - Starting Servlet engine: [Apache Tomcat/11.0.24]
2026-09-18 12:13:47 INFO  [context.servlet.WebApplicationContextInitializer] - Root WebApplicationContext: initialization completed in 371 ms
2026-09-18 12:13:47 INFO  [hibernate.orm.jpa] - HHH008540: Processing PersistenceUnitInfo [name: default]
2026-09-18 12:13:47 INFO  [jpa.persistenceunit.SpringPersistenceUnitInfo] - No LoadTimeWeaver setup: ignoring JPA class transformer
2026-09-18 12:13:47 INFO  [zaxxer.hikari.HikariDataSource] - HikariPool-8 - Starting...
2026-09-18 12:13:47 INFO  [hikari.pool.HikariPool] - HikariPool-8 - Added connection com.mysql.cj.jdbc.ConnectionImpl@6f8bc78f
2026-09-18 12:13:47 INFO  [zaxxer.hikari.HikariDataSource] - HikariPool-8 - Start completed.
2026-09-18 12:13:47 WARN  [hibernate.orm.deprecation] - HHH90000025: MySQLDialect does not need to be specified explicitly using 'hibernate.dialect' (remove the property setting and it will be selected by default)
2026-09-18 12:13:47 INFO  [orm.connections.pooling] - HHH10001005: Database info:
	Database JDBC URL [jdbc:mysql://localhost:3306/DB_CALENDAR]
	Database driver: MySQL Connector/J
	Database dialect: MySQLDialect
	Database version: 8.0.46
	Default catalog/schema: DB_CALENDAR/undefined
	Autocommit mode: undefined/unknown
	Isolation level: REPEATABLE_READ [default REPEATABLE_READ]
	JDBC fetch size: none
	Pool: DataSourceConnectionProvider
	Minimum pool size: undefined/unknown
	Maximum pool size: undefined/unknown
2026-09-18 12:13:47 INFO  [hibernate.orm.core] - HHH000489: No JTA platform available (set 'hibernate.transaction.jta.platform' to enable JTA platform integration)
2026-09-18 12:13:47 INFO  [orm.jpa.LocalContainerEntityManagerFactoryBean] - Initialized JPA EntityManagerFactory for persistence unit 'default'
2026-09-18 12:13:47 WARN  [jpa.autoconfigure.JpaBaseConfiguration$JpaWebConfiguration] - spring.jpa.open-in-view is enabled by default. Therefore, database queries may be performed during view rendering. Explicitly configure spring.jpa.open-in-view to disable this warning
2026-09-18 12:13:47 INFO  [authentication.configuration.InitializeUserDetailsBeanManagerConfigurer$InitializeUserDetailsManagerConfigurer] - Global AuthenticationManager configured with UserDetailsService bean with name memberDetailsService
2026-09-18 12:13:47 INFO  [coyote.http11.Http11NioProtocol] - Starting ProtocolHandler ["http-nio-8091"]
2026-09-18 12:13:47 INFO  [boot.tomcat.TomcatWebServer] - Tomcat started on port 8091 (http) with context path '/'
2026-09-18 12:13:47 INFO  [devtools.autoconfigure.ConditionEvaluationDeltaLoggingListener] - Condition evaluation unchanged
2026-09-18 12:21:49 INFO  [devtools.autoconfigure.LocalDevToolsAutoConfiguration$RestartingClassPathChangeChangedEventListener] - Restarting due to 2 class path changes (0 additions, 0 deletions, 2 modifications)
2026-09-18 12:21:49 INFO  [boot.tomcat.GracefulShutdown] - Commencing graceful shutdown. Waiting for active requests to complete
2026-09-18 12:21:49 INFO  [coyote.http11.Http11NioProtocol] - Pausing ProtocolHandler ["http-nio-8091"]
2026-09-18 12:21:49 INFO  [boot.tomcat.GracefulShutdown] - Graceful shutdown complete
2026-09-18 12:21:49 INFO  [coyote.http11.Http11NioProtocol] - Stopping ProtocolHandler ["http-nio-8091"]
2026-09-18 12:21:49 INFO  [orm.jpa.LocalContainerEntityManagerFactoryBean] - Closing JPA EntityManagerFactory for persistence unit 'default'
2026-09-18 12:21:49 INFO  [zaxxer.hikari.HikariDataSource] - HikariPool-8 - Shutdown initiated...
2026-09-18 12:21:49 INFO  [zaxxer.hikari.HikariDataSource] - HikariPool-8 - Shutdown completed.
2026-09-18 12:21:49 INFO  [repository.config.RepositoryConfigurationDelegate] - Bootstrapping Spring Data JPA repositories in DEFAULT mode.
2026-09-18 12:21:49 INFO  [repository.config.RepositoryConfigurationDelegate] - Finished Spring Data repository scanning in 10 ms. Found 2 JPA repository interfaces.
2026-09-18 12:21:49 INFO  [boot.tomcat.TomcatWebServer] - Tomcat initialized with port 8091 (http)
2026-09-18 12:21:49 INFO  [coyote.http11.Http11NioProtocol] - Initializing ProtocolHandler ["http-nio-8091"]
2026-09-18 12:21:49 INFO  [catalina.core.StandardService] - Starting service [Tomcat]
2026-09-18 12:21:49 INFO  [catalina.core.StandardEngine] - Starting Servlet engine: [Apache Tomcat/11.0.24]
2026-09-18 12:21:49 INFO  [context.servlet.WebApplicationContextInitializer] - Root WebApplicationContext: initialization completed in 363 ms
2026-09-18 12:21:49 INFO  [hibernate.orm.jpa] - HHH008540: Processing PersistenceUnitInfo [name: default]
2026-09-18 12:21:49 INFO  [jpa.persistenceunit.SpringPersistenceUnitInfo] - No LoadTimeWeaver setup: ignoring JPA class transformer
2026-09-18 12:21:49 INFO  [zaxxer.hikari.HikariDataSource] - HikariPool-9 - Starting...
2026-09-18 12:21:49 INFO  [hikari.pool.HikariPool] - HikariPool-9 - Added connection com.mysql.cj.jdbc.ConnectionImpl@5a7b6bfd
2026-09-18 12:21:49 INFO  [zaxxer.hikari.HikariDataSource] - HikariPool-9 - Start completed.
2026-09-18 12:21:49 WARN  [hibernate.orm.deprecation] - HHH90000025: MySQLDialect does not need to be specified explicitly using 'hibernate.dialect' (remove the property setting and it will be selected by default)
2026-09-18 12:21:49 INFO  [orm.connections.pooling] - HHH10001005: Database info:
	Database JDBC URL [jdbc:mysql://localhost:3306/DB_CALENDAR]
	Database driver: MySQL Connector/J
	Database dialect: MySQLDialect
	Database version: 8.0.46
	Default catalog/schema: DB_CALENDAR/undefined
	Autocommit mode: undefined/unknown
	Isolation level: REPEATABLE_READ [default REPEATABLE_READ]
	JDBC fetch size: none
	Pool: DataSourceConnectionProvider
	Minimum pool size: undefined/unknown
	Maximum pool size: undefined/unknown
2026-09-18 12:21:50 INFO  [hibernate.orm.core] - HHH000489: No JTA platform available (set 'hibernate.transaction.jta.platform' to enable JTA platform integration)
2026-09-18 12:21:50 INFO  [orm.jpa.LocalContainerEntityManagerFactoryBean] - Initialized JPA EntityManagerFactory for persistence unit 'default'
2026-09-18 12:21:50 WARN  [jpa.autoconfigure.JpaBaseConfiguration$JpaWebConfiguration] - spring.jpa.open-in-view is enabled by default. Therefore, database queries may be performed during view rendering. Explicitly configure spring.jpa.open-in-view to disable this warning
2026-09-18 12:21:50 INFO  [authentication.configuration.InitializeUserDetailsBeanManagerConfigurer$InitializeUserDetailsManagerConfigurer] - Global AuthenticationManager configured with UserDetailsService bean with name memberDetailsService
2026-09-18 12:21:50 INFO  [coyote.http11.Http11NioProtocol] - Starting ProtocolHandler ["http-nio-8091"]
2026-09-18 12:21:50 INFO  [boot.tomcat.TomcatWebServer] - Tomcat started on port 8091 (http) with context path '/'
2026-09-18 12:21:50 INFO  [devtools.autoconfigure.ConditionEvaluationDeltaLoggingListener] - Condition evaluation unchanged
2026-09-18 12:26:15 INFO  [boot.tomcat.GracefulShutdown] - Commencing graceful shutdown. Waiting for active requests to complete
2026-09-18 12:26:15 INFO  [boot.tomcat.GracefulShutdown] - Graceful shutdown complete
2026-09-18 12:26:15 INFO  [orm.jpa.LocalContainerEntityManagerFactoryBean] - Closing JPA EntityManagerFactory for persistence unit 'default'
2026-09-18 12:26:15 INFO  [zaxxer.hikari.HikariDataSource] - HikariPool-9 - Shutdown initiated...
2026-09-18 12:26:15 INFO  [zaxxer.hikari.HikariDataSource] - HikariPool-9 - Shutdown completed.
2026-09-18 12:26:19 INFO  [devtools.env.DevToolsPropertyDefaultsPostProcessor] - Devtools property defaults active! Set 'spring.devtools.add-properties' to 'false' to disable
2026-09-18 12:26:19 INFO  [devtools.env.DevToolsPropertyDefaultsPostProcessor] - For additional web related logging consider setting the 'logging.level.web' property to 'DEBUG'
2026-09-18 12:26:20 INFO  [repository.config.RepositoryConfigurationDelegate] - Bootstrapping Spring Data JPA repositories in DEFAULT mode.
2026-09-18 12:26:20 INFO  [repository.config.RepositoryConfigurationDelegate] - Finished Spring Data repository scanning in 43 ms. Found 2 JPA repository interfaces.
2026-09-18 12:26:20 INFO  [boot.tomcat.TomcatWebServer] - Tomcat initialized with port 8091 (http)
2026-09-18 12:26:20 INFO  [coyote.http11.Http11NioProtocol] - Initializing ProtocolHandler ["http-nio-8091"]
2026-09-18 12:26:20 INFO  [catalina.core.StandardService] - Starting service [Tomcat]
2026-09-18 12:26:20 INFO  [catalina.core.StandardEngine] - Starting Servlet engine: [Apache Tomcat/11.0.24]
2026-09-18 12:26:20 INFO  [context.servlet.WebApplicationContextInitializer] - Root WebApplicationContext: initialization completed in 1538 ms
2026-09-18 12:26:21 INFO  [hibernate.orm.jpa] - HHH008540: Processing PersistenceUnitInfo [name: default]
2026-09-18 12:26:21 INFO  [hibernate.orm.core] - HHH000001: Hibernate ORM core version 7.4.5.Final
2026-09-18 12:26:21 INFO  [jpa.persistenceunit.SpringPersistenceUnitInfo] - No LoadTimeWeaver setup: ignoring JPA class transformer
2026-09-18 12:26:21 INFO  [zaxxer.hikari.HikariDataSource] - HikariPool-1 - Starting...
2026-09-18 12:26:22 INFO  [hikari.pool.HikariPool] - HikariPool-1 - Added connection com.mysql.cj.jdbc.ConnectionImpl@213a2e07
2026-09-18 12:26:22 INFO  [zaxxer.hikari.HikariDataSource] - HikariPool-1 - Start completed.
2026-09-18 12:26:22 WARN  [hibernate.orm.deprecation] - HHH90000025: MySQLDialect does not need to be specified explicitly using 'hibernate.dialect' (remove the property setting and it will be selected by default)
2026-09-18 12:26:22 INFO  [orm.connections.pooling] - HHH10001005: Database info:
	Database JDBC URL [jdbc:mysql://localhost:3306/DB_CALENDAR]
	Database driver: MySQL Connector/J
	Database dialect: MySQLDialect
	Database version: 8.0.46
	Default catalog/schema: DB_CALENDAR/undefined
	Autocommit mode: undefined/unknown
	Isolation level: REPEATABLE_READ [default REPEATABLE_READ]
	JDBC fetch size: none
	Pool: DataSourceConnectionProvider
	Minimum pool size: undefined/unknown
	Maximum pool size: undefined/unknown
2026-09-18 12:26:23 INFO  [hibernate.orm.core] - HHH000489: No JTA platform available (set 'hibernate.transaction.jta.platform' to enable JTA platform integration)
2026-09-18 12:26:23 INFO  [orm.jpa.LocalContainerEntityManagerFactoryBean] - Initialized JPA EntityManagerFactory for persistence unit 'default'
2026-09-18 12:26:23 INFO  [repository.query.QueryEnhancerFactories] - Hibernate is in classpath; If applicable, HQL parser will be used.
2026-09-18 12:26:23 WARN  [jpa.autoconfigure.JpaBaseConfiguration$JpaWebConfiguration] - spring.jpa.open-in-view is enabled by default. Therefore, database queries may be performed during view rendering. Explicitly configure spring.jpa.open-in-view to disable this warning
2026-09-18 12:26:23 INFO  [authentication.configuration.InitializeUserDetailsBeanManagerConfigurer$InitializeUserDetailsManagerConfigurer] - Global AuthenticationManager configured with UserDetailsService bean with name memberDetailsService
2026-09-18 12:26:24 INFO  [coyote.http11.Http11NioProtocol] - Starting ProtocolHandler ["http-nio-8091"]
2026-09-18 12:26:24 INFO  [boot.tomcat.TomcatWebServer] - Tomcat started on port 8091 (http) with context path '/'
2026-09-18 12:26:30 INFO  [[Tomcat].[localhost].[/]] - Initializing Spring DispatcherServlet 'dispatcherServlet'
2026-09-18 12:26:30 INFO  [web.servlet.DispatcherServlet] - Initializing Servlet 'dispatcherServlet'
2026-09-18 12:26:30 INFO  [web.servlet.DispatcherServlet] - Completed initialization in 1 ms
2026-09-18 12:31:09 INFO  [devtools.autoconfigure.LocalDevToolsAutoConfiguration$RestartingClassPathChangeChangedEventListener] - Restarting due to 25 class path changes (0 additions, 0 deletions, 25 modifications)
2026-09-18 12:31:09 INFO  [boot.tomcat.GracefulShutdown] - Commencing graceful shutdown. Waiting for active requests to complete
2026-09-18 12:31:09 INFO  [coyote.http11.Http11NioProtocol] - Pausing ProtocolHandler ["http-nio-8091"]
2026-09-18 12:31:09 INFO  [boot.tomcat.GracefulShutdown] - Graceful shutdown complete
2026-09-18 12:31:09 INFO  [coyote.http11.Http11NioProtocol] - Stopping ProtocolHandler ["http-nio-8091"]
2026-09-18 12:31:09 INFO  [orm.jpa.LocalContainerEntityManagerFactoryBean] - Closing JPA EntityManagerFactory for persistence unit 'default'
2026-09-18 12:31:09 INFO  [zaxxer.hikari.HikariDataSource] - HikariPool-1 - Shutdown initiated...
2026-09-18 12:31:09 INFO  [zaxxer.hikari.HikariDataSource] - HikariPool-1 - Shutdown completed.
2026-09-18 12:31:10 INFO  [repository.config.RepositoryConfigurationDelegate] - Bootstrapping Spring Data JPA repositories in DEFAULT mode.
2026-09-18 12:31:10 INFO  [repository.config.RepositoryConfigurationDelegate] - Finished Spring Data repository scanning in 13 ms. Found 2 JPA repository interfaces.
2026-09-18 12:31:10 INFO  [boot.tomcat.TomcatWebServer] - Tomcat initialized with port 8091 (http)
2026-09-18 12:31:10 INFO  [coyote.http11.Http11NioProtocol] - Initializing ProtocolHandler ["http-nio-8091"]
2026-09-18 12:31:10 INFO  [catalina.core.StandardService] - Starting service [Tomcat]
2026-09-18 12:31:10 INFO  [catalina.core.StandardEngine] - Starting Servlet engine: [Apache Tomcat/11.0.24]
2026-09-18 12:31:10 INFO  [context.servlet.WebApplicationContextInitializer] - Root WebApplicationContext: initialization completed in 436 ms
2026-09-18 12:31:10 INFO  [hibernate.orm.jpa] - HHH008540: Processing PersistenceUnitInfo [name: default]
2026-09-18 12:31:10 INFO  [jpa.persistenceunit.SpringPersistenceUnitInfo] - No LoadTimeWeaver setup: ignoring JPA class transformer
2026-09-18 12:31:10 INFO  [zaxxer.hikari.HikariDataSource] - HikariPool-2 - Starting...
2026-09-18 12:31:10 INFO  [hikari.pool.HikariPool] - HikariPool-2 - Added connection com.mysql.cj.jdbc.ConnectionImpl@3bc68ed7
2026-09-18 12:31:10 INFO  [zaxxer.hikari.HikariDataSource] - HikariPool-2 - Start completed.
2026-09-18 12:31:10 WARN  [hibernate.orm.deprecation] - HHH90000025: MySQLDialect does not need to be specified explicitly using 'hibernate.dialect' (remove the property setting and it will be selected by default)
2026-09-18 12:31:10 INFO  [orm.connections.pooling] - HHH10001005: Database info:
	Database JDBC URL [jdbc:mysql://localhost:3306/DB_CALENDAR]
	Database driver: MySQL Connector/J
	Database dialect: MySQLDialect
	Database version: 8.0.46
	Default catalog/schema: DB_CALENDAR/undefined
	Autocommit mode: undefined/unknown
	Isolation level: REPEATABLE_READ [default REPEATABLE_READ]
	JDBC fetch size: none
	Pool: DataSourceConnectionProvider
	Minimum pool size: undefined/unknown
	Maximum pool size: undefined/unknown
2026-09-18 12:31:10 INFO  [hibernate.orm.core] - HHH000489: No JTA platform available (set 'hibernate.transaction.jta.platform' to enable JTA platform integration)
2026-09-18 12:31:10 INFO  [orm.jpa.LocalContainerEntityManagerFactoryBean] - Initialized JPA EntityManagerFactory for persistence unit 'default'
2026-09-18 12:31:10 WARN  [jpa.autoconfigure.JpaBaseConfiguration$JpaWebConfiguration] - spring.jpa.open-in-view is enabled by default. Therefore, database queries may be performed during view rendering. Explicitly configure spring.jpa.open-in-view to disable this warning
2026-09-18 12:31:10 INFO  [authentication.configuration.InitializeUserDetailsBeanManagerConfigurer$InitializeUserDetailsManagerConfigurer] - Global AuthenticationManager configured with UserDetailsService bean with name memberDetailsService
2026-09-18 12:31:10 INFO  [coyote.http11.Http11NioProtocol] - Starting ProtocolHandler ["http-nio-8091"]
2026-09-18 12:31:10 INFO  [boot.tomcat.TomcatWebServer] - Tomcat started on port 8091 (http) with context path '/'
2026-09-18 12:31:10 INFO  [devtools.autoconfigure.ConditionEvaluationDeltaLoggingListener] - Condition evaluation unchanged
2026-09-18 12:36:19 INFO  [[Tomcat].[localhost].[/]] - Initializing Spring DispatcherServlet 'dispatcherServlet'
2026-09-18 12:36:19 INFO  [web.servlet.DispatcherServlet] - Initializing Servlet 'dispatcherServlet'
2026-09-18 12:36:19 INFO  [web.servlet.DispatcherServlet] - Completed initialization in 2 ms
2026-09-18 12:36:19 INFO  [devtools.autoconfigure.LocalDevToolsAutoConfiguration$RestartingClassPathChangeChangedEventListener] - Restarting due to 25 class path changes (0 additions, 0 deletions, 25 modifications)
2026-09-18 12:36:19 INFO  [boot.tomcat.GracefulShutdown] - Commencing graceful shutdown. Waiting for active requests to complete
2026-09-18 12:36:19 INFO  [coyote.http11.Http11NioProtocol] - Pausing ProtocolHandler ["http-nio-8091"]
2026-09-18 12:36:19 INFO  [boot.tomcat.GracefulShutdown] - Graceful shutdown complete
2026-09-18 12:36:19 INFO  [coyote.http11.Http11NioProtocol] - Stopping ProtocolHandler ["http-nio-8091"]
2026-09-18 12:36:19 INFO  [orm.jpa.LocalContainerEntityManagerFactoryBean] - Closing JPA EntityManagerFactory for persistence unit 'default'
2026-09-18 12:36:19 INFO  [zaxxer.hikari.HikariDataSource] - HikariPool-2 - Shutdown initiated...
2026-09-18 12:36:19 INFO  [zaxxer.hikari.HikariDataSource] - HikariPool-2 - Shutdown completed.
2026-09-18 12:36:19 INFO  [repository.config.RepositoryConfigurationDelegate] - Bootstrapping Spring Data JPA repositories in DEFAULT mode.
2026-09-18 12:36:19 INFO  [repository.config.RepositoryConfigurationDelegate] - Finished Spring Data repository scanning in 10 ms. Found 2 JPA repository interfaces.
2026-09-18 12:36:19 INFO  [boot.tomcat.TomcatWebServer] - Tomcat initialized with port 8091 (http)
2026-09-18 12:36:19 INFO  [coyote.http11.Http11NioProtocol] - Initializing ProtocolHandler ["http-nio-8091"]
2026-09-18 12:36:19 INFO  [catalina.core.StandardService] - Starting service [Tomcat]
2026-09-18 12:36:19 INFO  [catalina.core.StandardEngine] - Starting Servlet engine: [Apache Tomcat/11.0.24]
2026-09-18 12:36:19 INFO  [context.servlet.WebApplicationContextInitializer] - Root WebApplicationContext: initialization completed in 403 ms
2026-09-18 12:36:19 INFO  [hibernate.orm.jpa] - HHH008540: Processing PersistenceUnitInfo [name: default]
2026-09-18 12:36:19 INFO  [jpa.persistenceunit.SpringPersistenceUnitInfo] - No LoadTimeWeaver setup: ignoring JPA class transformer
2026-09-18 12:36:19 INFO  [zaxxer.hikari.HikariDataSource] - HikariPool-3 - Starting...
2026-09-18 12:36:20 INFO  [hikari.pool.HikariPool] - HikariPool-3 - Added connection com.mysql.cj.jdbc.ConnectionImpl@45c617d3
2026-09-18 12:36:20 INFO  [zaxxer.hikari.HikariDataSource] - HikariPool-3 - Start completed.
2026-09-18 12:36:20 WARN  [hibernate.orm.deprecation] - HHH90000025: MySQLDialect does not need to be specified explicitly using 'hibernate.dialect' (remove the property setting and it will be selected by default)
2026-09-18 12:36:20 INFO  [orm.connections.pooling] - HHH10001005: Database info:
	Database JDBC URL [jdbc:mysql://localhost:3306/DB_CALENDAR]
	Database driver: MySQL Connector/J
	Database dialect: MySQLDialect
	Database version: 8.0.46
	Default catalog/schema: DB_CALENDAR/undefined
	Autocommit mode: undefined/unknown
	Isolation level: REPEATABLE_READ [default REPEATABLE_READ]
	JDBC fetch size: none
	Pool: DataSourceConnectionProvider
	Minimum pool size: undefined/unknown
	Maximum pool size: undefined/unknown
2026-09-18 12:36:20 INFO  [hibernate.orm.core] - HHH000489: No JTA platform available (set 'hibernate.transaction.jta.platform' to enable JTA platform integration)
2026-09-18 12:36:20 INFO  [orm.jpa.LocalContainerEntityManagerFactoryBean] - Initialized JPA EntityManagerFactory for persistence unit 'default'
2026-09-18 12:36:20 WARN  [jpa.autoconfigure.JpaBaseConfiguration$JpaWebConfiguration] - spring.jpa.open-in-view is enabled by default. Therefore, database queries may be performed during view rendering. Explicitly configure spring.jpa.open-in-view to disable this warning
2026-09-18 12:36:20 INFO  [authentication.configuration.InitializeUserDetailsBeanManagerConfigurer$InitializeUserDetailsManagerConfigurer] - Global AuthenticationManager configured with UserDetailsService bean with name memberDetailsService
2026-09-18 12:36:20 INFO  [coyote.http11.Http11NioProtocol] - Starting ProtocolHandler ["http-nio-8091"]
2026-09-18 12:36:20 INFO  [boot.tomcat.TomcatWebServer] - Tomcat started on port 8091 (http) with context path '/'
2026-09-18 12:36:20 INFO  [devtools.autoconfigure.ConditionEvaluationDeltaLoggingListener] - Condition evaluation unchanged
2026-09-18 12:36:23 INFO  [[Tomcat].[localhost].[/]] - Initializing Spring DispatcherServlet 'dispatcherServlet'
2026-09-18 12:36:23 INFO  [web.servlet.DispatcherServlet] - Initializing Servlet 'dispatcherServlet'
2026-09-18 12:36:23 INFO  [web.servlet.DispatcherServlet] - Completed initialization in 2 ms
2026-09-18 12:38:46 INFO  [devtools.autoconfigure.LocalDevToolsAutoConfiguration$RestartingClassPathChangeChangedEventListener] - Restarting due to 25 class path changes (0 additions, 0 deletions, 25 modifications)
2026-09-18 12:38:46 INFO  [boot.tomcat.GracefulShutdown] - Commencing graceful shutdown. Waiting for active requests to complete
2026-09-18 12:38:46 INFO  [coyote.http11.Http11NioProtocol] - Pausing ProtocolHandler ["http-nio-8091"]
2026-09-18 12:38:46 INFO  [boot.tomcat.GracefulShutdown] - Graceful shutdown complete
2026-09-18 12:38:46 INFO  [coyote.http11.Http11NioProtocol] - Stopping ProtocolHandler ["http-nio-8091"]
2026-09-18 12:38:46 INFO  [orm.jpa.LocalContainerEntityManagerFactoryBean] - Closing JPA EntityManagerFactory for persistence unit 'default'
2026-09-18 12:38:46 INFO  [zaxxer.hikari.HikariDataSource] - HikariPool-3 - Shutdown initiated...
2026-09-18 12:38:46 INFO  [zaxxer.hikari.HikariDataSource] - HikariPool-3 - Shutdown completed.
2026-09-18 12:38:46 INFO  [repository.config.RepositoryConfigurationDelegate] - Bootstrapping Spring Data JPA repositories in DEFAULT mode.
2026-09-18 12:38:46 INFO  [repository.config.RepositoryConfigurationDelegate] - Finished Spring Data repository scanning in 11 ms. Found 2 JPA repository interfaces.
2026-09-18 12:38:47 INFO  [boot.tomcat.TomcatWebServer] - Tomcat initialized with port 8091 (http)
2026-09-18 12:38:47 INFO  [coyote.http11.Http11NioProtocol] - Initializing ProtocolHandler ["http-nio-8091"]
2026-09-18 12:38:47 INFO  [catalina.core.StandardService] - Starting service [Tomcat]
2026-09-18 12:38:47 INFO  [catalina.core.StandardEngine] - Starting Servlet engine: [Apache Tomcat/11.0.24]
2026-09-18 12:38:47 INFO  [context.servlet.WebApplicationContextInitializer] - Root WebApplicationContext: initialization completed in 347 ms
2026-09-18 12:38:47 INFO  [hibernate.orm.jpa] - HHH008540: Processing PersistenceUnitInfo [name: default]
2026-09-18 12:38:47 INFO  [jpa.persistenceunit.SpringPersistenceUnitInfo] - No LoadTimeWeaver setup: ignoring JPA class transformer
2026-09-18 12:38:47 INFO  [zaxxer.hikari.HikariDataSource] - HikariPool-4 - Starting...
2026-09-18 12:38:47 INFO  [hikari.pool.HikariPool] - HikariPool-4 - Added connection com.mysql.cj.jdbc.ConnectionImpl@77018aa4
2026-09-18 12:38:47 INFO  [zaxxer.hikari.HikariDataSource] - HikariPool-4 - Start completed.
2026-09-18 12:38:47 WARN  [hibernate.orm.deprecation] - HHH90000025: MySQLDialect does not need to be specified explicitly using 'hibernate.dialect' (remove the property setting and it will be selected by default)
2026-09-18 12:38:47 INFO  [orm.connections.pooling] - HHH10001005: Database info:
	Database JDBC URL [jdbc:mysql://localhost:3306/DB_CALENDAR]
	Database driver: MySQL Connector/J
	Database dialect: MySQLDialect
	Database version: 8.0.46
	Default catalog/schema: DB_CALENDAR/undefined
	Autocommit mode: undefined/unknown
	Isolation level: REPEATABLE_READ [default REPEATABLE_READ]
	JDBC fetch size: none
	Pool: DataSourceConnectionProvider
	Minimum pool size: undefined/unknown
	Maximum pool size: undefined/unknown
2026-09-18 12:38:47 INFO  [hibernate.orm.core] - HHH000489: No JTA platform available (set 'hibernate.transaction.jta.platform' to enable JTA platform integration)
2026-09-18 12:38:47 INFO  [orm.jpa.LocalContainerEntityManagerFactoryBean] - Initialized JPA EntityManagerFactory for persistence unit 'default'
2026-09-18 12:38:47 WARN  [jpa.autoconfigure.JpaBaseConfiguration$JpaWebConfiguration] - spring.jpa.open-in-view is enabled by default. Therefore, database queries may be performed during view rendering. Explicitly configure spring.jpa.open-in-view to disable this warning
2026-09-18 12:38:47 INFO  [authentication.configuration.InitializeUserDetailsBeanManagerConfigurer$InitializeUserDetailsManagerConfigurer] - Global AuthenticationManager configured with UserDetailsService bean with name memberDetailsService
2026-09-18 12:38:47 INFO  [coyote.http11.Http11NioProtocol] - Starting ProtocolHandler ["http-nio-8091"]
2026-09-18 12:38:47 INFO  [boot.tomcat.TomcatWebServer] - Tomcat started on port 8091 (http) with context path '/'
2026-09-18 12:38:47 INFO  [devtools.autoconfigure.ConditionEvaluationDeltaLoggingListener] - Condition evaluation unchanged
2026-09-18 12:38:47 INFO  [[Tomcat].[localhost].[/]] - Initializing Spring DispatcherServlet 'dispatcherServlet'
2026-09-18 12:38:47 INFO  [web.servlet.DispatcherServlet] - Initializing Servlet 'dispatcherServlet'
2026-09-18 12:38:47 INFO  [web.servlet.DispatcherServlet] - Completed initialization in 1 ms
2026-09-18 12:43:19 INFO  [devtools.autoconfigure.LocalDevToolsAutoConfiguration$RestartingClassPathChangeChangedEventListener] - Restarting due to 25 class path changes (0 additions, 0 deletions, 25 modifications)
2026-09-18 12:43:19 INFO  [boot.tomcat.GracefulShutdown] - Commencing graceful shutdown. Waiting for active requests to complete
2026-09-18 12:43:19 INFO  [coyote.http11.Http11NioProtocol] - Pausing ProtocolHandler ["http-nio-8091"]
2026-09-18 12:43:19 INFO  [boot.tomcat.GracefulShutdown] - Graceful shutdown complete
2026-09-18 12:43:19 INFO  [coyote.http11.Http11NioProtocol] - Stopping ProtocolHandler ["http-nio-8091"]
2026-09-18 12:43:19 INFO  [orm.jpa.LocalContainerEntityManagerFactoryBean] - Closing JPA EntityManagerFactory for persistence unit 'default'
2026-09-18 12:43:19 INFO  [zaxxer.hikari.HikariDataSource] - HikariPool-4 - Shutdown initiated...
2026-09-18 12:43:19 INFO  [zaxxer.hikari.HikariDataSource] - HikariPool-4 - Shutdown completed.
2026-09-18 12:43:20 INFO  [repository.config.RepositoryConfigurationDelegate] - Bootstrapping Spring Data JPA repositories in DEFAULT mode.
2026-09-18 12:43:20 INFO  [repository.config.RepositoryConfigurationDelegate] - Finished Spring Data repository scanning in 8 ms. Found 2 JPA repository interfaces.
2026-09-18 12:43:20 INFO  [boot.tomcat.TomcatWebServer] - Tomcat initialized with port 8091 (http)
2026-09-18 12:43:20 INFO  [coyote.http11.Http11NioProtocol] - Initializing ProtocolHandler ["http-nio-8091"]
2026-09-18 12:43:20 INFO  [catalina.core.StandardService] - Starting service [Tomcat]
2026-09-18 12:43:20 INFO  [catalina.core.StandardEngine] - Starting Servlet engine: [Apache Tomcat/11.0.24]
2026-09-18 12:43:20 INFO  [context.servlet.WebApplicationContextInitializer] - Root WebApplicationContext: initialization completed in 336 ms
2026-09-18 12:43:20 INFO  [hibernate.orm.jpa] - HHH008540: Processing PersistenceUnitInfo [name: default]
2026-09-18 12:43:20 INFO  [jpa.persistenceunit.SpringPersistenceUnitInfo] - No LoadTimeWeaver setup: ignoring JPA class transformer
2026-09-18 12:43:20 INFO  [zaxxer.hikari.HikariDataSource] - HikariPool-5 - Starting...
2026-09-18 12:43:20 INFO  [hikari.pool.HikariPool] - HikariPool-5 - Added connection com.mysql.cj.jdbc.ConnectionImpl@3e9bfb2f
2026-09-18 12:43:20 INFO  [zaxxer.hikari.HikariDataSource] - HikariPool-5 - Start completed.
2026-09-18 12:43:20 WARN  [hibernate.orm.deprecation] - HHH90000025: MySQLDialect does not need to be specified explicitly using 'hibernate.dialect' (remove the property setting and it will be selected by default)
2026-09-18 12:43:20 INFO  [orm.connections.pooling] - HHH10001005: Database info:
	Database JDBC URL [jdbc:mysql://localhost:3306/DB_CALENDAR]
	Database driver: MySQL Connector/J
	Database dialect: MySQLDialect
	Database version: 8.0.46
	Default catalog/schema: DB_CALENDAR/undefined
	Autocommit mode: undefined/unknown
	Isolation level: REPEATABLE_READ [default REPEATABLE_READ]
	JDBC fetch size: none
	Pool: DataSourceConnectionProvider
	Minimum pool size: undefined/unknown
	Maximum pool size: undefined/unknown
2026-09-18 12:43:20 INFO  [hibernate.orm.core] - HHH000489: No JTA platform available (set 'hibernate.transaction.jta.platform' to enable JTA platform integration)
2026-09-18 12:43:20 INFO  [orm.jpa.LocalContainerEntityManagerFactoryBean] - Initialized JPA EntityManagerFactory for persistence unit 'default'
2026-09-18 12:43:20 WARN  [jpa.autoconfigure.JpaBaseConfiguration$JpaWebConfiguration] - spring.jpa.open-in-view is enabled by default. Therefore, database queries may be performed during view rendering. Explicitly configure spring.jpa.open-in-view to disable this warning
2026-09-18 12:43:20 INFO  [authentication.configuration.InitializeUserDetailsBeanManagerConfigurer$InitializeUserDetailsManagerConfigurer] - Global AuthenticationManager configured with UserDetailsService bean with name memberDetailsService
2026-09-18 12:43:20 INFO  [coyote.http11.Http11NioProtocol] - Starting ProtocolHandler ["http-nio-8091"]
2026-09-18 12:43:20 INFO  [boot.tomcat.TomcatWebServer] - Tomcat started on port 8091 (http) with context path '/'
2026-09-18 12:43:20 INFO  [devtools.autoconfigure.ConditionEvaluationDeltaLoggingListener] - Condition evaluation unchanged
2026-09-18 12:43:20 INFO  [[Tomcat].[localhost].[/]] - Initializing Spring DispatcherServlet 'dispatcherServlet'
2026-09-18 12:43:20 INFO  [web.servlet.DispatcherServlet] - Initializing Servlet 'dispatcherServlet'
2026-09-18 12:43:20 INFO  [web.servlet.DispatcherServlet] - Completed initialization in 2 ms
2026-09-18 12:50:16 INFO  [boot.tomcat.GracefulShutdown] - Commencing graceful shutdown. Waiting for active requests to complete
2026-09-18 12:50:16 INFO  [boot.tomcat.GracefulShutdown] - Graceful shutdown complete
2026-09-18 12:50:16 INFO  [orm.jpa.LocalContainerEntityManagerFactoryBean] - Closing JPA EntityManagerFactory for persistence unit 'default'
2026-09-18 12:50:16 INFO  [zaxxer.hikari.HikariDataSource] - HikariPool-5 - Shutdown initiated...
2026-09-18 12:50:16 INFO  [zaxxer.hikari.HikariDataSource] - HikariPool-5 - Shutdown completed.
2026-09-18 13:25:21 INFO  [devtools.env.DevToolsPropertyDefaultsPostProcessor] - Devtools property defaults active! Set 'spring.devtools.add-properties' to 'false' to disable
2026-09-18 13:25:21 INFO  [devtools.env.DevToolsPropertyDefaultsPostProcessor] - For additional web related logging consider setting the 'logging.level.web' property to 'DEBUG'
2026-09-18 13:25:22 INFO  [repository.config.RepositoryConfigurationDelegate] - Bootstrapping Spring Data JPA repositories in DEFAULT mode.
2026-09-18 13:25:22 INFO  [repository.config.RepositoryConfigurationDelegate] - Finished Spring Data repository scanning in 40 ms. Found 2 JPA repository interfaces.
2026-09-18 13:25:23 INFO  [boot.tomcat.TomcatWebServer] - Tomcat initialized with port 8091 (http)
2026-09-18 13:25:23 INFO  [coyote.http11.Http11NioProtocol] - Initializing ProtocolHandler ["http-nio-8091"]
2026-09-18 13:25:23 INFO  [catalina.core.StandardService] - Starting service [Tomcat]
2026-09-18 13:25:23 INFO  [catalina.core.StandardEngine] - Starting Servlet engine: [Apache Tomcat/11.0.24]
2026-09-18 13:25:23 INFO  [context.servlet.WebApplicationContextInitializer] - Root WebApplicationContext: initialization completed in 1774 ms
2026-09-18 13:25:23 INFO  [hibernate.orm.jpa] - HHH008540: Processing PersistenceUnitInfo [name: default]
2026-09-18 13:25:23 INFO  [hibernate.orm.core] - HHH000001: Hibernate ORM core version 7.4.5.Final
2026-09-18 13:25:24 INFO  [jpa.persistenceunit.SpringPersistenceUnitInfo] - No LoadTimeWeaver setup: ignoring JPA class transformer
2026-09-18 13:25:24 INFO  [zaxxer.hikari.HikariDataSource] - HikariPool-1 - Starting...
2026-09-18 13:25:24 INFO  [hikari.pool.HikariPool] - HikariPool-1 - Added connection com.mysql.cj.jdbc.ConnectionImpl@1bc948ee
2026-09-18 13:25:24 INFO  [zaxxer.hikari.HikariDataSource] - HikariPool-1 - Start completed.
2026-09-18 13:25:24 WARN  [hibernate.orm.deprecation] - HHH90000025: MySQLDialect does not need to be specified explicitly using 'hibernate.dialect' (remove the property setting and it will be selected by default)
2026-09-18 13:25:24 INFO  [orm.connections.pooling] - HHH10001005: Database info:
	Database JDBC URL [jdbc:mysql://localhost:3306/DB_CALENDAR]
	Database driver: MySQL Connector/J
	Database dialect: MySQLDialect
	Database version: 8.0.46
	Default catalog/schema: DB_CALENDAR/undefined
	Autocommit mode: undefined/unknown
	Isolation level: REPEATABLE_READ [default REPEATABLE_READ]
	JDBC fetch size: none
	Pool: DataSourceConnectionProvider
	Minimum pool size: undefined/unknown
	Maximum pool size: undefined/unknown
2026-09-18 13:25:25 INFO  [hibernate.orm.core] - HHH000489: No JTA platform available (set 'hibernate.transaction.jta.platform' to enable JTA platform integration)
2026-09-18 13:25:26 INFO  [orm.jpa.LocalContainerEntityManagerFactoryBean] - Initialized JPA EntityManagerFactory for persistence unit 'default'
2026-09-18 13:25:26 INFO  [repository.query.QueryEnhancerFactories] - Hibernate is in classpath; If applicable, HQL parser will be used.
2026-09-18 13:25:26 WARN  [jpa.autoconfigure.JpaBaseConfiguration$JpaWebConfiguration] - spring.jpa.open-in-view is enabled by default. Therefore, database queries may be performed during view rendering. Explicitly configure spring.jpa.open-in-view to disable this warning
2026-09-18 13:25:26 INFO  [authentication.configuration.InitializeUserDetailsBeanManagerConfigurer$InitializeUserDetailsManagerConfigurer] - Global AuthenticationManager configured with UserDetailsService bean with name memberDetailsService
2026-09-18 13:25:27 INFO  [coyote.http11.Http11NioProtocol] - Starting ProtocolHandler ["http-nio-8091"]
2026-09-18 13:25:27 INFO  [boot.tomcat.TomcatWebServer] - Tomcat started on port 8091 (http) with context path '/'
2026-09-18 13:25:34 INFO  [[Tomcat].[localhost].[/]] - Initializing Spring DispatcherServlet 'dispatcherServlet'
2026-09-18 13:25:34 INFO  [web.servlet.DispatcherServlet] - Initializing Servlet 'dispatcherServlet'
2026-09-18 13:25:34 INFO  [web.servlet.DispatcherServlet] - Completed initialization in 1 ms
2026-09-18 13:27:33 INFO  [boot.tomcat.GracefulShutdown] - Commencing graceful shutdown. Waiting for active requests to complete
2026-09-18 13:27:33 INFO  [boot.tomcat.GracefulShutdown] - Graceful shutdown complete
2026-09-18 13:27:33 INFO  [orm.jpa.LocalContainerEntityManagerFactoryBean] - Closing JPA EntityManagerFactory for persistence unit 'default'
2026-09-18 13:27:33 INFO  [zaxxer.hikari.HikariDataSource] - HikariPool-1 - Shutdown initiated...
2026-09-18 13:27:33 INFO  [zaxxer.hikari.HikariDataSource] - HikariPool-1 - Shutdown completed.
2026-09-21 09:15:03 INFO  [devtools.env.DevToolsPropertyDefaultsPostProcessor] - Devtools property defaults active! Set 'spring.devtools.add-properties' to 'false' to disable
2026-09-21 09:15:03 INFO  [devtools.env.DevToolsPropertyDefaultsPostProcessor] - For additional web related logging consider setting the 'logging.level.web' property to 'DEBUG'
2026-09-21 09:15:04 INFO  [repository.config.RepositoryConfigurationDelegate] - Bootstrapping Spring Data JPA repositories in DEFAULT mode.
2026-09-21 09:15:04 INFO  [repository.config.RepositoryConfigurationDelegate] - Finished Spring Data repository scanning in 50 ms. Found 2 JPA repository interfaces.
2026-09-21 09:15:05 INFO  [boot.tomcat.TomcatWebServer] - Tomcat initialized with port 8091 (http)
2026-09-21 09:15:05 INFO  [coyote.http11.Http11NioProtocol] - Initializing ProtocolHandler ["http-nio-8091"]
2026-09-21 09:15:05 INFO  [catalina.core.StandardService] - Starting service [Tomcat]
2026-09-21 09:15:05 INFO  [catalina.core.StandardEngine] - Starting Servlet engine: [Apache Tomcat/11.0.24]
2026-09-21 09:15:05 INFO  [context.servlet.WebApplicationContextInitializer] - Root WebApplicationContext: initialization completed in 1960 ms
2026-09-21 09:15:05 INFO  [hibernate.orm.jpa] - HHH008540: Processing PersistenceUnitInfo [name: default]
2026-09-21 09:15:05 INFO  [hibernate.orm.core] - HHH000001: Hibernate ORM core version 7.4.5.Final
2026-09-21 09:15:08 INFO  [jpa.persistenceunit.SpringPersistenceUnitInfo] - No LoadTimeWeaver setup: ignoring JPA class transformer
2026-09-21 09:15:08 INFO  [zaxxer.hikari.HikariDataSource] - HikariPool-1 - Starting...
2026-09-21 09:15:09 INFO  [hikari.pool.HikariPool] - HikariPool-1 - Added connection com.mysql.cj.jdbc.ConnectionImpl@227baa56
2026-09-21 09:15:09 INFO  [zaxxer.hikari.HikariDataSource] - HikariPool-1 - Start completed.
2026-09-21 09:15:09 WARN  [hibernate.orm.deprecation] - HHH90000025: MySQLDialect does not need to be specified explicitly using 'hibernate.dialect' (remove the property setting and it will be selected by default)
2026-09-21 09:15:09 INFO  [orm.connections.pooling] - HHH10001005: Database info:
	Database JDBC URL [jdbc:mysql://localhost:3306/DB_CALENDAR]
	Database driver: MySQL Connector/J
	Database dialect: MySQLDialect
	Database version: 8.0.46
	Default catalog/schema: DB_CALENDAR/undefined
	Autocommit mode: undefined/unknown
	Isolation level: REPEATABLE_READ [default REPEATABLE_READ]
	JDBC fetch size: none
	Pool: DataSourceConnectionProvider
	Minimum pool size: undefined/unknown
	Maximum pool size: undefined/unknown
2026-09-21 09:15:12 INFO  [hibernate.orm.core] - HHH000489: No JTA platform available (set 'hibernate.transaction.jta.platform' to enable JTA platform integration)
2026-09-21 09:15:12 INFO  [orm.jpa.LocalContainerEntityManagerFactoryBean] - Initialized JPA EntityManagerFactory for persistence unit 'default'
2026-09-21 09:15:12 INFO  [repository.query.QueryEnhancerFactories] - Hibernate is in classpath; If applicable, HQL parser will be used.
2026-09-21 09:15:13 WARN  [jpa.autoconfigure.JpaBaseConfiguration$JpaWebConfiguration] - spring.jpa.open-in-view is enabled by default. Therefore, database queries may be performed during view rendering. Explicitly configure spring.jpa.open-in-view to disable this warning
2026-09-21 09:15:13 INFO  [authentication.configuration.InitializeUserDetailsBeanManagerConfigurer$InitializeUserDetailsManagerConfigurer] - Global AuthenticationManager configured with UserDetailsService bean with name memberDetailsService
2026-09-21 09:15:14 INFO  [coyote.http11.Http11NioProtocol] - Starting ProtocolHandler ["http-nio-8091"]
2026-09-21 09:15:14 INFO  [boot.tomcat.TomcatWebServer] - Tomcat started on port 8091 (http) with context path '/'
2026-09-21 09:15:31 INFO  [[Tomcat].[localhost].[/]] - Initializing Spring DispatcherServlet 'dispatcherServlet'
2026-09-21 09:15:31 INFO  [web.servlet.DispatcherServlet] - Initializing Servlet 'dispatcherServlet'
2026-09-21 09:15:31 INFO  [web.servlet.DispatcherServlet] - Completed initialization in 2 ms
2026-09-21 09:18:47 INFO  [devtools.autoconfigure.LocalDevToolsAutoConfiguration$RestartingClassPathChangeChangedEventListener] - Restarting due to 25 class path changes (0 additions, 0 deletions, 25 modifications)
2026-09-21 09:18:47 INFO  [boot.tomcat.GracefulShutdown] - Commencing graceful shutdown. Waiting for active requests to complete
2026-09-21 09:18:47 INFO  [coyote.http11.Http11NioProtocol] - Pausing ProtocolHandler ["http-nio-8091"]
2026-09-21 09:18:48 INFO  [boot.tomcat.GracefulShutdown] - Graceful shutdown complete
2026-09-21 09:18:48 INFO  [coyote.http11.Http11NioProtocol] - Stopping ProtocolHandler ["http-nio-8091"]
2026-09-21 09:18:48 INFO  [orm.jpa.LocalContainerEntityManagerFactoryBean] - Closing JPA EntityManagerFactory for persistence unit 'default'
2026-09-21 09:18:48 INFO  [zaxxer.hikari.HikariDataSource] - HikariPool-1 - Shutdown initiated...
2026-09-21 09:18:48 INFO  [zaxxer.hikari.HikariDataSource] - HikariPool-1 - Shutdown completed.
2026-09-21 09:18:48 INFO  [repository.config.RepositoryConfigurationDelegate] - Bootstrapping Spring Data JPA repositories in DEFAULT mode.
2026-09-21 09:18:48 INFO  [repository.config.RepositoryConfigurationDelegate] - Finished Spring Data repository scanning in 12 ms. Found 2 JPA repository interfaces.
2026-09-21 09:18:48 INFO  [boot.tomcat.TomcatWebServer] - Tomcat initialized with port 8091 (http)
2026-09-21 09:18:48 INFO  [coyote.http11.Http11NioProtocol] - Initializing ProtocolHandler ["http-nio-8091"]
2026-09-21 09:18:48 INFO  [catalina.core.StandardService] - Starting service [Tomcat]
2026-09-21 09:18:48 INFO  [catalina.core.StandardEngine] - Starting Servlet engine: [Apache Tomcat/11.0.24]
2026-09-21 09:18:48 INFO  [context.servlet.WebApplicationContextInitializer] - Root WebApplicationContext: initialization completed in 391 ms
2026-09-21 09:18:48 INFO  [hibernate.orm.jpa] - HHH008540: Processing PersistenceUnitInfo [name: default]
2026-09-21 09:18:48 INFO  [jpa.persistenceunit.SpringPersistenceUnitInfo] - No LoadTimeWeaver setup: ignoring JPA class transformer
2026-09-21 09:18:48 INFO  [zaxxer.hikari.HikariDataSource] - HikariPool-2 - Starting...
2026-09-21 09:18:48 INFO  [hikari.pool.HikariPool] - HikariPool-2 - Added connection com.mysql.cj.jdbc.ConnectionImpl@34e672de
2026-09-21 09:18:48 INFO  [zaxxer.hikari.HikariDataSource] - HikariPool-2 - Start completed.
2026-09-21 09:18:48 WARN  [hibernate.orm.deprecation] - HHH90000025: MySQLDialect does not need to be specified explicitly using 'hibernate.dialect' (remove the property setting and it will be selected by default)
2026-09-21 09:18:48 INFO  [orm.connections.pooling] - HHH10001005: Database info:
	Database JDBC URL [jdbc:mysql://localhost:3306/DB_CALENDAR]
	Database driver: MySQL Connector/J
	Database dialect: MySQLDialect
	Database version: 8.0.46
	Default catalog/schema: DB_CALENDAR/undefined
	Autocommit mode: undefined/unknown
	Isolation level: REPEATABLE_READ [default REPEATABLE_READ]
	JDBC fetch size: none
	Pool: DataSourceConnectionProvider
	Minimum pool size: undefined/unknown
	Maximum pool size: undefined/unknown
2026-09-21 09:18:48 INFO  [hibernate.orm.core] - HHH000489: No JTA platform available (set 'hibernate.transaction.jta.platform' to enable JTA platform integration)
2026-09-21 09:18:48 INFO  [orm.jpa.LocalContainerEntityManagerFactoryBean] - Initialized JPA EntityManagerFactory for persistence unit 'default'
2026-09-21 09:18:48 WARN  [jpa.autoconfigure.JpaBaseConfiguration$JpaWebConfiguration] - spring.jpa.open-in-view is enabled by default. Therefore, database queries may be performed during view rendering. Explicitly configure spring.jpa.open-in-view to disable this warning
2026-09-21 09:18:48 INFO  [authentication.configuration.InitializeUserDetailsBeanManagerConfigurer$InitializeUserDetailsManagerConfigurer] - Global AuthenticationManager configured with UserDetailsService bean with name memberDetailsService
2026-09-21 09:18:49 INFO  [coyote.http11.Http11NioProtocol] - Starting ProtocolHandler ["http-nio-8091"]
2026-09-21 09:18:49 INFO  [boot.tomcat.TomcatWebServer] - Tomcat started on port 8091 (http) with context path '/'
2026-09-21 09:18:49 INFO  [devtools.autoconfigure.ConditionEvaluationDeltaLoggingListener] - Condition evaluation unchanged
2026-09-21 09:19:19 INFO  [[Tomcat].[localhost].[/]] - Initializing Spring DispatcherServlet 'dispatcherServlet'
2026-09-21 09:19:19 INFO  [web.servlet.DispatcherServlet] - Initializing Servlet 'dispatcherServlet'
2026-09-21 09:19:19 INFO  [web.servlet.DispatcherServlet] - Completed initialization in 2 ms
2026-09-21 09:19:19 INFO  [devtools.autoconfigure.LocalDevToolsAutoConfiguration$RestartingClassPathChangeChangedEventListener] - Restarting due to 25 class path changes (0 additions, 0 deletions, 25 modifications)
2026-09-21 09:19:19 INFO  [boot.tomcat.GracefulShutdown] - Commencing graceful shutdown. Waiting for active requests to complete
2026-09-21 09:19:19 INFO  [coyote.http11.Http11NioProtocol] - Pausing ProtocolHandler ["http-nio-8091"]
2026-09-21 09:19:19 INFO  [boot.tomcat.GracefulShutdown] - Graceful shutdown complete
2026-09-21 09:19:19 INFO  [coyote.http11.Http11NioProtocol] - Stopping ProtocolHandler ["http-nio-8091"]
2026-09-21 09:19:19 INFO  [orm.jpa.LocalContainerEntityManagerFactoryBean] - Closing JPA EntityManagerFactory for persistence unit 'default'
2026-09-21 09:19:19 INFO  [zaxxer.hikari.HikariDataSource] - HikariPool-2 - Shutdown initiated...
2026-09-21 09:19:19 INFO  [zaxxer.hikari.HikariDataSource] - HikariPool-2 - Shutdown completed.
2026-09-21 09:19:20 INFO  [repository.config.RepositoryConfigurationDelegate] - Bootstrapping Spring Data JPA repositories in DEFAULT mode.
2026-09-21 09:19:20 INFO  [repository.config.RepositoryConfigurationDelegate] - Finished Spring Data repository scanning in 17 ms. Found 2 JPA repository interfaces.
2026-09-21 09:19:20 INFO  [boot.tomcat.TomcatWebServer] - Tomcat initialized with port 8091 (http)
2026-09-21 09:19:20 INFO  [coyote.http11.Http11NioProtocol] - Initializing ProtocolHandler ["http-nio-8091"]
2026-09-21 09:19:20 INFO  [catalina.core.StandardService] - Starting service [Tomcat]
2026-09-21 09:19:20 INFO  [catalina.core.StandardEngine] - Starting Servlet engine: [Apache Tomcat/11.0.24]
2026-09-21 09:19:20 INFO  [context.servlet.WebApplicationContextInitializer] - Root WebApplicationContext: initialization completed in 362 ms
2026-09-21 09:19:20 INFO  [hibernate.orm.jpa] - HHH008540: Processing PersistenceUnitInfo [name: default]
2026-09-21 09:19:20 INFO  [jpa.persistenceunit.SpringPersistenceUnitInfo] - No LoadTimeWeaver setup: ignoring JPA class transformer
2026-09-21 09:19:20 INFO  [zaxxer.hikari.HikariDataSource] - HikariPool-3 - Starting...
2026-09-21 09:19:20 INFO  [hikari.pool.HikariPool] - HikariPool-3 - Added connection com.mysql.cj.jdbc.ConnectionImpl@1dd44b43
2026-09-21 09:19:20 INFO  [zaxxer.hikari.HikariDataSource] - HikariPool-3 - Start completed.
2026-09-21 09:19:20 WARN  [hibernate.orm.deprecation] - HHH90000025: MySQLDialect does not need to be specified explicitly using 'hibernate.dialect' (remove the property setting and it will be selected by default)
2026-09-21 09:19:20 INFO  [orm.connections.pooling] - HHH10001005: Database info:
	Database JDBC URL [jdbc:mysql://localhost:3306/DB_CALENDAR]
	Database driver: MySQL Connector/J
	Database dialect: MySQLDialect
	Database version: 8.0.46
	Default catalog/schema: DB_CALENDAR/undefined
	Autocommit mode: undefined/unknown
	Isolation level: REPEATABLE_READ [default REPEATABLE_READ]
	JDBC fetch size: none
	Pool: DataSourceConnectionProvider
	Minimum pool size: undefined/unknown
	Maximum pool size: undefined/unknown
2026-09-21 09:19:20 INFO  [hibernate.orm.core] - HHH000489: No JTA platform available (set 'hibernate.transaction.jta.platform' to enable JTA platform integration)
2026-09-21 09:19:20 INFO  [orm.jpa.LocalContainerEntityManagerFactoryBean] - Initialized JPA EntityManagerFactory for persistence unit 'default'
2026-09-21 09:19:20 WARN  [jpa.autoconfigure.JpaBaseConfiguration$JpaWebConfiguration] - spring.jpa.open-in-view is enabled by default. Therefore, database queries may be performed during view rendering. Explicitly configure spring.jpa.open-in-view to disable this warning
2026-09-21 09:19:20 INFO  [authentication.configuration.InitializeUserDetailsBeanManagerConfigurer$InitializeUserDetailsManagerConfigurer] - Global AuthenticationManager configured with UserDetailsService bean with name memberDetailsService
2026-09-21 09:19:20 INFO  [coyote.http11.Http11NioProtocol] - Starting ProtocolHandler ["http-nio-8091"]
2026-09-21 09:19:20 INFO  [boot.tomcat.TomcatWebServer] - Tomcat started on port 8091 (http) with context path '/'
2026-09-21 09:19:20 INFO  [devtools.autoconfigure.ConditionEvaluationDeltaLoggingListener] - Condition evaluation unchanged
2026-09-21 09:19:23 INFO  [[Tomcat].[localhost].[/]] - Initializing Spring DispatcherServlet 'dispatcherServlet'
2026-09-21 09:19:23 INFO  [web.servlet.DispatcherServlet] - Initializing Servlet 'dispatcherServlet'
2026-09-21 09:19:23 INFO  [web.servlet.DispatcherServlet] - Completed initialization in 1 ms
2026-09-21 09:23:06 INFO  [devtools.autoconfigure.LocalDevToolsAutoConfiguration$RestartingClassPathChangeChangedEventListener] - Restarting due to 25 class path changes (0 additions, 0 deletions, 25 modifications)
2026-09-21 09:23:06 INFO  [boot.tomcat.GracefulShutdown] - Commencing graceful shutdown. Waiting for active requests to complete
2026-09-21 09:23:06 INFO  [coyote.http11.Http11NioProtocol] - Pausing ProtocolHandler ["http-nio-8091"]
2026-09-21 09:23:06 INFO  [boot.tomcat.GracefulShutdown] - Graceful shutdown complete
2026-09-21 09:23:06 INFO  [coyote.http11.Http11NioProtocol] - Stopping ProtocolHandler ["http-nio-8091"]
2026-09-21 09:23:06 INFO  [orm.jpa.LocalContainerEntityManagerFactoryBean] - Closing JPA EntityManagerFactory for persistence unit 'default'
2026-09-21 09:23:06 INFO  [zaxxer.hikari.HikariDataSource] - HikariPool-3 - Shutdown initiated...
2026-09-21 09:23:06 INFO  [zaxxer.hikari.HikariDataSource] - HikariPool-3 - Shutdown completed.
2026-09-21 09:23:07 INFO  [repository.config.RepositoryConfigurationDelegate] - Bootstrapping Spring Data JPA repositories in DEFAULT mode.
2026-09-21 09:23:07 INFO  [repository.config.RepositoryConfigurationDelegate] - Finished Spring Data repository scanning in 14 ms. Found 2 JPA repository interfaces.
2026-09-21 09:23:07 INFO  [boot.tomcat.TomcatWebServer] - Tomcat initialized with port 8091 (http)
2026-09-21 09:23:07 INFO  [coyote.http11.Http11NioProtocol] - Initializing ProtocolHandler ["http-nio-8091"]
2026-09-21 09:23:07 INFO  [catalina.core.StandardService] - Starting service [Tomcat]
2026-09-21 09:23:07 INFO  [catalina.core.StandardEngine] - Starting Servlet engine: [Apache Tomcat/11.0.24]
2026-09-21 09:23:07 INFO  [context.servlet.WebApplicationContextInitializer] - Root WebApplicationContext: initialization completed in 386 ms
2026-09-21 09:23:07 INFO  [hibernate.orm.jpa] - HHH008540: Processing PersistenceUnitInfo [name: default]
2026-09-21 09:23:07 INFO  [jpa.persistenceunit.SpringPersistenceUnitInfo] - No LoadTimeWeaver setup: ignoring JPA class transformer
2026-09-21 09:23:07 INFO  [zaxxer.hikari.HikariDataSource] - HikariPool-4 - Starting...
2026-09-21 09:23:07 INFO  [hikari.pool.HikariPool] - HikariPool-4 - Added connection com.mysql.cj.jdbc.ConnectionImpl@589ae1f4
2026-09-21 09:23:07 INFO  [zaxxer.hikari.HikariDataSource] - HikariPool-4 - Start completed.
2026-09-21 09:23:07 WARN  [hibernate.orm.deprecation] - HHH90000025: MySQLDialect does not need to be specified explicitly using 'hibernate.dialect' (remove the property setting and it will be selected by default)
2026-09-21 09:23:07 INFO  [orm.connections.pooling] - HHH10001005: Database info:
	Database JDBC URL [jdbc:mysql://localhost:3306/DB_CALENDAR]
	Database driver: MySQL Connector/J
	Database dialect: MySQLDialect
	Database version: 8.0.46
	Default catalog/schema: DB_CALENDAR/undefined
	Autocommit mode: undefined/unknown
	Isolation level: REPEATABLE_READ [default REPEATABLE_READ]
	JDBC fetch size: none
	Pool: DataSourceConnectionProvider
	Minimum pool size: undefined/unknown
	Maximum pool size: undefined/unknown
2026-09-21 09:23:07 INFO  [hibernate.orm.core] - HHH000489: No JTA platform available (set 'hibernate.transaction.jta.platform' to enable JTA platform integration)
2026-09-21 09:23:07 INFO  [orm.jpa.LocalContainerEntityManagerFactoryBean] - Initialized JPA EntityManagerFactory for persistence unit 'default'
2026-09-21 09:23:07 WARN  [jpa.autoconfigure.JpaBaseConfiguration$JpaWebConfiguration] - spring.jpa.open-in-view is enabled by default. Therefore, database queries may be performed during view rendering. Explicitly configure spring.jpa.open-in-view to disable this warning
2026-09-21 09:23:07 INFO  [authentication.configuration.InitializeUserDetailsBeanManagerConfigurer$InitializeUserDetailsManagerConfigurer] - Global AuthenticationManager configured with UserDetailsService bean with name memberDetailsService
2026-09-21 09:23:07 INFO  [coyote.http11.Http11NioProtocol] - Starting ProtocolHandler ["http-nio-8091"]
2026-09-21 09:23:07 INFO  [boot.tomcat.TomcatWebServer] - Tomcat started on port 8091 (http) with context path '/'
2026-09-21 09:23:08 INFO  [devtools.autoconfigure.ConditionEvaluationDeltaLoggingListener] - Condition evaluation unchanged
2026-09-21 09:23:08 INFO  [[Tomcat].[localhost].[/]] - Initializing Spring DispatcherServlet 'dispatcherServlet'
2026-09-21 09:23:08 INFO  [web.servlet.DispatcherServlet] - Initializing Servlet 'dispatcherServlet'
2026-09-21 09:23:08 INFO  [web.servlet.DispatcherServlet] - Completed initialization in 4 ms
2026-09-21 09:23:29 INFO  [devtools.autoconfigure.LocalDevToolsAutoConfiguration$RestartingClassPathChangeChangedEventListener] - Restarting due to 25 class path changes (0 additions, 0 deletions, 25 modifications)
2026-09-21 09:23:29 INFO  [boot.tomcat.GracefulShutdown] - Commencing graceful shutdown. Waiting for active requests to complete
2026-09-21 09:23:29 INFO  [coyote.http11.Http11NioProtocol] - Pausing ProtocolHandler ["http-nio-8091"]
2026-09-21 09:23:29 INFO  [boot.tomcat.GracefulShutdown] - Graceful shutdown complete
2026-09-21 09:23:29 INFO  [coyote.http11.Http11NioProtocol] - Stopping ProtocolHandler ["http-nio-8091"]
2026-09-21 09:23:29 INFO  [orm.jpa.LocalContainerEntityManagerFactoryBean] - Closing JPA EntityManagerFactory for persistence unit 'default'
2026-09-21 09:23:29 INFO  [zaxxer.hikari.HikariDataSource] - HikariPool-4 - Shutdown initiated...
2026-09-21 09:23:29 INFO  [zaxxer.hikari.HikariDataSource] - HikariPool-4 - Shutdown completed.
2026-09-21 09:23:29 INFO  [repository.config.RepositoryConfigurationDelegate] - Bootstrapping Spring Data JPA repositories in DEFAULT mode.
2026-09-21 09:23:29 INFO  [repository.config.RepositoryConfigurationDelegate] - Finished Spring Data repository scanning in 18 ms. Found 2 JPA repository interfaces.
2026-09-21 09:23:29 INFO  [boot.tomcat.TomcatWebServer] - Tomcat initialized with port 8091 (http)
2026-09-21 09:23:29 INFO  [coyote.http11.Http11NioProtocol] - Initializing ProtocolHandler ["http-nio-8091"]
2026-09-21 09:23:29 INFO  [catalina.core.StandardService] - Starting service [Tomcat]
2026-09-21 09:23:29 INFO  [catalina.core.StandardEngine] - Starting Servlet engine: [Apache Tomcat/11.0.24]
2026-09-21 09:23:29 INFO  [context.servlet.WebApplicationContextInitializer] - Root WebApplicationContext: initialization completed in 355 ms
2026-09-21 09:23:29 INFO  [hibernate.orm.jpa] - HHH008540: Processing PersistenceUnitInfo [name: default]
2026-09-21 09:23:29 INFO  [jpa.persistenceunit.SpringPersistenceUnitInfo] - No LoadTimeWeaver setup: ignoring JPA class transformer
2026-09-21 09:23:29 INFO  [zaxxer.hikari.HikariDataSource] - HikariPool-5 - Starting...
2026-09-21 09:23:29 INFO  [hikari.pool.HikariPool] - HikariPool-5 - Added connection com.mysql.cj.jdbc.ConnectionImpl@243babbc
2026-09-21 09:23:29 INFO  [zaxxer.hikari.HikariDataSource] - HikariPool-5 - Start completed.
2026-09-21 09:23:29 WARN  [hibernate.orm.deprecation] - HHH90000025: MySQLDialect does not need to be specified explicitly using 'hibernate.dialect' (remove the property setting and it will be selected by default)
2026-09-21 09:23:29 INFO  [orm.connections.pooling] - HHH10001005: Database info:
	Database JDBC URL [jdbc:mysql://localhost:3306/DB_CALENDAR]
	Database driver: MySQL Connector/J
	Database dialect: MySQLDialect
	Database version: 8.0.46
	Default catalog/schema: DB_CALENDAR/undefined
	Autocommit mode: undefined/unknown
	Isolation level: REPEATABLE_READ [default REPEATABLE_READ]
	JDBC fetch size: none
	Pool: DataSourceConnectionProvider
	Minimum pool size: undefined/unknown
	Maximum pool size: undefined/unknown
2026-09-21 09:23:29 INFO  [hibernate.orm.core] - HHH000489: No JTA platform available (set 'hibernate.transaction.jta.platform' to enable JTA platform integration)
2026-09-21 09:23:29 INFO  [orm.jpa.LocalContainerEntityManagerFactoryBean] - Initialized JPA EntityManagerFactory for persistence unit 'default'
2026-09-21 09:23:30 WARN  [jpa.autoconfigure.JpaBaseConfiguration$JpaWebConfiguration] - spring.jpa.open-in-view is enabled by default. Therefore, database queries may be performed during view rendering. Explicitly configure spring.jpa.open-in-view to disable this warning
2026-09-21 09:23:30 INFO  [authentication.configuration.InitializeUserDetailsBeanManagerConfigurer$InitializeUserDetailsManagerConfigurer] - Global AuthenticationManager configured with UserDetailsService bean with name memberDetailsService
2026-09-21 09:23:30 INFO  [coyote.http11.Http11NioProtocol] - Starting ProtocolHandler ["http-nio-8091"]
2026-09-21 09:23:30 INFO  [boot.tomcat.TomcatWebServer] - Tomcat started on port 8091 (http) with context path '/'
2026-09-21 09:23:30 INFO  [devtools.autoconfigure.ConditionEvaluationDeltaLoggingListener] - Condition evaluation unchanged
2026-09-21 09:23:32 INFO  [[Tomcat].[localhost].[/]] - Initializing Spring DispatcherServlet 'dispatcherServlet'
2026-09-21 09:23:32 INFO  [web.servlet.DispatcherServlet] - Initializing Servlet 'dispatcherServlet'
2026-09-21 09:23:32 INFO  [web.servlet.DispatcherServlet] - Completed initialization in 2 ms
2026-09-21 09:26:52 INFO  [devtools.autoconfigure.LocalDevToolsAutoConfiguration$RestartingClassPathChangeChangedEventListener] - Restarting due to 25 class path changes (0 additions, 0 deletions, 25 modifications)
2026-09-21 09:26:52 INFO  [boot.tomcat.GracefulShutdown] - Commencing graceful shutdown. Waiting for active requests to complete
2026-09-21 09:26:52 INFO  [coyote.http11.Http11NioProtocol] - Pausing ProtocolHandler ["http-nio-8091"]
2026-09-21 09:26:52 INFO  [boot.tomcat.GracefulShutdown] - Graceful shutdown complete
2026-09-21 09:26:52 INFO  [coyote.http11.Http11NioProtocol] - Stopping ProtocolHandler ["http-nio-8091"]
2026-09-21 09:26:52 INFO  [orm.jpa.LocalContainerEntityManagerFactoryBean] - Closing JPA EntityManagerFactory for persistence unit 'default'
2026-09-21 09:26:52 INFO  [zaxxer.hikari.HikariDataSource] - HikariPool-5 - Shutdown initiated...
2026-09-21 09:26:52 INFO  [zaxxer.hikari.HikariDataSource] - HikariPool-5 - Shutdown completed.
2026-09-21 09:26:53 INFO  [repository.config.RepositoryConfigurationDelegate] - Bootstrapping Spring Data JPA repositories in DEFAULT mode.
2026-09-21 09:26:53 INFO  [repository.config.RepositoryConfigurationDelegate] - Finished Spring Data repository scanning in 11 ms. Found 2 JPA repository interfaces.
2026-09-21 09:26:53 INFO  [boot.tomcat.TomcatWebServer] - Tomcat initialized with port 8091 (http)
2026-09-21 09:26:53 INFO  [coyote.http11.Http11NioProtocol] - Initializing ProtocolHandler ["http-nio-8091"]
2026-09-21 09:26:53 INFO  [catalina.core.StandardService] - Starting service [Tomcat]
2026-09-21 09:26:53 INFO  [catalina.core.StandardEngine] - Starting Servlet engine: [Apache Tomcat/11.0.24]
2026-09-21 09:26:53 INFO  [context.servlet.WebApplicationContextInitializer] - Root WebApplicationContext: initialization completed in 351 ms
2026-09-21 09:26:53 INFO  [hibernate.orm.jpa] - HHH008540: Processing PersistenceUnitInfo [name: default]
2026-09-21 09:26:53 INFO  [jpa.persistenceunit.SpringPersistenceUnitInfo] - No LoadTimeWeaver setup: ignoring JPA class transformer
2026-09-21 09:26:53 INFO  [zaxxer.hikari.HikariDataSource] - HikariPool-6 - Starting...
2026-09-21 09:26:53 INFO  [hikari.pool.HikariPool] - HikariPool-6 - Added connection com.mysql.cj.jdbc.ConnectionImpl@6bbb042b
2026-09-21 09:26:53 INFO  [zaxxer.hikari.HikariDataSource] - HikariPool-6 - Start completed.
2026-09-21 09:26:53 WARN  [hibernate.orm.deprecation] - HHH90000025: MySQLDialect does not need to be specified explicitly using 'hibernate.dialect' (remove the property setting and it will be selected by default)
2026-09-21 09:26:53 INFO  [orm.connections.pooling] - HHH10001005: Database info:
	Database JDBC URL [jdbc:mysql://localhost:3306/DB_CALENDAR]
	Database driver: MySQL Connector/J
	Database dialect: MySQLDialect
	Database version: 8.0.46
	Default catalog/schema: DB_CALENDAR/undefined
	Autocommit mode: undefined/unknown
	Isolation level: REPEATABLE_READ [default REPEATABLE_READ]
	JDBC fetch size: none
	Pool: DataSourceConnectionProvider
	Minimum pool size: undefined/unknown
	Maximum pool size: undefined/unknown
2026-09-21 09:26:53 INFO  [hibernate.orm.core] - HHH000489: No JTA platform available (set 'hibernate.transaction.jta.platform' to enable JTA platform integration)
2026-09-21 09:26:53 INFO  [orm.jpa.LocalContainerEntityManagerFactoryBean] - Initialized JPA EntityManagerFactory for persistence unit 'default'
2026-09-21 09:26:53 WARN  [jpa.autoconfigure.JpaBaseConfiguration$JpaWebConfiguration] - spring.jpa.open-in-view is enabled by default. Therefore, database queries may be performed during view rendering. Explicitly configure spring.jpa.open-in-view to disable this warning
2026-09-21 09:26:53 INFO  [authentication.configuration.InitializeUserDetailsBeanManagerConfigurer$InitializeUserDetailsManagerConfigurer] - Global AuthenticationManager configured with UserDetailsService bean with name memberDetailsService
2026-09-21 09:26:53 INFO  [coyote.http11.Http11NioProtocol] - Starting ProtocolHandler ["http-nio-8091"]
2026-09-21 09:26:53 INFO  [boot.tomcat.TomcatWebServer] - Tomcat started on port 8091 (http) with context path '/'
2026-09-21 09:26:53 INFO  [devtools.autoconfigure.ConditionEvaluationDeltaLoggingListener] - Condition evaluation unchanged
2026-09-21 09:26:57 INFO  [[Tomcat].[localhost].[/]] - Initializing Spring DispatcherServlet 'dispatcherServlet'
2026-09-21 09:26:57 INFO  [web.servlet.DispatcherServlet] - Initializing Servlet 'dispatcherServlet'
2026-09-21 09:26:57 INFO  [web.servlet.DispatcherServlet] - Completed initialization in 2 ms
2026-09-21 09:35:34 INFO  [devtools.autoconfigure.LocalDevToolsAutoConfiguration$RestartingClassPathChangeChangedEventListener] - Restarting due to 25 class path changes (0 additions, 0 deletions, 25 modifications)
2026-09-21 09:35:34 INFO  [boot.tomcat.GracefulShutdown] - Commencing graceful shutdown. Waiting for active requests to complete
2026-09-21 09:35:34 INFO  [coyote.http11.Http11NioProtocol] - Pausing ProtocolHandler ["http-nio-8091"]
2026-09-21 09:35:34 INFO  [boot.tomcat.GracefulShutdown] - Graceful shutdown complete
2026-09-21 09:35:34 INFO  [coyote.http11.Http11NioProtocol] - Stopping ProtocolHandler ["http-nio-8091"]
2026-09-21 09:35:34 INFO  [orm.jpa.LocalContainerEntityManagerFactoryBean] - Closing JPA EntityManagerFactory for persistence unit 'default'
2026-09-21 09:35:34 INFO  [zaxxer.hikari.HikariDataSource] - HikariPool-6 - Shutdown initiated...
2026-09-21 09:35:34 INFO  [zaxxer.hikari.HikariDataSource] - HikariPool-6 - Shutdown completed.
2026-09-21 09:35:34 INFO  [repository.config.RepositoryConfigurationDelegate] - Bootstrapping Spring Data JPA repositories in DEFAULT mode.
2026-09-21 09:35:34 INFO  [repository.config.RepositoryConfigurationDelegate] - Finished Spring Data repository scanning in 10 ms. Found 2 JPA repository interfaces.
2026-09-21 09:35:35 INFO  [boot.tomcat.TomcatWebServer] - Tomcat initialized with port 8091 (http)
2026-09-21 09:35:35 INFO  [coyote.http11.Http11NioProtocol] - Initializing ProtocolHandler ["http-nio-8091"]
2026-09-21 09:35:35 INFO  [catalina.core.StandardService] - Starting service [Tomcat]
2026-09-21 09:35:35 INFO  [catalina.core.StandardEngine] - Starting Servlet engine: [Apache Tomcat/11.0.24]
2026-09-21 09:35:35 INFO  [context.servlet.WebApplicationContextInitializer] - Root WebApplicationContext: initialization completed in 389 ms
2026-09-21 09:35:35 INFO  [hibernate.orm.jpa] - HHH008540: Processing PersistenceUnitInfo [name: default]
2026-09-21 09:35:35 INFO  [jpa.persistenceunit.SpringPersistenceUnitInfo] - No LoadTimeWeaver setup: ignoring JPA class transformer
2026-09-21 09:35:35 INFO  [zaxxer.hikari.HikariDataSource] - HikariPool-7 - Starting...
2026-09-21 09:35:35 INFO  [hikari.pool.HikariPool] - HikariPool-7 - Added connection com.mysql.cj.jdbc.ConnectionImpl@1908eeb8
2026-09-21 09:35:35 INFO  [zaxxer.hikari.HikariDataSource] - HikariPool-7 - Start completed.
2026-09-21 09:35:35 WARN  [hibernate.orm.deprecation] - HHH90000025: MySQLDialect does not need to be specified explicitly using 'hibernate.dialect' (remove the property setting and it will be selected by default)
2026-09-21 09:35:35 INFO  [orm.connections.pooling] - HHH10001005: Database info:
	Database JDBC URL [jdbc:mysql://localhost:3306/DB_CALENDAR]
	Database driver: MySQL Connector/J
	Database dialect: MySQLDialect
	Database version: 8.0.46
	Default catalog/schema: DB_CALENDAR/undefined
	Autocommit mode: undefined/unknown
	Isolation level: REPEATABLE_READ [default REPEATABLE_READ]
	JDBC fetch size: none
	Pool: DataSourceConnectionProvider
	Minimum pool size: undefined/unknown
	Maximum pool size: undefined/unknown
2026-09-21 09:35:35 INFO  [hibernate.orm.core] - HHH000489: No JTA platform available (set 'hibernate.transaction.jta.platform' to enable JTA platform integration)
2026-09-21 09:35:35 INFO  [orm.jpa.LocalContainerEntityManagerFactoryBean] - Initialized JPA EntityManagerFactory for persistence unit 'default'
2026-09-21 09:35:35 WARN  [jpa.autoconfigure.JpaBaseConfiguration$JpaWebConfiguration] - spring.jpa.open-in-view is enabled by default. Therefore, database queries may be performed during view rendering. Explicitly configure spring.jpa.open-in-view to disable this warning
2026-09-21 09:35:35 INFO  [authentication.configuration.InitializeUserDetailsBeanManagerConfigurer$InitializeUserDetailsManagerConfigurer] - Global AuthenticationManager configured with UserDetailsService bean with name memberDetailsService
2026-09-21 09:35:35 INFO  [coyote.http11.Http11NioProtocol] - Starting ProtocolHandler ["http-nio-8091"]
2026-09-21 09:35:35 INFO  [boot.tomcat.TomcatWebServer] - Tomcat started on port 8091 (http) with context path '/'
2026-09-21 09:35:35 INFO  [devtools.autoconfigure.ConditionEvaluationDeltaLoggingListener] - Condition evaluation unchanged
2026-09-21 09:35:38 INFO  [[Tomcat].[localhost].[/]] - Initializing Spring DispatcherServlet 'dispatcherServlet'
2026-09-21 09:35:38 INFO  [web.servlet.DispatcherServlet] - Initializing Servlet 'dispatcherServlet'
2026-09-21 09:35:38 INFO  [web.servlet.DispatcherServlet] - Completed initialization in 1 ms
2026-09-21 09:53:59 INFO  [boot.tomcat.GracefulShutdown] - Commencing graceful shutdown. Waiting for active requests to complete
2026-09-21 09:53:59 INFO  [boot.tomcat.GracefulShutdown] - Graceful shutdown complete
2026-09-21 09:53:59 INFO  [orm.jpa.LocalContainerEntityManagerFactoryBean] - Closing JPA EntityManagerFactory for persistence unit 'default'
2026-09-21 09:53:59 INFO  [zaxxer.hikari.HikariDataSource] - HikariPool-7 - Shutdown initiated...
2026-09-21 09:53:59 INFO  [zaxxer.hikari.HikariDataSource] - HikariPool-7 - Shutdown completed.
2026-09-21 10:28:54 INFO  [devtools.env.DevToolsPropertyDefaultsPostProcessor] - Devtools property defaults active! Set 'spring.devtools.add-properties' to 'false' to disable
2026-09-21 10:28:54 INFO  [devtools.env.DevToolsPropertyDefaultsPostProcessor] - For additional web related logging consider setting the 'logging.level.web' property to 'DEBUG'
2026-09-21 10:28:55 INFO  [repository.config.RepositoryConfigurationDelegate] - Bootstrapping Spring Data JPA repositories in DEFAULT mode.
2026-09-21 10:28:55 INFO  [repository.config.RepositoryConfigurationDelegate] - Finished Spring Data repository scanning in 47 ms. Found 2 JPA repository interfaces.
2026-09-21 10:28:56 INFO  [boot.tomcat.TomcatWebServer] - Tomcat initialized with port 8091 (http)
2026-09-21 10:28:56 INFO  [coyote.http11.Http11NioProtocol] - Initializing ProtocolHandler ["http-nio-8091"]
2026-09-21 10:28:56 INFO  [catalina.core.StandardService] - Starting service [Tomcat]
2026-09-21 10:28:56 INFO  [catalina.core.StandardEngine] - Starting Servlet engine: [Apache Tomcat/11.0.24]
2026-09-21 10:28:56 INFO  [context.servlet.WebApplicationContextInitializer] - Root WebApplicationContext: initialization completed in 1701 ms
2026-09-21 10:28:56 INFO  [hibernate.orm.jpa] - HHH008540: Processing PersistenceUnitInfo [name: default]
2026-09-21 10:28:56 INFO  [hibernate.orm.core] - HHH000001: Hibernate ORM core version 7.4.5.Final
2026-09-21 10:28:57 INFO  [jpa.persistenceunit.SpringPersistenceUnitInfo] - No LoadTimeWeaver setup: ignoring JPA class transformer
2026-09-21 10:28:57 INFO  [zaxxer.hikari.HikariDataSource] - HikariPool-1 - Starting...
2026-09-21 10:28:57 INFO  [hikari.pool.HikariPool] - HikariPool-1 - Added connection com.mysql.cj.jdbc.ConnectionImpl@34041df9
2026-09-21 10:28:57 INFO  [zaxxer.hikari.HikariDataSource] - HikariPool-1 - Start completed.
2026-09-21 10:28:57 WARN  [hibernate.orm.deprecation] - HHH90000025: MySQLDialect does not need to be specified explicitly using 'hibernate.dialect' (remove the property setting and it will be selected by default)
2026-09-21 10:28:57 INFO  [orm.connections.pooling] - HHH10001005: Database info:
	Database JDBC URL [jdbc:mysql://localhost:3306/DB_CALENDAR]
	Database driver: MySQL Connector/J
	Database dialect: MySQLDialect
	Database version: 8.0.46
	Default catalog/schema: DB_CALENDAR/undefined
	Autocommit mode: undefined/unknown
	Isolation level: REPEATABLE_READ [default REPEATABLE_READ]
	JDBC fetch size: none
	Pool: DataSourceConnectionProvider
	Minimum pool size: undefined/unknown
	Maximum pool size: undefined/unknown
2026-09-21 10:28:58 INFO  [hibernate.orm.core] - HHH000489: No JTA platform available (set 'hibernate.transaction.jta.platform' to enable JTA platform integration)
2026-09-21 10:28:58 INFO  [orm.jpa.LocalContainerEntityManagerFactoryBean] - Initialized JPA EntityManagerFactory for persistence unit 'default'
2026-09-21 10:28:59 INFO  [repository.query.QueryEnhancerFactories] - Hibernate is in classpath; If applicable, HQL parser will be used.
2026-09-21 10:28:59 WARN  [jpa.autoconfigure.JpaBaseConfiguration$JpaWebConfiguration] - spring.jpa.open-in-view is enabled by default. Therefore, database queries may be performed during view rendering. Explicitly configure spring.jpa.open-in-view to disable this warning
2026-09-21 10:28:59 INFO  [authentication.configuration.InitializeUserDetailsBeanManagerConfigurer$InitializeUserDetailsManagerConfigurer] - Global AuthenticationManager configured with UserDetailsService bean with name memberDetailsService
2026-09-21 10:29:00 INFO  [coyote.http11.Http11NioProtocol] - Starting ProtocolHandler ["http-nio-8091"]
2026-09-21 10:29:00 INFO  [boot.tomcat.TomcatWebServer] - Tomcat started on port 8091 (http) with context path '/'
2026-09-21 10:30:00 INFO  [[Tomcat].[localhost].[/]] - Initializing Spring DispatcherServlet 'dispatcherServlet'
2026-09-21 10:30:00 INFO  [web.servlet.DispatcherServlet] - Initializing Servlet 'dispatcherServlet'
2026-09-21 10:30:00 INFO  [web.servlet.DispatcherServlet] - Completed initialization in 4 ms
2026-09-21 10:45:04 INFO  [boot.tomcat.GracefulShutdown] - Commencing graceful shutdown. Waiting for active requests to complete
2026-09-21 10:45:04 INFO  [boot.tomcat.GracefulShutdown] - Graceful shutdown complete
2026-09-21 10:45:04 INFO  [orm.jpa.LocalContainerEntityManagerFactoryBean] - Closing JPA EntityManagerFactory for persistence unit 'default'
2026-09-21 10:45:04 INFO  [zaxxer.hikari.HikariDataSource] - HikariPool-1 - Shutdown initiated...
2026-09-21 10:45:04 INFO  [zaxxer.hikari.HikariDataSource] - HikariPool-1 - Shutdown completed.
2026-09-21 11:11:27 INFO  [devtools.env.DevToolsPropertyDefaultsPostProcessor] - Devtools property defaults active! Set 'spring.devtools.add-properties' to 'false' to disable
2026-09-21 11:11:27 INFO  [devtools.env.DevToolsPropertyDefaultsPostProcessor] - For additional web related logging consider setting the 'logging.level.web' property to 'DEBUG'
2026-09-21 11:11:28 INFO  [repository.config.RepositoryConfigurationDelegate] - Bootstrapping Spring Data JPA repositories in DEFAULT mode.
2026-09-21 11:11:28 INFO  [repository.config.RepositoryConfigurationDelegate] - Finished Spring Data repository scanning in 43 ms. Found 3 JPA repository interfaces.
2026-09-21 11:11:28 INFO  [boot.tomcat.TomcatWebServer] - Tomcat initialized with port 8091 (http)
2026-09-21 11:11:28 INFO  [coyote.http11.Http11NioProtocol] - Initializing ProtocolHandler ["http-nio-8091"]
2026-09-21 11:11:28 INFO  [catalina.core.StandardService] - Starting service [Tomcat]
2026-09-21 11:11:28 INFO  [catalina.core.StandardEngine] - Starting Servlet engine: [Apache Tomcat/11.0.24]
2026-09-21 11:11:28 INFO  [context.servlet.WebApplicationContextInitializer] - Root WebApplicationContext: initialization completed in 1483 ms
2026-09-21 11:11:28 INFO  [hibernate.orm.jpa] - HHH008540: Processing PersistenceUnitInfo [name: default]
2026-09-21 11:11:29 INFO  [hibernate.orm.core] - HHH000001: Hibernate ORM core version 7.4.5.Final
2026-09-21 11:11:29 INFO  [jpa.persistenceunit.SpringPersistenceUnitInfo] - No LoadTimeWeaver setup: ignoring JPA class transformer
2026-09-21 11:11:29 INFO  [zaxxer.hikari.HikariDataSource] - HikariPool-1 - Starting...
2026-09-21 11:11:29 INFO  [hikari.pool.HikariPool] - HikariPool-1 - Added connection com.mysql.cj.jdbc.ConnectionImpl@1f101b94
2026-09-21 11:11:29 INFO  [zaxxer.hikari.HikariDataSource] - HikariPool-1 - Start completed.
2026-09-21 11:11:30 WARN  [hibernate.orm.deprecation] - HHH90000025: MySQLDialect does not need to be specified explicitly using 'hibernate.dialect' (remove the property setting and it will be selected by default)
2026-09-21 11:11:30 INFO  [orm.connections.pooling] - HHH10001005: Database info:
	Database JDBC URL [jdbc:mysql://localhost:3306/DB_CALENDAR]
	Database driver: MySQL Connector/J
	Database dialect: MySQLDialect
	Database version: 8.0.46
	Default catalog/schema: DB_CALENDAR/undefined
	Autocommit mode: undefined/unknown
	Isolation level: REPEATABLE_READ [default REPEATABLE_READ]
	JDBC fetch size: none
	Pool: DataSourceConnectionProvider
	Minimum pool size: undefined/unknown
	Maximum pool size: undefined/unknown
2026-09-21 11:11:31 INFO  [hibernate.orm.core] - HHH000489: No JTA platform available (set 'hibernate.transaction.jta.platform' to enable JTA platform integration)
2026-09-21 11:11:31 WARN  [schema.internal.ExceptionHandlerLoggedImpl] - GenerationTarget encountered exception accepting command : Error executing DDL "
    alter table user_member 
       add constraint FK5yi94mub7yelh1efo6dm5k9f1 
       foreign key (authority_no) 
       references user_authority (no)" via JDBC [Referencing column 'authority_no' and referenced column 'no' in foreign key constraint 'FK5yi94mub7yelh1efo6dm5k9f1' are incompatible.]
org.hibernate.tool.schema.spi.CommandAcceptanceException: Error executing DDL "
    alter table user_member 
       add constraint FK5yi94mub7yelh1efo6dm5k9f1 
       foreign key (authority_no) 
       references user_authority (no)" via JDBC [Referencing column 'authority_no' and referenced column 'no' in foreign key constraint 'FK5yi94mub7yelh1efo6dm5k9f1' are incompatible.]
	at org.hibernate.tool.schema.internal.exec.GenerationTargetToDatabase.accept(GenerationTargetToDatabase.java:91)
	at org.hibernate.tool.schema.internal.AbstractSchemaMigrator.applySqlString(AbstractSchemaMigrator.java:566)
	at org.hibernate.tool.schema.internal.AbstractSchemaMigrator.applySqlStrings(AbstractSchemaMigrator.java:506)
	at org.hibernate.tool.schema.internal.AbstractSchemaMigrator.applyForeignKeys(AbstractSchemaMigrator.java:438)
	at org.hibernate.tool.schema.internal.AbstractSchemaMigrator.performMigration(AbstractSchemaMigrator.java:256)
	at org.hibernate.tool.schema.internal.AbstractSchemaMigrator.doMigration(AbstractSchemaMigrator.java:96)
	at org.hibernate.tool.schema.spi.SchemaManagementToolCoordinator.performDatabaseAction(SchemaManagementToolCoordinator.java:269)
	at org.hibernate.tool.schema.spi.SchemaManagementToolCoordinator.lambda$process$1(SchemaManagementToolCoordinator.java:101)
	at java.base/java.util.HashMap.forEach(HashMap.java:1421)
	at org.hibernate.tool.schema.spi.SchemaManagementToolCoordinator.process(SchemaManagementToolCoordinator.java:100)
	at org.hibernate.boot.internal.SessionFactoryObserverForSchemaExport.sessionFactoryCreated(SessionFactoryObserverForSchemaExport.java:35)
	at org.hibernate.internal.SessionFactoryObserverChain.sessionFactoryCreated(SessionFactoryObserverChain.java:33)
	at org.hibernate.internal.SessionFactoryImpl.<init>(SessionFactoryImpl.java:327)
	at org.hibernate.internal.SessionFactoryRegistry.instantiateSessionFactory(SessionFactoryRegistry.java:64)
	at org.hibernate.boot.internal.SessionFactoryBuilderImpl.build(SessionFactoryBuilderImpl.java:458)
	at org.hibernate.jpa.boot.internal.EntityManagerFactoryBuilderImpl.build(EntityManagerFactoryBuilderImpl.java:1452)
	at org.springframework.orm.jpa.vendor.SpringHibernateJpaPersistenceProvider.createContainerEntityManagerFactory(SpringHibernateJpaPersistenceProvider.java:93)
	at org.springframework.orm.jpa.LocalContainerEntityManagerFactoryBean.createNativeEntityManagerFactory(LocalContainerEntityManagerFactoryBean.java:443)
	at org.springframework.orm.jpa.AbstractEntityManagerFactoryBean.buildNativeEntityManagerFactory(AbstractEntityManagerFactoryBean.java:436)
	at org.springframework.orm.jpa.AbstractEntityManagerFactoryBean.afterPropertiesSet(AbstractEntityManagerFactoryBean.java:411)
	at org.springframework.orm.jpa.LocalContainerEntityManagerFactoryBean.afterPropertiesSet(LocalContainerEntityManagerFactoryBean.java:419)
	at org.springframework.beans.factory.support.AbstractAutowireCapableBeanFactory.invokeInitMethods(AbstractAutowireCapableBeanFactory.java:1862)
	at org.springframework.beans.factory.support.AbstractAutowireCapableBeanFactory.initializeBean(AbstractAutowireCapableBeanFactory.java:1811)
	at org.springframework.beans.factory.support.AbstractAutowireCapableBeanFactory.doCreateBean(AbstractAutowireCapableBeanFactory.java:603)
	at org.springframework.beans.factory.support.AbstractAutowireCapableBeanFactory.createBean(AbstractAutowireCapableBeanFactory.java:525)
	at org.springframework.beans.factory.support.AbstractBeanFactory.lambda$doGetBean$0(AbstractBeanFactory.java:333)
	at org.springframework.beans.factory.support.DefaultSingletonBeanRegistry.getSingleton(DefaultSingletonBeanRegistry.java:371)
	at org.springframework.beans.factory.support.AbstractBeanFactory.doGetBean(AbstractBeanFactory.java:331)
	at org.springframework.beans.factory.support.AbstractBeanFactory.getBean(AbstractBeanFactory.java:201)
	at org.springframework.context.support.AbstractApplicationContext.finishBeanFactoryInitialization(AbstractApplicationContext.java:977)
	at org.springframework.context.support.AbstractApplicationContext.refresh(AbstractApplicationContext.java:621)
	at org.springframework.boot.web.server.servlet.context.ServletWebServerApplicationContext.refresh(ServletWebServerApplicationContext.java:143)
	at org.springframework.boot.SpringApplication.refresh(SpringApplication.java:756)
	at org.springframework.boot.SpringApplication.refreshContext(SpringApplication.java:445)
	at org.springframework.boot.SpringApplication.run(SpringApplication.java:321)
	at org.springframework.boot.SpringApplication.run(SpringApplication.java:1365)
	at org.springframework.boot.SpringApplication.run(SpringApplication.java:1354)
	at com.office.calendaradmin.CalendarAdminApplication.main(CalendarAdminApplication.java:11)
	at java.base/jdk.internal.reflect.NativeMethodAccessorImpl.invoke0(Native Method)
	at java.base/jdk.internal.reflect.NativeMethodAccessorImpl.invoke(NativeMethodAccessorImpl.java:77)
	at java.base/jdk.internal.reflect.DelegatingMethodAccessorImpl.invoke(DelegatingMethodAccessorImpl.java:43)
	at java.base/java.lang.reflect.Method.invoke(Method.java:568)
	at org.springframework.boot.devtools.restart.RestartLauncher.run(RestartLauncher.java:52)
Caused by: java.sql.SQLException: Referencing column 'authority_no' and referenced column 'no' in foreign key constraint 'FK5yi94mub7yelh1efo6dm5k9f1' are incompatible.
	at com.mysql.cj.jdbc.exceptions.SQLError.createSQLException(SQLError.java:121)
	at com.mysql.cj.jdbc.exceptions.SQLExceptionsMapping.translateException(SQLExceptionsMapping.java:114)
	at com.mysql.cj.jdbc.StatementImpl.executeInternal(StatementImpl.java:839)
	at com.mysql.cj.jdbc.StatementImpl.execute(StatementImpl.java:687)
	at com.zaxxer.hikari.pool.ProxyStatement.execute(ProxyStatement.java:95)
	at com.zaxxer.hikari.pool.HikariProxyStatement.execute(HikariProxyStatement.java)
	at org.hibernate.tool.schema.internal.exec.GenerationTargetToDatabase.accept(GenerationTargetToDatabase.java:86)
	... 42 more
2026-09-21 11:11:31 INFO  [orm.jpa.LocalContainerEntityManagerFactoryBean] - Initialized JPA EntityManagerFactory for persistence unit 'default'
2026-09-21 11:11:31 INFO  [repository.query.QueryEnhancerFactories] - Hibernate is in classpath; If applicable, HQL parser will be used.
2026-09-21 11:11:31 WARN  [jpa.autoconfigure.JpaBaseConfiguration$JpaWebConfiguration] - spring.jpa.open-in-view is enabled by default. Therefore, database queries may be performed during view rendering. Explicitly configure spring.jpa.open-in-view to disable this warning
2026-09-21 11:11:31 INFO  [authentication.configuration.InitializeUserDetailsBeanManagerConfigurer$InitializeUserDetailsManagerConfigurer] - Global AuthenticationManager configured with UserDetailsService bean with name memberDetailsService
2026-09-21 11:11:32 INFO  [coyote.http11.Http11NioProtocol] - Starting ProtocolHandler ["http-nio-8091"]
2026-09-21 11:11:32 INFO  [boot.tomcat.TomcatWebServer] - Tomcat started on port 8091 (http) with context path '/'
2026-09-21 11:11:52 INFO  [devtools.autoconfigure.LocalDevToolsAutoConfiguration$RestartingClassPathChangeChangedEventListener] - Restarting due to 27 class path changes (1 addition, 0 deletions, 26 modifications)
2026-09-21 11:11:52 INFO  [boot.tomcat.GracefulShutdown] - Commencing graceful shutdown. Waiting for active requests to complete
2026-09-21 11:11:52 INFO  [coyote.http11.Http11NioProtocol] - Pausing ProtocolHandler ["http-nio-8091"]
2026-09-21 11:11:53 INFO  [boot.tomcat.GracefulShutdown] - Graceful shutdown complete
2026-09-21 11:11:53 INFO  [coyote.http11.Http11NioProtocol] - Stopping ProtocolHandler ["http-nio-8091"]
2026-09-21 11:11:53 INFO  [orm.jpa.LocalContainerEntityManagerFactoryBean] - Closing JPA EntityManagerFactory for persistence unit 'default'
2026-09-21 11:11:53 INFO  [zaxxer.hikari.HikariDataSource] - HikariPool-1 - Shutdown initiated...
2026-09-21 11:11:53 INFO  [zaxxer.hikari.HikariDataSource] - HikariPool-1 - Shutdown completed.
2026-09-21 11:11:53 INFO  [repository.config.RepositoryConfigurationDelegate] - Bootstrapping Spring Data JPA repositories in DEFAULT mode.
2026-09-21 11:11:53 INFO  [repository.config.RepositoryConfigurationDelegate] - Finished Spring Data repository scanning in 14 ms. Found 3 JPA repository interfaces.
2026-09-21 11:11:53 INFO  [boot.tomcat.TomcatWebServer] - Tomcat initialized with port 8091 (http)
2026-09-21 11:11:53 INFO  [coyote.http11.Http11NioProtocol] - Initializing ProtocolHandler ["http-nio-8091"]
2026-09-21 11:11:53 INFO  [catalina.core.StandardService] - Starting service [Tomcat]
2026-09-21 11:11:53 INFO  [catalina.core.StandardEngine] - Starting Servlet engine: [Apache Tomcat/11.0.24]
2026-09-21 11:11:53 INFO  [context.servlet.WebApplicationContextInitializer] - Root WebApplicationContext: initialization completed in 390 ms
2026-09-21 11:11:53 INFO  [hibernate.orm.jpa] - HHH008540: Processing PersistenceUnitInfo [name: default]
2026-09-21 11:11:53 INFO  [jpa.persistenceunit.SpringPersistenceUnitInfo] - No LoadTimeWeaver setup: ignoring JPA class transformer
2026-09-21 11:11:53 INFO  [zaxxer.hikari.HikariDataSource] - HikariPool-2 - Starting...
2026-09-21 11:11:53 INFO  [hikari.pool.HikariPool] - HikariPool-2 - Added connection com.mysql.cj.jdbc.ConnectionImpl@5f28bd7d
2026-09-21 11:11:53 INFO  [zaxxer.hikari.HikariDataSource] - HikariPool-2 - Start completed.
2026-09-21 11:11:53 WARN  [hibernate.orm.deprecation] - HHH90000025: MySQLDialect does not need to be specified explicitly using 'hibernate.dialect' (remove the property setting and it will be selected by default)
2026-09-21 11:11:53 INFO  [orm.connections.pooling] - HHH10001005: Database info:
	Database JDBC URL [jdbc:mysql://localhost:3306/DB_CALENDAR]
	Database driver: MySQL Connector/J
	Database dialect: MySQLDialect
	Database version: 8.0.46
	Default catalog/schema: DB_CALENDAR/undefined
	Autocommit mode: undefined/unknown
	Isolation level: REPEATABLE_READ [default REPEATABLE_READ]
	JDBC fetch size: none
	Pool: DataSourceConnectionProvider
	Minimum pool size: undefined/unknown
	Maximum pool size: undefined/unknown
2026-09-21 11:11:53 INFO  [hibernate.orm.core] - HHH000489: No JTA platform available (set 'hibernate.transaction.jta.platform' to enable JTA platform integration)
2026-09-21 11:11:53 WARN  [schema.internal.ExceptionHandlerLoggedImpl] - GenerationTarget encountered exception accepting command : Error executing DDL "
    alter table user_member 
       add constraint FK5yi94mub7yelh1efo6dm5k9f1 
       foreign key (authority_no) 
       references user_authority (no)" via JDBC [Referencing column 'authority_no' and referenced column 'no' in foreign key constraint 'FK5yi94mub7yelh1efo6dm5k9f1' are incompatible.]
org.hibernate.tool.schema.spi.CommandAcceptanceException: Error executing DDL "
    alter table user_member 
       add constraint FK5yi94mub7yelh1efo6dm5k9f1 
       foreign key (authority_no) 
       references user_authority (no)" via JDBC [Referencing column 'authority_no' and referenced column 'no' in foreign key constraint 'FK5yi94mub7yelh1efo6dm5k9f1' are incompatible.]
	at org.hibernate.tool.schema.internal.exec.GenerationTargetToDatabase.accept(GenerationTargetToDatabase.java:91)
	at org.hibernate.tool.schema.internal.AbstractSchemaMigrator.applySqlString(AbstractSchemaMigrator.java:566)
	at org.hibernate.tool.schema.internal.AbstractSchemaMigrator.applySqlStrings(AbstractSchemaMigrator.java:506)
	at org.hibernate.tool.schema.internal.AbstractSchemaMigrator.applyForeignKeys(AbstractSchemaMigrator.java:438)
	at org.hibernate.tool.schema.internal.AbstractSchemaMigrator.performMigration(AbstractSchemaMigrator.java:256)
	at org.hibernate.tool.schema.internal.AbstractSchemaMigrator.doMigration(AbstractSchemaMigrator.java:96)
	at org.hibernate.tool.schema.spi.SchemaManagementToolCoordinator.performDatabaseAction(SchemaManagementToolCoordinator.java:269)
	at org.hibernate.tool.schema.spi.SchemaManagementToolCoordinator.lambda$process$1(SchemaManagementToolCoordinator.java:101)
	at java.base/java.util.HashMap.forEach(HashMap.java:1421)
	at org.hibernate.tool.schema.spi.SchemaManagementToolCoordinator.process(SchemaManagementToolCoordinator.java:100)
	at org.hibernate.boot.internal.SessionFactoryObserverForSchemaExport.sessionFactoryCreated(SessionFactoryObserverForSchemaExport.java:35)
	at org.hibernate.internal.SessionFactoryObserverChain.sessionFactoryCreated(SessionFactoryObserverChain.java:33)
	at org.hibernate.internal.SessionFactoryImpl.<init>(SessionFactoryImpl.java:327)
	at org.hibernate.internal.SessionFactoryRegistry.instantiateSessionFactory(SessionFactoryRegistry.java:64)
	at org.hibernate.boot.internal.SessionFactoryBuilderImpl.build(SessionFactoryBuilderImpl.java:458)
	at org.hibernate.jpa.boot.internal.EntityManagerFactoryBuilderImpl.build(EntityManagerFactoryBuilderImpl.java:1452)
	at org.springframework.orm.jpa.vendor.SpringHibernateJpaPersistenceProvider.createContainerEntityManagerFactory(SpringHibernateJpaPersistenceProvider.java:93)
	at org.springframework.orm.jpa.LocalContainerEntityManagerFactoryBean.createNativeEntityManagerFactory(LocalContainerEntityManagerFactoryBean.java:443)
	at org.springframework.orm.jpa.AbstractEntityManagerFactoryBean.buildNativeEntityManagerFactory(AbstractEntityManagerFactoryBean.java:436)
	at org.springframework.orm.jpa.AbstractEntityManagerFactoryBean.afterPropertiesSet(AbstractEntityManagerFactoryBean.java:411)
	at org.springframework.orm.jpa.LocalContainerEntityManagerFactoryBean.afterPropertiesSet(LocalContainerEntityManagerFactoryBean.java:419)
	at org.springframework.beans.factory.support.AbstractAutowireCapableBeanFactory.invokeInitMethods(AbstractAutowireCapableBeanFactory.java:1862)
	at org.springframework.beans.factory.support.AbstractAutowireCapableBeanFactory.initializeBean(AbstractAutowireCapableBeanFactory.java:1811)
	at org.springframework.beans.factory.support.AbstractAutowireCapableBeanFactory.doCreateBean(AbstractAutowireCapableBeanFactory.java:603)
	at org.springframework.beans.factory.support.AbstractAutowireCapableBeanFactory.createBean(AbstractAutowireCapableBeanFactory.java:525)
	at org.springframework.beans.factory.support.AbstractBeanFactory.lambda$doGetBean$0(AbstractBeanFactory.java:333)
	at org.springframework.beans.factory.support.DefaultSingletonBeanRegistry.getSingleton(DefaultSingletonBeanRegistry.java:371)
	at org.springframework.beans.factory.support.AbstractBeanFactory.doGetBean(AbstractBeanFactory.java:331)
	at org.springframework.beans.factory.support.AbstractBeanFactory.getBean(AbstractBeanFactory.java:201)
	at org.springframework.context.support.AbstractApplicationContext.finishBeanFactoryInitialization(AbstractApplicationContext.java:977)
	at org.springframework.context.support.AbstractApplicationContext.refresh(AbstractApplicationContext.java:621)
	at org.springframework.boot.web.server.servlet.context.ServletWebServerApplicationContext.refresh(ServletWebServerApplicationContext.java:143)
	at org.springframework.boot.SpringApplication.refresh(SpringApplication.java:756)
	at org.springframework.boot.SpringApplication.refreshContext(SpringApplication.java:445)
	at org.springframework.boot.SpringApplication.run(SpringApplication.java:321)
	at org.springframework.boot.SpringApplication.run(SpringApplication.java:1365)
	at org.springframework.boot.SpringApplication.run(SpringApplication.java:1354)
	at com.office.calendaradmin.CalendarAdminApplication.main(CalendarAdminApplication.java:11)
	at java.base/jdk.internal.reflect.NativeMethodAccessorImpl.invoke0(Native Method)
	at java.base/jdk.internal.reflect.NativeMethodAccessorImpl.invoke(NativeMethodAccessorImpl.java:77)
	at java.base/jdk.internal.reflect.DelegatingMethodAccessorImpl.invoke(DelegatingMethodAccessorImpl.java:43)
	at java.base/java.lang.reflect.Method.invoke(Method.java:568)
	at org.springframework.boot.devtools.restart.RestartLauncher.run(RestartLauncher.java:52)
Caused by: java.sql.SQLException: Referencing column 'authority_no' and referenced column 'no' in foreign key constraint 'FK5yi94mub7yelh1efo6dm5k9f1' are incompatible.
	at com.mysql.cj.jdbc.exceptions.SQLError.createSQLException(SQLError.java:121)
	at com.mysql.cj.jdbc.exceptions.SQLExceptionsMapping.translateException(SQLExceptionsMapping.java:114)
	at com.mysql.cj.jdbc.StatementImpl.executeInternal(StatementImpl.java:839)
	at com.mysql.cj.jdbc.StatementImpl.execute(StatementImpl.java:687)
	at com.zaxxer.hikari.pool.ProxyStatement.execute(ProxyStatement.java:95)
	at com.zaxxer.hikari.pool.HikariProxyStatement.execute(HikariProxyStatement.java)
	at org.hibernate.tool.schema.internal.exec.GenerationTargetToDatabase.accept(GenerationTargetToDatabase.java:86)
	... 42 more
2026-09-21 11:11:53 INFO  [orm.jpa.LocalContainerEntityManagerFactoryBean] - Initialized JPA EntityManagerFactory for persistence unit 'default'
2026-09-21 11:11:53 WARN  [jpa.autoconfigure.JpaBaseConfiguration$JpaWebConfiguration] - spring.jpa.open-in-view is enabled by default. Therefore, database queries may be performed during view rendering. Explicitly configure spring.jpa.open-in-view to disable this warning
2026-09-21 11:11:53 INFO  [authentication.configuration.InitializeUserDetailsBeanManagerConfigurer$InitializeUserDetailsManagerConfigurer] - Global AuthenticationManager configured with UserDetailsService bean with name memberDetailsService
2026-09-21 11:11:54 INFO  [coyote.http11.Http11NioProtocol] - Starting ProtocolHandler ["http-nio-8091"]
2026-09-21 11:11:54 INFO  [boot.tomcat.TomcatWebServer] - Tomcat started on port 8091 (http) with context path '/'
2026-09-21 11:11:54 INFO  [devtools.autoconfigure.ConditionEvaluationDeltaLoggingListener] - Condition evaluation unchanged
2026-09-21 11:12:04 INFO  [[Tomcat].[localhost].[/]] - Initializing Spring DispatcherServlet 'dispatcherServlet'
2026-09-21 11:12:04 INFO  [web.servlet.DispatcherServlet] - Initializing Servlet 'dispatcherServlet'
2026-09-21 11:12:04 INFO  [web.servlet.DispatcherServlet] - Completed initialization in 1 ms
2026-09-21 11:12:05 INFO  [devtools.autoconfigure.LocalDevToolsAutoConfiguration$RestartingClassPathChangeChangedEventListener] - Restarting due to 27 class path changes (0 additions, 0 deletions, 27 modifications)
2026-09-21 11:12:05 INFO  [boot.tomcat.GracefulShutdown] - Commencing graceful shutdown. Waiting for active requests to complete
2026-09-21 11:12:05 INFO  [coyote.http11.Http11NioProtocol] - Pausing ProtocolHandler ["http-nio-8091"]
2026-09-21 11:12:05 INFO  [boot.tomcat.GracefulShutdown] - Graceful shutdown complete
2026-09-21 11:12:05 INFO  [coyote.http11.Http11NioProtocol] - Stopping ProtocolHandler ["http-nio-8091"]
2026-09-21 11:12:05 INFO  [orm.jpa.LocalContainerEntityManagerFactoryBean] - Closing JPA EntityManagerFactory for persistence unit 'default'
2026-09-21 11:12:05 INFO  [zaxxer.hikari.HikariDataSource] - HikariPool-2 - Shutdown initiated...
2026-09-21 11:12:05 INFO  [zaxxer.hikari.HikariDataSource] - HikariPool-2 - Shutdown completed.
2026-09-21 11:12:05 INFO  [repository.config.RepositoryConfigurationDelegate] - Bootstrapping Spring Data JPA repositories in DEFAULT mode.
2026-09-21 11:12:05 INFO  [repository.config.RepositoryConfigurationDelegate] - Finished Spring Data repository scanning in 12 ms. Found 3 JPA repository interfaces.
2026-09-21 11:12:05 INFO  [boot.tomcat.TomcatWebServer] - Tomcat initialized with port 8091 (http)
2026-09-21 11:12:05 INFO  [coyote.http11.Http11NioProtocol] - Initializing ProtocolHandler ["http-nio-8091"]
2026-09-21 11:12:05 INFO  [catalina.core.StandardService] - Starting service [Tomcat]
2026-09-21 11:12:05 INFO  [catalina.core.StandardEngine] - Starting Servlet engine: [Apache Tomcat/11.0.24]
2026-09-21 11:12:05 INFO  [context.servlet.WebApplicationContextInitializer] - Root WebApplicationContext: initialization completed in 395 ms
2026-09-21 11:12:05 INFO  [hibernate.orm.jpa] - HHH008540: Processing PersistenceUnitInfo [name: default]
2026-09-21 11:12:05 INFO  [jpa.persistenceunit.SpringPersistenceUnitInfo] - No LoadTimeWeaver setup: ignoring JPA class transformer
2026-09-21 11:12:05 INFO  [zaxxer.hikari.HikariDataSource] - HikariPool-3 - Starting...
2026-09-21 11:12:05 INFO  [hikari.pool.HikariPool] - HikariPool-3 - Added connection com.mysql.cj.jdbc.ConnectionImpl@7bc61cda
2026-09-21 11:12:05 INFO  [zaxxer.hikari.HikariDataSource] - HikariPool-3 - Start completed.
2026-09-21 11:12:05 WARN  [hibernate.orm.deprecation] - HHH90000025: MySQLDialect does not need to be specified explicitly using 'hibernate.dialect' (remove the property setting and it will be selected by default)
2026-09-21 11:12:05 INFO  [orm.connections.pooling] - HHH10001005: Database info:
	Database JDBC URL [jdbc:mysql://localhost:3306/DB_CALENDAR]
	Database driver: MySQL Connector/J
	Database dialect: MySQLDialect
	Database version: 8.0.46
	Default catalog/schema: DB_CALENDAR/undefined
	Autocommit mode: undefined/unknown
	Isolation level: REPEATABLE_READ [default REPEATABLE_READ]
	JDBC fetch size: none
	Pool: DataSourceConnectionProvider
	Minimum pool size: undefined/unknown
	Maximum pool size: undefined/unknown
2026-09-21 11:12:05 INFO  [hibernate.orm.core] - HHH000489: No JTA platform available (set 'hibernate.transaction.jta.platform' to enable JTA platform integration)
2026-09-21 11:12:06 WARN  [schema.internal.ExceptionHandlerLoggedImpl] - GenerationTarget encountered exception accepting command : Error executing DDL "
    alter table user_member 
       add constraint FK5yi94mub7yelh1efo6dm5k9f1 
       foreign key (authority_no) 
       references user_authority (no)" via JDBC [Referencing column 'authority_no' and referenced column 'no' in foreign key constraint 'FK5yi94mub7yelh1efo6dm5k9f1' are incompatible.]
org.hibernate.tool.schema.spi.CommandAcceptanceException: Error executing DDL "
    alter table user_member 
       add constraint FK5yi94mub7yelh1efo6dm5k9f1 
       foreign key (authority_no) 
       references user_authority (no)" via JDBC [Referencing column 'authority_no' and referenced column 'no' in foreign key constraint 'FK5yi94mub7yelh1efo6dm5k9f1' are incompatible.]
	at org.hibernate.tool.schema.internal.exec.GenerationTargetToDatabase.accept(GenerationTargetToDatabase.java:91)
	at org.hibernate.tool.schema.internal.AbstractSchemaMigrator.applySqlString(AbstractSchemaMigrator.java:566)
	at org.hibernate.tool.schema.internal.AbstractSchemaMigrator.applySqlStrings(AbstractSchemaMigrator.java:506)
	at org.hibernate.tool.schema.internal.AbstractSchemaMigrator.applyForeignKeys(AbstractSchemaMigrator.java:438)
	at org.hibernate.tool.schema.internal.AbstractSchemaMigrator.performMigration(AbstractSchemaMigrator.java:256)
	at org.hibernate.tool.schema.internal.AbstractSchemaMigrator.doMigration(AbstractSchemaMigrator.java:96)
	at org.hibernate.tool.schema.spi.SchemaManagementToolCoordinator.performDatabaseAction(SchemaManagementToolCoordinator.java:269)
	at org.hibernate.tool.schema.spi.SchemaManagementToolCoordinator.lambda$process$1(SchemaManagementToolCoordinator.java:101)
	at java.base/java.util.HashMap.forEach(HashMap.java:1421)
	at org.hibernate.tool.schema.spi.SchemaManagementToolCoordinator.process(SchemaManagementToolCoordinator.java:100)
	at org.hibernate.boot.internal.SessionFactoryObserverForSchemaExport.sessionFactoryCreated(SessionFactoryObserverForSchemaExport.java:35)
	at org.hibernate.internal.SessionFactoryObserverChain.sessionFactoryCreated(SessionFactoryObserverChain.java:33)
	at org.hibernate.internal.SessionFactoryImpl.<init>(SessionFactoryImpl.java:327)
	at org.hibernate.internal.SessionFactoryRegistry.instantiateSessionFactory(SessionFactoryRegistry.java:64)
	at org.hibernate.boot.internal.SessionFactoryBuilderImpl.build(SessionFactoryBuilderImpl.java:458)
	at org.hibernate.jpa.boot.internal.EntityManagerFactoryBuilderImpl.build(EntityManagerFactoryBuilderImpl.java:1452)
	at org.springframework.orm.jpa.vendor.SpringHibernateJpaPersistenceProvider.createContainerEntityManagerFactory(SpringHibernateJpaPersistenceProvider.java:93)
	at org.springframework.orm.jpa.LocalContainerEntityManagerFactoryBean.createNativeEntityManagerFactory(LocalContainerEntityManagerFactoryBean.java:443)
	at org.springframework.orm.jpa.AbstractEntityManagerFactoryBean.buildNativeEntityManagerFactory(AbstractEntityManagerFactoryBean.java:436)
	at org.springframework.orm.jpa.AbstractEntityManagerFactoryBean.afterPropertiesSet(AbstractEntityManagerFactoryBean.java:411)
	at org.springframework.orm.jpa.LocalContainerEntityManagerFactoryBean.afterPropertiesSet(LocalContainerEntityManagerFactoryBean.java:419)
	at org.springframework.beans.factory.support.AbstractAutowireCapableBeanFactory.invokeInitMethods(AbstractAutowireCapableBeanFactory.java:1862)
	at org.springframework.beans.factory.support.AbstractAutowireCapableBeanFactory.initializeBean(AbstractAutowireCapableBeanFactory.java:1811)
	at org.springframework.beans.factory.support.AbstractAutowireCapableBeanFactory.doCreateBean(AbstractAutowireCapableBeanFactory.java:603)
	at org.springframework.beans.factory.support.AbstractAutowireCapableBeanFactory.createBean(AbstractAutowireCapableBeanFactory.java:525)
	at org.springframework.beans.factory.support.AbstractBeanFactory.lambda$doGetBean$0(AbstractBeanFactory.java:333)
	at org.springframework.beans.factory.support.DefaultSingletonBeanRegistry.getSingleton(DefaultSingletonBeanRegistry.java:371)
	at org.springframework.beans.factory.support.AbstractBeanFactory.doGetBean(AbstractBeanFactory.java:331)
	at org.springframework.beans.factory.support.AbstractBeanFactory.getBean(AbstractBeanFactory.java:201)
	at org.springframework.context.support.AbstractApplicationContext.finishBeanFactoryInitialization(AbstractApplicationContext.java:977)
	at org.springframework.context.support.AbstractApplicationContext.refresh(AbstractApplicationContext.java:621)
	at org.springframework.boot.web.server.servlet.context.ServletWebServerApplicationContext.refresh(ServletWebServerApplicationContext.java:143)
	at org.springframework.boot.SpringApplication.refresh(SpringApplication.java:756)
	at org.springframework.boot.SpringApplication.refreshContext(SpringApplication.java:445)
	at org.springframework.boot.SpringApplication.run(SpringApplication.java:321)
	at org.springframework.boot.SpringApplication.run(SpringApplication.java:1365)
	at org.springframework.boot.SpringApplication.run(SpringApplication.java:1354)
	at com.office.calendaradmin.CalendarAdminApplication.main(CalendarAdminApplication.java:11)
	at java.base/jdk.internal.reflect.NativeMethodAccessorImpl.invoke0(Native Method)
	at java.base/jdk.internal.reflect.NativeMethodAccessorImpl.invoke(NativeMethodAccessorImpl.java:77)
	at java.base/jdk.internal.reflect.DelegatingMethodAccessorImpl.invoke(DelegatingMethodAccessorImpl.java:43)
	at java.base/java.lang.reflect.Method.invoke(Method.java:568)
	at org.springframework.boot.devtools.restart.RestartLauncher.run(RestartLauncher.java:52)
Caused by: java.sql.SQLException: Referencing column 'authority_no' and referenced column 'no' in foreign key constraint 'FK5yi94mub7yelh1efo6dm5k9f1' are incompatible.
	at com.mysql.cj.jdbc.exceptions.SQLError.createSQLException(SQLError.java:121)
	at com.mysql.cj.jdbc.exceptions.SQLExceptionsMapping.translateException(SQLExceptionsMapping.java:114)
	at com.mysql.cj.jdbc.StatementImpl.executeInternal(StatementImpl.java:839)
	at com.mysql.cj.jdbc.StatementImpl.execute(StatementImpl.java:687)
	at com.zaxxer.hikari.pool.ProxyStatement.execute(ProxyStatement.java:95)
	at com.zaxxer.hikari.pool.HikariProxyStatement.execute(HikariProxyStatement.java)
	at org.hibernate.tool.schema.internal.exec.GenerationTargetToDatabase.accept(GenerationTargetToDatabase.java:86)
	... 42 more
2026-09-21 11:12:06 INFO  [orm.jpa.LocalContainerEntityManagerFactoryBean] - Initialized JPA EntityManagerFactory for persistence unit 'default'
2026-09-21 11:12:06 WARN  [jpa.autoconfigure.JpaBaseConfiguration$JpaWebConfiguration] - spring.jpa.open-in-view is enabled by default. Therefore, database queries may be performed during view rendering. Explicitly configure spring.jpa.open-in-view to disable this warning
2026-09-21 11:12:06 INFO  [authentication.configuration.InitializeUserDetailsBeanManagerConfigurer$InitializeUserDetailsManagerConfigurer] - Global AuthenticationManager configured with UserDetailsService bean with name memberDetailsService
2026-09-21 11:12:06 INFO  [coyote.http11.Http11NioProtocol] - Starting ProtocolHandler ["http-nio-8091"]
2026-09-21 11:12:06 INFO  [boot.tomcat.TomcatWebServer] - Tomcat started on port 8091 (http) with context path '/'
2026-09-21 11:12:06 INFO  [devtools.autoconfigure.ConditionEvaluationDeltaLoggingListener] - Condition evaluation unchanged
2026-09-21 11:12:07 INFO  [[Tomcat].[localhost].[/]] - Initializing Spring DispatcherServlet 'dispatcherServlet'
2026-09-21 11:12:07 INFO  [web.servlet.DispatcherServlet] - Initializing Servlet 'dispatcherServlet'
2026-09-21 11:12:07 INFO  [web.servlet.DispatcherServlet] - Completed initialization in 2 ms
2026-09-21 11:13:21 INFO  [devtools.autoconfigure.LocalDevToolsAutoConfiguration$RestartingClassPathChangeChangedEventListener] - Restarting due to 27 class path changes (0 additions, 0 deletions, 27 modifications)
2026-09-21 11:13:21 INFO  [boot.tomcat.GracefulShutdown] - Commencing graceful shutdown. Waiting for active requests to complete
2026-09-21 11:13:21 INFO  [coyote.http11.Http11NioProtocol] - Pausing ProtocolHandler ["http-nio-8091"]
2026-09-21 11:13:22 INFO  [boot.tomcat.GracefulShutdown] - Graceful shutdown complete
2026-09-21 11:13:22 INFO  [coyote.http11.Http11NioProtocol] - Stopping ProtocolHandler ["http-nio-8091"]
2026-09-21 11:13:22 INFO  [orm.jpa.LocalContainerEntityManagerFactoryBean] - Closing JPA EntityManagerFactory for persistence unit 'default'
2026-09-21 11:13:22 INFO  [zaxxer.hikari.HikariDataSource] - HikariPool-3 - Shutdown initiated...
2026-09-21 11:13:22 INFO  [zaxxer.hikari.HikariDataSource] - HikariPool-3 - Shutdown completed.
2026-09-21 11:13:22 INFO  [repository.config.RepositoryConfigurationDelegate] - Bootstrapping Spring Data JPA repositories in DEFAULT mode.
2026-09-21 11:13:22 INFO  [repository.config.RepositoryConfigurationDelegate] - Finished Spring Data repository scanning in 13 ms. Found 3 JPA repository interfaces.
2026-09-21 11:13:22 INFO  [boot.tomcat.TomcatWebServer] - Tomcat initialized with port 8091 (http)
2026-09-21 11:13:22 INFO  [coyote.http11.Http11NioProtocol] - Initializing ProtocolHandler ["http-nio-8091"]
2026-09-21 11:13:22 INFO  [catalina.core.StandardService] - Starting service [Tomcat]
2026-09-21 11:13:22 INFO  [catalina.core.StandardEngine] - Starting Servlet engine: [Apache Tomcat/11.0.24]
2026-09-21 11:13:22 INFO  [context.servlet.WebApplicationContextInitializer] - Root WebApplicationContext: initialization completed in 368 ms
2026-09-21 11:13:22 INFO  [hibernate.orm.jpa] - HHH008540: Processing PersistenceUnitInfo [name: default]
2026-09-21 11:13:22 INFO  [jpa.persistenceunit.SpringPersistenceUnitInfo] - No LoadTimeWeaver setup: ignoring JPA class transformer
2026-09-21 11:13:22 INFO  [zaxxer.hikari.HikariDataSource] - HikariPool-4 - Starting...
2026-09-21 11:13:22 INFO  [hikari.pool.HikariPool] - HikariPool-4 - Added connection com.mysql.cj.jdbc.ConnectionImpl@44069734
2026-09-21 11:13:22 INFO  [zaxxer.hikari.HikariDataSource] - HikariPool-4 - Start completed.
2026-09-21 11:13:22 WARN  [hibernate.orm.deprecation] - HHH90000025: MySQLDialect does not need to be specified explicitly using 'hibernate.dialect' (remove the property setting and it will be selected by default)
2026-09-21 11:13:22 INFO  [orm.connections.pooling] - HHH10001005: Database info:
	Database JDBC URL [jdbc:mysql://localhost:3306/DB_CALENDAR]
	Database driver: MySQL Connector/J
	Database dialect: MySQLDialect
	Database version: 8.0.46
	Default catalog/schema: DB_CALENDAR/undefined
	Autocommit mode: undefined/unknown
	Isolation level: REPEATABLE_READ [default REPEATABLE_READ]
	JDBC fetch size: none
	Pool: DataSourceConnectionProvider
	Minimum pool size: undefined/unknown
	Maximum pool size: undefined/unknown
2026-09-21 11:13:22 INFO  [hibernate.orm.core] - HHH000489: No JTA platform available (set 'hibernate.transaction.jta.platform' to enable JTA platform integration)
2026-09-21 11:13:22 WARN  [schema.internal.ExceptionHandlerLoggedImpl] - GenerationTarget encountered exception accepting command : Error executing DDL "
    alter table user_member 
       add constraint FK5yi94mub7yelh1efo6dm5k9f1 
       foreign key (authority_no) 
       references user_authority (no)" via JDBC [Referencing column 'authority_no' and referenced column 'no' in foreign key constraint 'FK5yi94mub7yelh1efo6dm5k9f1' are incompatible.]
org.hibernate.tool.schema.spi.CommandAcceptanceException: Error executing DDL "
    alter table user_member 
       add constraint FK5yi94mub7yelh1efo6dm5k9f1 
       foreign key (authority_no) 
       references user_authority (no)" via JDBC [Referencing column 'authority_no' and referenced column 'no' in foreign key constraint 'FK5yi94mub7yelh1efo6dm5k9f1' are incompatible.]
	at org.hibernate.tool.schema.internal.exec.GenerationTargetToDatabase.accept(GenerationTargetToDatabase.java:91)
	at org.hibernate.tool.schema.internal.AbstractSchemaMigrator.applySqlString(AbstractSchemaMigrator.java:566)
	at org.hibernate.tool.schema.internal.AbstractSchemaMigrator.applySqlStrings(AbstractSchemaMigrator.java:506)
	at org.hibernate.tool.schema.internal.AbstractSchemaMigrator.applyForeignKeys(AbstractSchemaMigrator.java:438)
	at org.hibernate.tool.schema.internal.AbstractSchemaMigrator.performMigration(AbstractSchemaMigrator.java:256)
	at org.hibernate.tool.schema.internal.AbstractSchemaMigrator.doMigration(AbstractSchemaMigrator.java:96)
	at org.hibernate.tool.schema.spi.SchemaManagementToolCoordinator.performDatabaseAction(SchemaManagementToolCoordinator.java:269)
	at org.hibernate.tool.schema.spi.SchemaManagementToolCoordinator.lambda$process$1(SchemaManagementToolCoordinator.java:101)
	at java.base/java.util.HashMap.forEach(HashMap.java:1421)
	at org.hibernate.tool.schema.spi.SchemaManagementToolCoordinator.process(SchemaManagementToolCoordinator.java:100)
	at org.hibernate.boot.internal.SessionFactoryObserverForSchemaExport.sessionFactoryCreated(SessionFactoryObserverForSchemaExport.java:35)
	at org.hibernate.internal.SessionFactoryObserverChain.sessionFactoryCreated(SessionFactoryObserverChain.java:33)
	at org.hibernate.internal.SessionFactoryImpl.<init>(SessionFactoryImpl.java:327)
	at org.hibernate.internal.SessionFactoryRegistry.instantiateSessionFactory(SessionFactoryRegistry.java:64)
	at org.hibernate.boot.internal.SessionFactoryBuilderImpl.build(SessionFactoryBuilderImpl.java:458)
	at org.hibernate.jpa.boot.internal.EntityManagerFactoryBuilderImpl.build(EntityManagerFactoryBuilderImpl.java:1452)
	at org.springframework.orm.jpa.vendor.SpringHibernateJpaPersistenceProvider.createContainerEntityManagerFactory(SpringHibernateJpaPersistenceProvider.java:93)
	at org.springframework.orm.jpa.LocalContainerEntityManagerFactoryBean.createNativeEntityManagerFactory(LocalContainerEntityManagerFactoryBean.java:443)
	at org.springframework.orm.jpa.AbstractEntityManagerFactoryBean.buildNativeEntityManagerFactory(AbstractEntityManagerFactoryBean.java:436)
	at org.springframework.orm.jpa.AbstractEntityManagerFactoryBean.afterPropertiesSet(AbstractEntityManagerFactoryBean.java:411)
	at org.springframework.orm.jpa.LocalContainerEntityManagerFactoryBean.afterPropertiesSet(LocalContainerEntityManagerFactoryBean.java:419)
	at org.springframework.beans.factory.support.AbstractAutowireCapableBeanFactory.invokeInitMethods(AbstractAutowireCapableBeanFactory.java:1862)
	at org.springframework.beans.factory.support.AbstractAutowireCapableBeanFactory.initializeBean(AbstractAutowireCapableBeanFactory.java:1811)
	at org.springframework.beans.factory.support.AbstractAutowireCapableBeanFactory.doCreateBean(AbstractAutowireCapableBeanFactory.java:603)
	at org.springframework.beans.factory.support.AbstractAutowireCapableBeanFactory.createBean(AbstractAutowireCapableBeanFactory.java:525)
	at org.springframework.beans.factory.support.AbstractBeanFactory.lambda$doGetBean$0(AbstractBeanFactory.java:333)
	at org.springframework.beans.factory.support.DefaultSingletonBeanRegistry.getSingleton(DefaultSingletonBeanRegistry.java:371)
	at org.springframework.beans.factory.support.AbstractBeanFactory.doGetBean(AbstractBeanFactory.java:331)
	at org.springframework.beans.factory.support.AbstractBeanFactory.getBean(AbstractBeanFactory.java:201)
	at org.springframework.context.support.AbstractApplicationContext.finishBeanFactoryInitialization(AbstractApplicationContext.java:977)
	at org.springframework.context.support.AbstractApplicationContext.refresh(AbstractApplicationContext.java:621)
	at org.springframework.boot.web.server.servlet.context.ServletWebServerApplicationContext.refresh(ServletWebServerApplicationContext.java:143)
	at org.springframework.boot.SpringApplication.refresh(SpringApplication.java:756)
	at org.springframework.boot.SpringApplication.refreshContext(SpringApplication.java:445)
	at org.springframework.boot.SpringApplication.run(SpringApplication.java:321)
	at org.springframework.boot.SpringApplication.run(SpringApplication.java:1365)
	at org.springframework.boot.SpringApplication.run(SpringApplication.java:1354)
	at com.office.calendaradmin.CalendarAdminApplication.main(CalendarAdminApplication.java:11)
	at java.base/jdk.internal.reflect.NativeMethodAccessorImpl.invoke0(Native Method)
	at java.base/jdk.internal.reflect.NativeMethodAccessorImpl.invoke(NativeMethodAccessorImpl.java:77)
	at java.base/jdk.internal.reflect.DelegatingMethodAccessorImpl.invoke(DelegatingMethodAccessorImpl.java:43)
	at java.base/java.lang.reflect.Method.invoke(Method.java:568)
	at org.springframework.boot.devtools.restart.RestartLauncher.run(RestartLauncher.java:52)
Caused by: java.sql.SQLException: Referencing column 'authority_no' and referenced column 'no' in foreign key constraint 'FK5yi94mub7yelh1efo6dm5k9f1' are incompatible.
	at com.mysql.cj.jdbc.exceptions.SQLError.createSQLException(SQLError.java:121)
	at com.mysql.cj.jdbc.exceptions.SQLExceptionsMapping.translateException(SQLExceptionsMapping.java:114)
	at com.mysql.cj.jdbc.StatementImpl.executeInternal(StatementImpl.java:839)
	at com.mysql.cj.jdbc.StatementImpl.execute(StatementImpl.java:687)
	at com.zaxxer.hikari.pool.ProxyStatement.execute(ProxyStatement.java:95)
	at com.zaxxer.hikari.pool.HikariProxyStatement.execute(HikariProxyStatement.java)
	at org.hibernate.tool.schema.internal.exec.GenerationTargetToDatabase.accept(GenerationTargetToDatabase.java:86)
	... 42 more
2026-09-21 11:13:22 INFO  [orm.jpa.LocalContainerEntityManagerFactoryBean] - Initialized JPA EntityManagerFactory for persistence unit 'default'
2026-09-21 11:13:22 WARN  [jpa.autoconfigure.JpaBaseConfiguration$JpaWebConfiguration] - spring.jpa.open-in-view is enabled by default. Therefore, database queries may be performed during view rendering. Explicitly configure spring.jpa.open-in-view to disable this warning
2026-09-21 11:13:22 INFO  [authentication.configuration.InitializeUserDetailsBeanManagerConfigurer$InitializeUserDetailsManagerConfigurer] - Global AuthenticationManager configured with UserDetailsService bean with name memberDetailsService
2026-09-21 11:13:23 INFO  [coyote.http11.Http11NioProtocol] - Starting ProtocolHandler ["http-nio-8091"]
2026-09-21 11:13:23 INFO  [boot.tomcat.TomcatWebServer] - Tomcat started on port 8091 (http) with context path '/'
2026-09-21 11:13:23 INFO  [devtools.autoconfigure.ConditionEvaluationDeltaLoggingListener] - Condition evaluation unchanged
2026-09-21 11:38:38 INFO  [[Tomcat].[localhost].[/]] - Initializing Spring DispatcherServlet 'dispatcherServlet'
2026-09-21 11:38:38 INFO  [web.servlet.DispatcherServlet] - Initializing Servlet 'dispatcherServlet'
2026-09-21 11:38:38 INFO  [web.servlet.DispatcherServlet] - Completed initialization in 3 ms
2026-09-21 11:38:40 INFO  [devtools.autoconfigure.LocalDevToolsAutoConfiguration$RestartingClassPathChangeChangedEventListener] - Restarting due to 30 class path changes (1 addition, 0 deletions, 29 modifications)
2026-09-21 11:38:40 INFO  [boot.tomcat.GracefulShutdown] - Commencing graceful shutdown. Waiting for active requests to complete
2026-09-21 11:38:40 INFO  [coyote.http11.Http11NioProtocol] - Pausing ProtocolHandler ["http-nio-8091"]
2026-09-21 11:38:40 INFO  [boot.tomcat.GracefulShutdown] - Graceful shutdown complete
2026-09-21 11:38:40 INFO  [coyote.http11.Http11NioProtocol] - Stopping ProtocolHandler ["http-nio-8091"]
2026-09-21 11:38:40 INFO  [orm.jpa.LocalContainerEntityManagerFactoryBean] - Closing JPA EntityManagerFactory for persistence unit 'default'
2026-09-21 11:38:40 INFO  [zaxxer.hikari.HikariDataSource] - HikariPool-4 - Shutdown initiated...
2026-09-21 11:38:40 INFO  [zaxxer.hikari.HikariDataSource] - HikariPool-4 - Shutdown completed.
2026-09-21 11:38:41 INFO  [repository.config.RepositoryConfigurationDelegate] - Bootstrapping Spring Data JPA repositories in DEFAULT mode.
2026-09-21 11:38:41 INFO  [repository.config.RepositoryConfigurationDelegate] - Finished Spring Data repository scanning in 12 ms. Found 3 JPA repository interfaces.
2026-09-21 11:38:41 INFO  [boot.tomcat.TomcatWebServer] - Tomcat initialized with port 8091 (http)
2026-09-21 11:38:41 INFO  [coyote.http11.Http11NioProtocol] - Initializing ProtocolHandler ["http-nio-8091"]
2026-09-21 11:38:41 INFO  [catalina.core.StandardService] - Starting service [Tomcat]
2026-09-21 11:38:41 INFO  [catalina.core.StandardEngine] - Starting Servlet engine: [Apache Tomcat/11.0.24]
2026-09-21 11:38:41 INFO  [context.servlet.WebApplicationContextInitializer] - Root WebApplicationContext: initialization completed in 518 ms
2026-09-21 11:38:41 INFO  [hibernate.orm.jpa] - HHH008540: Processing PersistenceUnitInfo [name: default]
2026-09-21 11:38:41 INFO  [jpa.persistenceunit.SpringPersistenceUnitInfo] - No LoadTimeWeaver setup: ignoring JPA class transformer
2026-09-21 11:38:41 INFO  [zaxxer.hikari.HikariDataSource] - HikariPool-5 - Starting...
2026-09-21 11:38:41 INFO  [hikari.pool.HikariPool] - HikariPool-5 - Added connection com.mysql.cj.jdbc.ConnectionImpl@e8d99bf
2026-09-21 11:38:41 INFO  [zaxxer.hikari.HikariDataSource] - HikariPool-5 - Start completed.
2026-09-21 11:38:41 WARN  [hibernate.orm.deprecation] - HHH90000025: MySQLDialect does not need to be specified explicitly using 'hibernate.dialect' (remove the property setting and it will be selected by default)
2026-09-21 11:38:41 INFO  [orm.connections.pooling] - HHH10001005: Database info:
	Database JDBC URL [jdbc:mysql://localhost:3306/DB_CALENDAR]
	Database driver: MySQL Connector/J
	Database dialect: MySQLDialect
	Database version: 8.0.46
	Default catalog/schema: DB_CALENDAR/undefined
	Autocommit mode: undefined/unknown
	Isolation level: REPEATABLE_READ [default REPEATABLE_READ]
	JDBC fetch size: none
	Pool: DataSourceConnectionProvider
	Minimum pool size: undefined/unknown
	Maximum pool size: undefined/unknown
2026-09-21 11:38:41 INFO  [hibernate.orm.core] - HHH000489: No JTA platform available (set 'hibernate.transaction.jta.platform' to enable JTA platform integration)
2026-09-21 11:38:41 WARN  [schema.internal.ExceptionHandlerLoggedImpl] - GenerationTarget encountered exception accepting command : Error executing DDL "
    alter table user_member 
       add constraint FK5yi94mub7yelh1efo6dm5k9f1 
       foreign key (authority_no) 
       references user_authority (no)" via JDBC [Referencing column 'authority_no' and referenced column 'no' in foreign key constraint 'FK5yi94mub7yelh1efo6dm5k9f1' are incompatible.]
org.hibernate.tool.schema.spi.CommandAcceptanceException: Error executing DDL "
    alter table user_member 
       add constraint FK5yi94mub7yelh1efo6dm5k9f1 
       foreign key (authority_no) 
       references user_authority (no)" via JDBC [Referencing column 'authority_no' and referenced column 'no' in foreign key constraint 'FK5yi94mub7yelh1efo6dm5k9f1' are incompatible.]
	at org.hibernate.tool.schema.internal.exec.GenerationTargetToDatabase.accept(GenerationTargetToDatabase.java:91)
	at org.hibernate.tool.schema.internal.AbstractSchemaMigrator.applySqlString(AbstractSchemaMigrator.java:566)
	at org.hibernate.tool.schema.internal.AbstractSchemaMigrator.applySqlStrings(AbstractSchemaMigrator.java:506)
	at org.hibernate.tool.schema.internal.AbstractSchemaMigrator.applyForeignKeys(AbstractSchemaMigrator.java:438)
	at org.hibernate.tool.schema.internal.AbstractSchemaMigrator.performMigration(AbstractSchemaMigrator.java:256)
	at org.hibernate.tool.schema.internal.AbstractSchemaMigrator.doMigration(AbstractSchemaMigrator.java:96)
	at org.hibernate.tool.schema.spi.SchemaManagementToolCoordinator.performDatabaseAction(SchemaManagementToolCoordinator.java:269)
	at org.hibernate.tool.schema.spi.SchemaManagementToolCoordinator.lambda$process$1(SchemaManagementToolCoordinator.java:101)
	at java.base/java.util.HashMap.forEach(HashMap.java:1421)
	at org.hibernate.tool.schema.spi.SchemaManagementToolCoordinator.process(SchemaManagementToolCoordinator.java:100)
	at org.hibernate.boot.internal.SessionFactoryObserverForSchemaExport.sessionFactoryCreated(SessionFactoryObserverForSchemaExport.java:35)
	at org.hibernate.internal.SessionFactoryObserverChain.sessionFactoryCreated(SessionFactoryObserverChain.java:33)
	at org.hibernate.internal.SessionFactoryImpl.<init>(SessionFactoryImpl.java:327)
	at org.hibernate.internal.SessionFactoryRegistry.instantiateSessionFactory(SessionFactoryRegistry.java:64)
	at org.hibernate.boot.internal.SessionFactoryBuilderImpl.build(SessionFactoryBuilderImpl.java:458)
	at org.hibernate.jpa.boot.internal.EntityManagerFactoryBuilderImpl.build(EntityManagerFactoryBuilderImpl.java:1452)
	at org.springframework.orm.jpa.vendor.SpringHibernateJpaPersistenceProvider.createContainerEntityManagerFactory(SpringHibernateJpaPersistenceProvider.java:93)
	at org.springframework.orm.jpa.LocalContainerEntityManagerFactoryBean.createNativeEntityManagerFactory(LocalContainerEntityManagerFactoryBean.java:443)
	at org.springframework.orm.jpa.AbstractEntityManagerFactoryBean.buildNativeEntityManagerFactory(AbstractEntityManagerFactoryBean.java:436)
	at org.springframework.orm.jpa.AbstractEntityManagerFactoryBean.afterPropertiesSet(AbstractEntityManagerFactoryBean.java:411)
	at org.springframework.orm.jpa.LocalContainerEntityManagerFactoryBean.afterPropertiesSet(LocalContainerEntityManagerFactoryBean.java:419)
	at org.springframework.beans.factory.support.AbstractAutowireCapableBeanFactory.invokeInitMethods(AbstractAutowireCapableBeanFactory.java:1862)
	at org.springframework.beans.factory.support.AbstractAutowireCapableBeanFactory.initializeBean(AbstractAutowireCapableBeanFactory.java:1811)
	at org.springframework.beans.factory.support.AbstractAutowireCapableBeanFactory.doCreateBean(AbstractAutowireCapableBeanFactory.java:603)
	at org.springframework.beans.factory.support.AbstractAutowireCapableBeanFactory.createBean(AbstractAutowireCapableBeanFactory.java:525)
	at org.springframework.beans.factory.support.AbstractBeanFactory.lambda$doGetBean$0(AbstractBeanFactory.java:333)
	at org.springframework.beans.factory.support.DefaultSingletonBeanRegistry.getSingleton(DefaultSingletonBeanRegistry.java:371)
	at org.springframework.beans.factory.support.AbstractBeanFactory.doGetBean(AbstractBeanFactory.java:331)
	at org.springframework.beans.factory.support.AbstractBeanFactory.getBean(AbstractBeanFactory.java:201)
	at org.springframework.context.support.AbstractApplicationContext.finishBeanFactoryInitialization(AbstractApplicationContext.java:977)
	at org.springframework.context.support.AbstractApplicationContext.refresh(AbstractApplicationContext.java:621)
	at org.springframework.boot.web.server.servlet.context.ServletWebServerApplicationContext.refresh(ServletWebServerApplicationContext.java:143)
	at org.springframework.boot.SpringApplication.refresh(SpringApplication.java:756)
	at org.springframework.boot.SpringApplication.refreshContext(SpringApplication.java:445)
	at org.springframework.boot.SpringApplication.run(SpringApplication.java:321)
	at org.springframework.boot.SpringApplication.run(SpringApplication.java:1365)
	at org.springframework.boot.SpringApplication.run(SpringApplication.java:1354)
	at com.office.calendaradmin.CalendarAdminApplication.main(CalendarAdminApplication.java:11)
	at java.base/jdk.internal.reflect.NativeMethodAccessorImpl.invoke0(Native Method)
	at java.base/jdk.internal.reflect.NativeMethodAccessorImpl.invoke(NativeMethodAccessorImpl.java:77)
	at java.base/jdk.internal.reflect.DelegatingMethodAccessorImpl.invoke(DelegatingMethodAccessorImpl.java:43)
	at java.base/java.lang.reflect.Method.invoke(Method.java:568)
	at org.springframework.boot.devtools.restart.RestartLauncher.run(RestartLauncher.java:52)
Caused by: java.sql.SQLException: Referencing column 'authority_no' and referenced column 'no' in foreign key constraint 'FK5yi94mub7yelh1efo6dm5k9f1' are incompatible.
	at com.mysql.cj.jdbc.exceptions.SQLError.createSQLException(SQLError.java:121)
	at com.mysql.cj.jdbc.exceptions.SQLExceptionsMapping.translateException(SQLExceptionsMapping.java:114)
	at com.mysql.cj.jdbc.StatementImpl.executeInternal(StatementImpl.java:839)
	at com.mysql.cj.jdbc.StatementImpl.execute(StatementImpl.java:687)
	at com.zaxxer.hikari.pool.ProxyStatement.execute(ProxyStatement.java:95)
	at com.zaxxer.hikari.pool.HikariProxyStatement.execute(HikariProxyStatement.java)
	at org.hibernate.tool.schema.internal.exec.GenerationTargetToDatabase.accept(GenerationTargetToDatabase.java:86)
	... 42 more
2026-09-21 11:38:41 INFO  [orm.jpa.LocalContainerEntityManagerFactoryBean] - Initialized JPA EntityManagerFactory for persistence unit 'default'
2026-09-21 11:38:41 WARN  [jpa.autoconfigure.JpaBaseConfiguration$JpaWebConfiguration] - spring.jpa.open-in-view is enabled by default. Therefore, database queries may be performed during view rendering. Explicitly configure spring.jpa.open-in-view to disable this warning
2026-09-21 11:38:41 INFO  [authentication.configuration.InitializeUserDetailsBeanManagerConfigurer$InitializeUserDetailsManagerConfigurer] - Global AuthenticationManager configured with UserDetailsService bean with name memberDetailsService
2026-09-21 11:38:42 INFO  [coyote.http11.Http11NioProtocol] - Starting ProtocolHandler ["http-nio-8091"]
2026-09-21 11:38:42 INFO  [boot.tomcat.TomcatWebServer] - Tomcat started on port 8091 (http) with context path '/'
2026-09-21 11:38:42 INFO  [devtools.autoconfigure.ConditionEvaluationDeltaLoggingListener] - Condition evaluation unchanged
2026-09-21 11:38:43 INFO  [[Tomcat].[localhost].[/]] - Initializing Spring DispatcherServlet 'dispatcherServlet'
2026-09-21 11:38:43 INFO  [web.servlet.DispatcherServlet] - Initializing Servlet 'dispatcherServlet'
2026-09-21 11:38:43 INFO  [web.servlet.DispatcherServlet] - Completed initialization in 3 ms
2026-09-21 11:45:41 INFO  [devtools.autoconfigure.LocalDevToolsAutoConfiguration$RestartingClassPathChangeChangedEventListener] - Restarting due to 28 class path changes (0 additions, 0 deletions, 28 modifications)
2026-09-21 11:45:41 INFO  [boot.tomcat.GracefulShutdown] - Commencing graceful shutdown. Waiting for active requests to complete
2026-09-21 11:45:41 INFO  [coyote.http11.Http11NioProtocol] - Pausing ProtocolHandler ["http-nio-8091"]
2026-09-21 11:45:41 INFO  [boot.tomcat.GracefulShutdown] - Graceful shutdown complete
2026-09-21 11:45:41 INFO  [coyote.http11.Http11NioProtocol] - Stopping ProtocolHandler ["http-nio-8091"]
2026-09-21 11:45:41 INFO  [orm.jpa.LocalContainerEntityManagerFactoryBean] - Closing JPA EntityManagerFactory for persistence unit 'default'
2026-09-21 11:45:41 INFO  [zaxxer.hikari.HikariDataSource] - HikariPool-5 - Shutdown initiated...
2026-09-21 11:45:41 INFO  [zaxxer.hikari.HikariDataSource] - HikariPool-5 - Shutdown completed.
2026-09-21 11:45:42 INFO  [repository.config.RepositoryConfigurationDelegate] - Bootstrapping Spring Data JPA repositories in DEFAULT mode.
2026-09-21 11:45:42 INFO  [repository.config.RepositoryConfigurationDelegate] - Finished Spring Data repository scanning in 13 ms. Found 3 JPA repository interfaces.
2026-09-21 11:45:42 INFO  [boot.tomcat.TomcatWebServer] - Tomcat initialized with port 8091 (http)
2026-09-21 11:45:42 INFO  [coyote.http11.Http11NioProtocol] - Initializing ProtocolHandler ["http-nio-8091"]
2026-09-21 11:45:42 INFO  [catalina.core.StandardService] - Starting service [Tomcat]
2026-09-21 11:45:42 INFO  [catalina.core.StandardEngine] - Starting Servlet engine: [Apache Tomcat/11.0.24]
2026-09-21 11:45:42 INFO  [context.servlet.WebApplicationContextInitializer] - Root WebApplicationContext: initialization completed in 381 ms
2026-09-21 11:45:42 INFO  [hibernate.orm.jpa] - HHH008540: Processing PersistenceUnitInfo [name: default]
2026-09-21 11:45:42 INFO  [jpa.persistenceunit.SpringPersistenceUnitInfo] - No LoadTimeWeaver setup: ignoring JPA class transformer
2026-09-21 11:45:42 INFO  [zaxxer.hikari.HikariDataSource] - HikariPool-6 - Starting...
2026-09-21 11:45:42 INFO  [hikari.pool.HikariPool] - HikariPool-6 - Added connection com.mysql.cj.jdbc.ConnectionImpl@30c1cf40
2026-09-21 11:45:42 INFO  [zaxxer.hikari.HikariDataSource] - HikariPool-6 - Start completed.
2026-09-21 11:45:42 WARN  [hibernate.orm.deprecation] - HHH90000025: MySQLDialect does not need to be specified explicitly using 'hibernate.dialect' (remove the property setting and it will be selected by default)
2026-09-21 11:45:42 INFO  [orm.connections.pooling] - HHH10001005: Database info:
	Database JDBC URL [jdbc:mysql://localhost:3306/DB_CALENDAR]
	Database driver: MySQL Connector/J
	Database dialect: MySQLDialect
	Database version: 8.0.46
	Default catalog/schema: DB_CALENDAR/undefined
	Autocommit mode: undefined/unknown
	Isolation level: REPEATABLE_READ [default REPEATABLE_READ]
	JDBC fetch size: none
	Pool: DataSourceConnectionProvider
	Minimum pool size: undefined/unknown
	Maximum pool size: undefined/unknown
2026-09-21 11:45:42 INFO  [hibernate.orm.core] - HHH000489: No JTA platform available (set 'hibernate.transaction.jta.platform' to enable JTA platform integration)
2026-09-21 11:45:42 WARN  [schema.internal.ExceptionHandlerLoggedImpl] - GenerationTarget encountered exception accepting command : Error executing DDL "
    alter table user_member 
       add constraint FK5yi94mub7yelh1efo6dm5k9f1 
       foreign key (authority_no) 
       references user_authority (no)" via JDBC [Referencing column 'authority_no' and referenced column 'no' in foreign key constraint 'FK5yi94mub7yelh1efo6dm5k9f1' are incompatible.]
org.hibernate.tool.schema.spi.CommandAcceptanceException: Error executing DDL "
    alter table user_member 
       add constraint FK5yi94mub7yelh1efo6dm5k9f1 
       foreign key (authority_no) 
       references user_authority (no)" via JDBC [Referencing column 'authority_no' and referenced column 'no' in foreign key constraint 'FK5yi94mub7yelh1efo6dm5k9f1' are incompatible.]
	at org.hibernate.tool.schema.internal.exec.GenerationTargetToDatabase.accept(GenerationTargetToDatabase.java:91)
	at org.hibernate.tool.schema.internal.AbstractSchemaMigrator.applySqlString(AbstractSchemaMigrator.java:566)
	at org.hibernate.tool.schema.internal.AbstractSchemaMigrator.applySqlStrings(AbstractSchemaMigrator.java:506)
	at org.hibernate.tool.schema.internal.AbstractSchemaMigrator.applyForeignKeys(AbstractSchemaMigrator.java:438)
	at org.hibernate.tool.schema.internal.AbstractSchemaMigrator.performMigration(AbstractSchemaMigrator.java:256)
	at org.hibernate.tool.schema.internal.AbstractSchemaMigrator.doMigration(AbstractSchemaMigrator.java:96)
	at org.hibernate.tool.schema.spi.SchemaManagementToolCoordinator.performDatabaseAction(SchemaManagementToolCoordinator.java:269)
	at org.hibernate.tool.schema.spi.SchemaManagementToolCoordinator.lambda$process$1(SchemaManagementToolCoordinator.java:101)
	at java.base/java.util.HashMap.forEach(HashMap.java:1421)
	at org.hibernate.tool.schema.spi.SchemaManagementToolCoordinator.process(SchemaManagementToolCoordinator.java:100)
	at org.hibernate.boot.internal.SessionFactoryObserverForSchemaExport.sessionFactoryCreated(SessionFactoryObserverForSchemaExport.java:35)
	at org.hibernate.internal.SessionFactoryObserverChain.sessionFactoryCreated(SessionFactoryObserverChain.java:33)
	at org.hibernate.internal.SessionFactoryImpl.<init>(SessionFactoryImpl.java:327)
	at org.hibernate.internal.SessionFactoryRegistry.instantiateSessionFactory(SessionFactoryRegistry.java:64)
	at org.hibernate.boot.internal.SessionFactoryBuilderImpl.build(SessionFactoryBuilderImpl.java:458)
	at org.hibernate.jpa.boot.internal.EntityManagerFactoryBuilderImpl.build(EntityManagerFactoryBuilderImpl.java:1452)
	at org.springframework.orm.jpa.vendor.SpringHibernateJpaPersistenceProvider.createContainerEntityManagerFactory(SpringHibernateJpaPersistenceProvider.java:93)
	at org.springframework.orm.jpa.LocalContainerEntityManagerFactoryBean.createNativeEntityManagerFactory(LocalContainerEntityManagerFactoryBean.java:443)
	at org.springframework.orm.jpa.AbstractEntityManagerFactoryBean.buildNativeEntityManagerFactory(AbstractEntityManagerFactoryBean.java:436)
	at org.springframework.orm.jpa.AbstractEntityManagerFactoryBean.afterPropertiesSet(AbstractEntityManagerFactoryBean.java:411)
	at org.springframework.orm.jpa.LocalContainerEntityManagerFactoryBean.afterPropertiesSet(LocalContainerEntityManagerFactoryBean.java:419)
	at org.springframework.beans.factory.support.AbstractAutowireCapableBeanFactory.invokeInitMethods(AbstractAutowireCapableBeanFactory.java:1862)
	at org.springframework.beans.factory.support.AbstractAutowireCapableBeanFactory.initializeBean(AbstractAutowireCapableBeanFactory.java:1811)
	at org.springframework.beans.factory.support.AbstractAutowireCapableBeanFactory.doCreateBean(AbstractAutowireCapableBeanFactory.java:603)
	at org.springframework.beans.factory.support.AbstractAutowireCapableBeanFactory.createBean(AbstractAutowireCapableBeanFactory.java:525)
	at org.springframework.beans.factory.support.AbstractBeanFactory.lambda$doGetBean$0(AbstractBeanFactory.java:333)
	at org.springframework.beans.factory.support.DefaultSingletonBeanRegistry.getSingleton(DefaultSingletonBeanRegistry.java:371)
	at org.springframework.beans.factory.support.AbstractBeanFactory.doGetBean(AbstractBeanFactory.java:331)
	at org.springframework.beans.factory.support.AbstractBeanFactory.getBean(AbstractBeanFactory.java:201)
	at org.springframework.context.support.AbstractApplicationContext.finishBeanFactoryInitialization(AbstractApplicationContext.java:977)
	at org.springframework.context.support.AbstractApplicationContext.refresh(AbstractApplicationContext.java:621)
	at org.springframework.boot.web.server.servlet.context.ServletWebServerApplicationContext.refresh(ServletWebServerApplicationContext.java:143)
	at org.springframework.boot.SpringApplication.refresh(SpringApplication.java:756)
	at org.springframework.boot.SpringApplication.refreshContext(SpringApplication.java:445)
	at org.springframework.boot.SpringApplication.run(SpringApplication.java:321)
	at org.springframework.boot.SpringApplication.run(SpringApplication.java:1365)
	at org.springframework.boot.SpringApplication.run(SpringApplication.java:1354)
	at com.office.calendaradmin.CalendarAdminApplication.main(CalendarAdminApplication.java:11)
	at java.base/jdk.internal.reflect.NativeMethodAccessorImpl.invoke0(Native Method)
	at java.base/jdk.internal.reflect.NativeMethodAccessorImpl.invoke(NativeMethodAccessorImpl.java:77)
	at java.base/jdk.internal.reflect.DelegatingMethodAccessorImpl.invoke(DelegatingMethodAccessorImpl.java:43)
	at java.base/java.lang.reflect.Method.invoke(Method.java:568)
	at org.springframework.boot.devtools.restart.RestartLauncher.run(RestartLauncher.java:52)
Caused by: java.sql.SQLException: Referencing column 'authority_no' and referenced column 'no' in foreign key constraint 'FK5yi94mub7yelh1efo6dm5k9f1' are incompatible.
	at com.mysql.cj.jdbc.exceptions.SQLError.createSQLException(SQLError.java:121)
	at com.mysql.cj.jdbc.exceptions.SQLExceptionsMapping.translateException(SQLExceptionsMapping.java:114)
	at com.mysql.cj.jdbc.StatementImpl.executeInternal(StatementImpl.java:839)
	at com.mysql.cj.jdbc.StatementImpl.execute(StatementImpl.java:687)
	at com.zaxxer.hikari.pool.ProxyStatement.execute(ProxyStatement.java:95)
	at com.zaxxer.hikari.pool.HikariProxyStatement.execute(HikariProxyStatement.java)
	at org.hibernate.tool.schema.internal.exec.GenerationTargetToDatabase.accept(GenerationTargetToDatabase.java:86)
	... 42 more
2026-09-21 11:45:42 INFO  [orm.jpa.LocalContainerEntityManagerFactoryBean] - Initialized JPA EntityManagerFactory for persistence unit 'default'
2026-09-21 11:45:42 WARN  [jpa.autoconfigure.JpaBaseConfiguration$JpaWebConfiguration] - spring.jpa.open-in-view is enabled by default. Therefore, database queries may be performed during view rendering. Explicitly configure spring.jpa.open-in-view to disable this warning
2026-09-21 11:45:42 INFO  [authentication.configuration.InitializeUserDetailsBeanManagerConfigurer$InitializeUserDetailsManagerConfigurer] - Global AuthenticationManager configured with UserDetailsService bean with name memberDetailsService
2026-09-21 11:45:42 INFO  [coyote.http11.Http11NioProtocol] - Starting ProtocolHandler ["http-nio-8091"]
2026-09-21 11:45:42 INFO  [boot.tomcat.TomcatWebServer] - Tomcat started on port 8091 (http) with context path '/'
2026-09-21 11:45:42 INFO  [devtools.autoconfigure.ConditionEvaluationDeltaLoggingListener] - Condition evaluation unchanged
2026-09-21 11:55:27 INFO  [boot.tomcat.GracefulShutdown] - Commencing graceful shutdown. Waiting for active requests to complete
2026-09-21 11:55:28 INFO  [boot.tomcat.GracefulShutdown] - Graceful shutdown complete
2026-09-21 11:55:28 INFO  [orm.jpa.LocalContainerEntityManagerFactoryBean] - Closing JPA EntityManagerFactory for persistence unit 'default'
2026-09-21 11:55:28 INFO  [zaxxer.hikari.HikariDataSource] - HikariPool-6 - Shutdown initiated...
2026-09-21 11:55:28 INFO  [zaxxer.hikari.HikariDataSource] - HikariPool-6 - Shutdown completed.
2026-09-21 12:19:14 INFO  [devtools.env.DevToolsPropertyDefaultsPostProcessor] - Devtools property defaults active! Set 'spring.devtools.add-properties' to 'false' to disable
2026-09-21 12:19:14 INFO  [devtools.env.DevToolsPropertyDefaultsPostProcessor] - For additional web related logging consider setting the 'logging.level.web' property to 'DEBUG'
2026-09-21 12:19:15 INFO  [repository.config.RepositoryConfigurationDelegate] - Bootstrapping Spring Data JPA repositories in DEFAULT mode.
2026-09-21 12:19:15 INFO  [repository.config.RepositoryConfigurationDelegate] - Finished Spring Data repository scanning in 85 ms. Found 3 JPA repository interfaces.
2026-09-21 12:19:16 INFO  [boot.tomcat.TomcatWebServer] - Tomcat initialized with port 8091 (http)
2026-09-21 12:19:16 INFO  [coyote.http11.Http11NioProtocol] - Initializing ProtocolHandler ["http-nio-8091"]
2026-09-21 12:19:16 INFO  [catalina.core.StandardService] - Starting service [Tomcat]
2026-09-21 12:19:16 INFO  [catalina.core.StandardEngine] - Starting Servlet engine: [Apache Tomcat/11.0.24]
2026-09-21 12:19:16 INFO  [context.servlet.WebApplicationContextInitializer] - Root WebApplicationContext: initialization completed in 2127 ms
2026-09-21 12:19:16 INFO  [hibernate.orm.jpa] - HHH008540: Processing PersistenceUnitInfo [name: default]
2026-09-21 12:19:16 INFO  [hibernate.orm.core] - HHH000001: Hibernate ORM core version 7.4.5.Final
2026-09-21 12:19:17 INFO  [jpa.persistenceunit.SpringPersistenceUnitInfo] - No LoadTimeWeaver setup: ignoring JPA class transformer
2026-09-21 12:19:17 INFO  [zaxxer.hikari.HikariDataSource] - HikariPool-1 - Starting...
2026-09-21 12:19:17 INFO  [hikari.pool.HikariPool] - HikariPool-1 - Added connection com.mysql.cj.jdbc.ConnectionImpl@5b174f41
2026-09-21 12:19:17 INFO  [zaxxer.hikari.HikariDataSource] - HikariPool-1 - Start completed.
2026-09-21 12:19:17 WARN  [hibernate.orm.deprecation] - HHH90000025: MySQLDialect does not need to be specified explicitly using 'hibernate.dialect' (remove the property setting and it will be selected by default)
2026-09-21 12:19:17 INFO  [orm.connections.pooling] - HHH10001005: Database info:
	Database JDBC URL [jdbc:mysql://localhost:3306/DB_CALENDAR]
	Database driver: MySQL Connector/J
	Database dialect: MySQLDialect
	Database version: 8.0.46
	Default catalog/schema: DB_CALENDAR/undefined
	Autocommit mode: undefined/unknown
	Isolation level: REPEATABLE_READ [default REPEATABLE_READ]
	JDBC fetch size: none
	Pool: DataSourceConnectionProvider
	Minimum pool size: undefined/unknown
	Maximum pool size: undefined/unknown
2026-09-21 12:19:18 INFO  [hibernate.orm.core] - HHH000489: No JTA platform available (set 'hibernate.transaction.jta.platform' to enable JTA platform integration)
2026-09-21 12:19:18 WARN  [schema.internal.ExceptionHandlerLoggedImpl] - GenerationTarget encountered exception accepting command : Error executing DDL "
    alter table user_member 
       add constraint FK5yi94mub7yelh1efo6dm5k9f1 
       foreign key (authority_no) 
       references user_authority (no)" via JDBC [Referencing column 'authority_no' and referenced column 'no' in foreign key constraint 'FK5yi94mub7yelh1efo6dm5k9f1' are incompatible.]
org.hibernate.tool.schema.spi.CommandAcceptanceException: Error executing DDL "
    alter table user_member 
       add constraint FK5yi94mub7yelh1efo6dm5k9f1 
       foreign key (authority_no) 
       references user_authority (no)" via JDBC [Referencing column 'authority_no' and referenced column 'no' in foreign key constraint 'FK5yi94mub7yelh1efo6dm5k9f1' are incompatible.]
	at org.hibernate.tool.schema.internal.exec.GenerationTargetToDatabase.accept(GenerationTargetToDatabase.java:91)
	at org.hibernate.tool.schema.internal.AbstractSchemaMigrator.applySqlString(AbstractSchemaMigrator.java:566)
	at org.hibernate.tool.schema.internal.AbstractSchemaMigrator.applySqlStrings(AbstractSchemaMigrator.java:506)
	at org.hibernate.tool.schema.internal.AbstractSchemaMigrator.applyForeignKeys(AbstractSchemaMigrator.java:438)
	at org.hibernate.tool.schema.internal.AbstractSchemaMigrator.performMigration(AbstractSchemaMigrator.java:256)
	at org.hibernate.tool.schema.internal.AbstractSchemaMigrator.doMigration(AbstractSchemaMigrator.java:96)
	at org.hibernate.tool.schema.spi.SchemaManagementToolCoordinator.performDatabaseAction(SchemaManagementToolCoordinator.java:269)
	at org.hibernate.tool.schema.spi.SchemaManagementToolCoordinator.lambda$process$1(SchemaManagementToolCoordinator.java:101)
	at java.base/java.util.HashMap.forEach(HashMap.java:1421)
	at org.hibernate.tool.schema.spi.SchemaManagementToolCoordinator.process(SchemaManagementToolCoordinator.java:100)
	at org.hibernate.boot.internal.SessionFactoryObserverForSchemaExport.sessionFactoryCreated(SessionFactoryObserverForSchemaExport.java:35)
	at org.hibernate.internal.SessionFactoryObserverChain.sessionFactoryCreated(SessionFactoryObserverChain.java:33)
	at org.hibernate.internal.SessionFactoryImpl.<init>(SessionFactoryImpl.java:327)
	at org.hibernate.internal.SessionFactoryRegistry.instantiateSessionFactory(SessionFactoryRegistry.java:64)
	at org.hibernate.boot.internal.SessionFactoryBuilderImpl.build(SessionFactoryBuilderImpl.java:458)
	at org.hibernate.jpa.boot.internal.EntityManagerFactoryBuilderImpl.build(EntityManagerFactoryBuilderImpl.java:1452)
	at org.springframework.orm.jpa.vendor.SpringHibernateJpaPersistenceProvider.createContainerEntityManagerFactory(SpringHibernateJpaPersistenceProvider.java:93)
	at org.springframework.orm.jpa.LocalContainerEntityManagerFactoryBean.createNativeEntityManagerFactory(LocalContainerEntityManagerFactoryBean.java:443)
	at org.springframework.orm.jpa.AbstractEntityManagerFactoryBean.buildNativeEntityManagerFactory(AbstractEntityManagerFactoryBean.java:436)
	at org.springframework.orm.jpa.AbstractEntityManagerFactoryBean.afterPropertiesSet(AbstractEntityManagerFactoryBean.java:411)
	at org.springframework.orm.jpa.LocalContainerEntityManagerFactoryBean.afterPropertiesSet(LocalContainerEntityManagerFactoryBean.java:419)
	at org.springframework.beans.factory.support.AbstractAutowireCapableBeanFactory.invokeInitMethods(AbstractAutowireCapableBeanFactory.java:1862)
	at org.springframework.beans.factory.support.AbstractAutowireCapableBeanFactory.initializeBean(AbstractAutowireCapableBeanFactory.java:1811)
	at org.springframework.beans.factory.support.AbstractAutowireCapableBeanFactory.doCreateBean(AbstractAutowireCapableBeanFactory.java:603)
	at org.springframework.beans.factory.support.AbstractAutowireCapableBeanFactory.createBean(AbstractAutowireCapableBeanFactory.java:525)
	at org.springframework.beans.factory.support.AbstractBeanFactory.lambda$doGetBean$0(AbstractBeanFactory.java:333)
	at org.springframework.beans.factory.support.DefaultSingletonBeanRegistry.getSingleton(DefaultSingletonBeanRegistry.java:371)
	at org.springframework.beans.factory.support.AbstractBeanFactory.doGetBean(AbstractBeanFactory.java:331)
	at org.springframework.beans.factory.support.AbstractBeanFactory.getBean(AbstractBeanFactory.java:201)
	at org.springframework.context.support.AbstractApplicationContext.finishBeanFactoryInitialization(AbstractApplicationContext.java:977)
	at org.springframework.context.support.AbstractApplicationContext.refresh(AbstractApplicationContext.java:621)
	at org.springframework.boot.web.server.servlet.context.ServletWebServerApplicationContext.refresh(ServletWebServerApplicationContext.java:143)
	at org.springframework.boot.SpringApplication.refresh(SpringApplication.java:756)
	at org.springframework.boot.SpringApplication.refreshContext(SpringApplication.java:445)
	at org.springframework.boot.SpringApplication.run(SpringApplication.java:321)
	at org.springframework.boot.SpringApplication.run(SpringApplication.java:1365)
	at org.springframework.boot.SpringApplication.run(SpringApplication.java:1354)
	at com.office.calendaradmin.CalendarAdminApplication.main(CalendarAdminApplication.java:11)
	at java.base/jdk.internal.reflect.NativeMethodAccessorImpl.invoke0(Native Method)
	at java.base/jdk.internal.reflect.NativeMethodAccessorImpl.invoke(NativeMethodAccessorImpl.java:77)
	at java.base/jdk.internal.reflect.DelegatingMethodAccessorImpl.invoke(DelegatingMethodAccessorImpl.java:43)
	at java.base/java.lang.reflect.Method.invoke(Method.java:568)
	at org.springframework.boot.devtools.restart.RestartLauncher.run(RestartLauncher.java:52)
Caused by: java.sql.SQLException: Referencing column 'authority_no' and referenced column 'no' in foreign key constraint 'FK5yi94mub7yelh1efo6dm5k9f1' are incompatible.
	at com.mysql.cj.jdbc.exceptions.SQLError.createSQLException(SQLError.java:121)
	at com.mysql.cj.jdbc.exceptions.SQLExceptionsMapping.translateException(SQLExceptionsMapping.java:114)
	at com.mysql.cj.jdbc.StatementImpl.executeInternal(StatementImpl.java:839)
	at com.mysql.cj.jdbc.StatementImpl.execute(StatementImpl.java:687)
	at com.zaxxer.hikari.pool.ProxyStatement.execute(ProxyStatement.java:95)
	at com.zaxxer.hikari.pool.HikariProxyStatement.execute(HikariProxyStatement.java)
	at org.hibernate.tool.schema.internal.exec.GenerationTargetToDatabase.accept(GenerationTargetToDatabase.java:86)
	... 42 more
2026-09-21 12:19:18 INFO  [orm.jpa.LocalContainerEntityManagerFactoryBean] - Initialized JPA EntityManagerFactory for persistence unit 'default'
2026-09-21 12:19:18 INFO  [repository.query.QueryEnhancerFactories] - Hibernate is in classpath; If applicable, HQL parser will be used.
2026-09-21 12:19:19 WARN  [jpa.autoconfigure.JpaBaseConfiguration$JpaWebConfiguration] - spring.jpa.open-in-view is enabled by default. Therefore, database queries may be performed during view rendering. Explicitly configure spring.jpa.open-in-view to disable this warning
2026-09-21 12:19:19 INFO  [authentication.configuration.InitializeUserDetailsBeanManagerConfigurer$InitializeUserDetailsManagerConfigurer] - Global AuthenticationManager configured with UserDetailsService bean with name memberDetailsService
2026-09-21 12:19:20 INFO  [coyote.http11.Http11NioProtocol] - Starting ProtocolHandler ["http-nio-8091"]
2026-09-21 12:19:20 INFO  [boot.tomcat.TomcatWebServer] - Tomcat started on port 8091 (http) with context path '/'
2026-09-21 12:19:22 INFO  [[Tomcat].[localhost].[/]] - Initializing Spring DispatcherServlet 'dispatcherServlet'
2026-09-21 12:19:22 INFO  [web.servlet.DispatcherServlet] - Initializing Servlet 'dispatcherServlet'
2026-09-21 12:19:22 INFO  [web.servlet.DispatcherServlet] - Completed initialization in 1 ms
2026-09-21 12:19:41 WARN  [mvc.support.DefaultHandlerExceptionResolver] - Resolved [org.springframework.web.HttpMediaTypeNotSupportedException: Content-Type 'text/plain;charset=UTF-8' is not supported]
2026-09-21 12:20:12 INFO  [devtools.autoconfigure.LocalDevToolsAutoConfiguration$RestartingClassPathChangeChangedEventListener] - Restarting due to 28 class path changes (0 additions, 0 deletions, 28 modifications)
2026-09-21 12:20:12 INFO  [boot.tomcat.GracefulShutdown] - Commencing graceful shutdown. Waiting for active requests to complete
2026-09-21 12:20:12 INFO  [coyote.http11.Http11NioProtocol] - Pausing ProtocolHandler ["http-nio-8091"]
2026-09-21 12:20:13 INFO  [boot.tomcat.GracefulShutdown] - Graceful shutdown complete
2026-09-21 12:20:13 INFO  [coyote.http11.Http11NioProtocol] - Stopping ProtocolHandler ["http-nio-8091"]
2026-09-21 12:20:13 INFO  [orm.jpa.LocalContainerEntityManagerFactoryBean] - Closing JPA EntityManagerFactory for persistence unit 'default'
2026-09-21 12:20:13 INFO  [zaxxer.hikari.HikariDataSource] - HikariPool-1 - Shutdown initiated...
2026-09-21 12:20:13 INFO  [zaxxer.hikari.HikariDataSource] - HikariPool-1 - Shutdown completed.
2026-09-21 12:20:13 INFO  [repository.config.RepositoryConfigurationDelegate] - Bootstrapping Spring Data JPA repositories in DEFAULT mode.
2026-09-21 12:20:13 INFO  [repository.config.RepositoryConfigurationDelegate] - Finished Spring Data repository scanning in 15 ms. Found 3 JPA repository interfaces.
2026-09-21 12:20:13 INFO  [boot.tomcat.TomcatWebServer] - Tomcat initialized with port 8091 (http)
2026-09-21 12:20:13 INFO  [coyote.http11.Http11NioProtocol] - Initializing ProtocolHandler ["http-nio-8091"]
2026-09-21 12:20:13 INFO  [catalina.core.StandardService] - Starting service [Tomcat]
2026-09-21 12:20:13 INFO  [catalina.core.StandardEngine] - Starting Servlet engine: [Apache Tomcat/11.0.24]
2026-09-21 12:20:13 INFO  [context.servlet.WebApplicationContextInitializer] - Root WebApplicationContext: initialization completed in 435 ms
2026-09-21 12:20:13 INFO  [hibernate.orm.jpa] - HHH008540: Processing PersistenceUnitInfo [name: default]
2026-09-21 12:20:13 INFO  [jpa.persistenceunit.SpringPersistenceUnitInfo] - No LoadTimeWeaver setup: ignoring JPA class transformer
2026-09-21 12:20:13 INFO  [zaxxer.hikari.HikariDataSource] - HikariPool-2 - Starting...
2026-09-21 12:20:13 INFO  [hikari.pool.HikariPool] - HikariPool-2 - Added connection com.mysql.cj.jdbc.ConnectionImpl@42b79ee4
2026-09-21 12:20:13 INFO  [zaxxer.hikari.HikariDataSource] - HikariPool-2 - Start completed.
2026-09-21 12:20:13 WARN  [hibernate.orm.deprecation] - HHH90000025: MySQLDialect does not need to be specified explicitly using 'hibernate.dialect' (remove the property setting and it will be selected by default)
2026-09-21 12:20:13 INFO  [orm.connections.pooling] - HHH10001005: Database info:
	Database JDBC URL [jdbc:mysql://localhost:3306/DB_CALENDAR]
	Database driver: MySQL Connector/J
	Database dialect: MySQLDialect
	Database version: 8.0.46
	Default catalog/schema: DB_CALENDAR/undefined
	Autocommit mode: undefined/unknown
	Isolation level: REPEATABLE_READ [default REPEATABLE_READ]
	JDBC fetch size: none
	Pool: DataSourceConnectionProvider
	Minimum pool size: undefined/unknown
	Maximum pool size: undefined/unknown
2026-09-21 12:20:13 INFO  [hibernate.orm.core] - HHH000489: No JTA platform available (set 'hibernate.transaction.jta.platform' to enable JTA platform integration)
2026-09-21 12:20:13 WARN  [schema.internal.ExceptionHandlerLoggedImpl] - GenerationTarget encountered exception accepting command : Error executing DDL "
    alter table user_member 
       add constraint FK5yi94mub7yelh1efo6dm5k9f1 
       foreign key (authority_no) 
       references user_authority (no)" via JDBC [Referencing column 'authority_no' and referenced column 'no' in foreign key constraint 'FK5yi94mub7yelh1efo6dm5k9f1' are incompatible.]
org.hibernate.tool.schema.spi.CommandAcceptanceException: Error executing DDL "
    alter table user_member 
       add constraint FK5yi94mub7yelh1efo6dm5k9f1 
       foreign key (authority_no) 
       references user_authority (no)" via JDBC [Referencing column 'authority_no' and referenced column 'no' in foreign key constraint 'FK5yi94mub7yelh1efo6dm5k9f1' are incompatible.]
	at org.hibernate.tool.schema.internal.exec.GenerationTargetToDatabase.accept(GenerationTargetToDatabase.java:91)
	at org.hibernate.tool.schema.internal.AbstractSchemaMigrator.applySqlString(AbstractSchemaMigrator.java:566)
	at org.hibernate.tool.schema.internal.AbstractSchemaMigrator.applySqlStrings(AbstractSchemaMigrator.java:506)
	at org.hibernate.tool.schema.internal.AbstractSchemaMigrator.applyForeignKeys(AbstractSchemaMigrator.java:438)
	at org.hibernate.tool.schema.internal.AbstractSchemaMigrator.performMigration(AbstractSchemaMigrator.java:256)
	at org.hibernate.tool.schema.internal.AbstractSchemaMigrator.doMigration(AbstractSchemaMigrator.java:96)
	at org.hibernate.tool.schema.spi.SchemaManagementToolCoordinator.performDatabaseAction(SchemaManagementToolCoordinator.java:269)
	at org.hibernate.tool.schema.spi.SchemaManagementToolCoordinator.lambda$process$1(SchemaManagementToolCoordinator.java:101)
	at java.base/java.util.HashMap.forEach(HashMap.java:1421)
	at org.hibernate.tool.schema.spi.SchemaManagementToolCoordinator.process(SchemaManagementToolCoordinator.java:100)
	at org.hibernate.boot.internal.SessionFactoryObserverForSchemaExport.sessionFactoryCreated(SessionFactoryObserverForSchemaExport.java:35)
	at org.hibernate.internal.SessionFactoryObserverChain.sessionFactoryCreated(SessionFactoryObserverChain.java:33)
	at org.hibernate.internal.SessionFactoryImpl.<init>(SessionFactoryImpl.java:327)
	at org.hibernate.internal.SessionFactoryRegistry.instantiateSessionFactory(SessionFactoryRegistry.java:64)
	at org.hibernate.boot.internal.SessionFactoryBuilderImpl.build(SessionFactoryBuilderImpl.java:458)
	at org.hibernate.jpa.boot.internal.EntityManagerFactoryBuilderImpl.build(EntityManagerFactoryBuilderImpl.java:1452)
	at org.springframework.orm.jpa.vendor.SpringHibernateJpaPersistenceProvider.createContainerEntityManagerFactory(SpringHibernateJpaPersistenceProvider.java:93)
	at org.springframework.orm.jpa.LocalContainerEntityManagerFactoryBean.createNativeEntityManagerFactory(LocalContainerEntityManagerFactoryBean.java:443)
	at org.springframework.orm.jpa.AbstractEntityManagerFactoryBean.buildNativeEntityManagerFactory(AbstractEntityManagerFactoryBean.java:436)
	at org.springframework.orm.jpa.AbstractEntityManagerFactoryBean.afterPropertiesSet(AbstractEntityManagerFactoryBean.java:411)
	at org.springframework.orm.jpa.LocalContainerEntityManagerFactoryBean.afterPropertiesSet(LocalContainerEntityManagerFactoryBean.java:419)
	at org.springframework.beans.factory.support.AbstractAutowireCapableBeanFactory.invokeInitMethods(AbstractAutowireCapableBeanFactory.java:1862)
	at org.springframework.beans.factory.support.AbstractAutowireCapableBeanFactory.initializeBean(AbstractAutowireCapableBeanFactory.java:1811)
	at org.springframework.beans.factory.support.AbstractAutowireCapableBeanFactory.doCreateBean(AbstractAutowireCapableBeanFactory.java:603)
	at org.springframework.beans.factory.support.AbstractAutowireCapableBeanFactory.createBean(AbstractAutowireCapableBeanFactory.java:525)
	at org.springframework.beans.factory.support.AbstractBeanFactory.lambda$doGetBean$0(AbstractBeanFactory.java:333)
	at org.springframework.beans.factory.support.DefaultSingletonBeanRegistry.getSingleton(DefaultSingletonBeanRegistry.java:371)
	at org.springframework.beans.factory.support.AbstractBeanFactory.doGetBean(AbstractBeanFactory.java:331)
	at org.springframework.beans.factory.support.AbstractBeanFactory.getBean(AbstractBeanFactory.java:201)
	at org.springframework.context.support.AbstractApplicationContext.finishBeanFactoryInitialization(AbstractApplicationContext.java:977)
	at org.springframework.context.support.AbstractApplicationContext.refresh(AbstractApplicationContext.java:621)
	at org.springframework.boot.web.server.servlet.context.ServletWebServerApplicationContext.refresh(ServletWebServerApplicationContext.java:143)
	at org.springframework.boot.SpringApplication.refresh(SpringApplication.java:756)
	at org.springframework.boot.SpringApplication.refreshContext(SpringApplication.java:445)
	at org.springframework.boot.SpringApplication.run(SpringApplication.java:321)
	at org.springframework.boot.SpringApplication.run(SpringApplication.java:1365)
	at org.springframework.boot.SpringApplication.run(SpringApplication.java:1354)
	at com.office.calendaradmin.CalendarAdminApplication.main(CalendarAdminApplication.java:11)
	at java.base/jdk.internal.reflect.NativeMethodAccessorImpl.invoke0(Native Method)
	at java.base/jdk.internal.reflect.NativeMethodAccessorImpl.invoke(NativeMethodAccessorImpl.java:77)
	at java.base/jdk.internal.reflect.DelegatingMethodAccessorImpl.invoke(DelegatingMethodAccessorImpl.java:43)
	at java.base/java.lang.reflect.Method.invoke(Method.java:568)
	at org.springframework.boot.devtools.restart.RestartLauncher.run(RestartLauncher.java:52)
Caused by: java.sql.SQLException: Referencing column 'authority_no' and referenced column 'no' in foreign key constraint 'FK5yi94mub7yelh1efo6dm5k9f1' are incompatible.
	at com.mysql.cj.jdbc.exceptions.SQLError.createSQLException(SQLError.java:121)
	at com.mysql.cj.jdbc.exceptions.SQLExceptionsMapping.translateException(SQLExceptionsMapping.java:114)
	at com.mysql.cj.jdbc.StatementImpl.executeInternal(StatementImpl.java:839)
	at com.mysql.cj.jdbc.StatementImpl.execute(StatementImpl.java:687)
	at com.zaxxer.hikari.pool.ProxyStatement.execute(ProxyStatement.java:95)
	at com.zaxxer.hikari.pool.HikariProxyStatement.execute(HikariProxyStatement.java)
	at org.hibernate.tool.schema.internal.exec.GenerationTargetToDatabase.accept(GenerationTargetToDatabase.java:86)
	... 42 more
2026-09-21 12:20:13 INFO  [orm.jpa.LocalContainerEntityManagerFactoryBean] - Initialized JPA EntityManagerFactory for persistence unit 'default'
2026-09-21 12:20:14 WARN  [jpa.autoconfigure.JpaBaseConfiguration$JpaWebConfiguration] - spring.jpa.open-in-view is enabled by default. Therefore, database queries may be performed during view rendering. Explicitly configure spring.jpa.open-in-view to disable this warning
2026-09-21 12:20:14 INFO  [authentication.configuration.InitializeUserDetailsBeanManagerConfigurer$InitializeUserDetailsManagerConfigurer] - Global AuthenticationManager configured with UserDetailsService bean with name memberDetailsService
2026-09-21 12:20:14 INFO  [coyote.http11.Http11NioProtocol] - Starting ProtocolHandler ["http-nio-8091"]
2026-09-21 12:20:14 INFO  [boot.tomcat.TomcatWebServer] - Tomcat started on port 8091 (http) with context path '/'
2026-09-21 12:20:14 INFO  [devtools.autoconfigure.ConditionEvaluationDeltaLoggingListener] - Condition evaluation unchanged
2026-09-21 12:20:15 INFO  [[Tomcat].[localhost].[/]] - Initializing Spring DispatcherServlet 'dispatcherServlet'
2026-09-21 12:20:15 INFO  [web.servlet.DispatcherServlet] - Initializing Servlet 'dispatcherServlet'
2026-09-21 12:20:15 INFO  [web.servlet.DispatcherServlet] - Completed initialization in 4 ms
2026-09-21 12:21:29 INFO  [devtools.autoconfigure.LocalDevToolsAutoConfiguration$RestartingClassPathChangeChangedEventListener] - Restarting due to 28 class path changes (0 additions, 0 deletions, 28 modifications)
2026-09-21 12:21:29 INFO  [boot.tomcat.GracefulShutdown] - Commencing graceful shutdown. Waiting for active requests to complete
2026-09-21 12:21:29 INFO  [coyote.http11.Http11NioProtocol] - Pausing ProtocolHandler ["http-nio-8091"]
2026-09-21 12:21:30 INFO  [boot.tomcat.GracefulShutdown] - Graceful shutdown complete
2026-09-21 12:21:30 INFO  [coyote.http11.Http11NioProtocol] - Stopping ProtocolHandler ["http-nio-8091"]
2026-09-21 12:21:30 INFO  [orm.jpa.LocalContainerEntityManagerFactoryBean] - Closing JPA EntityManagerFactory for persistence unit 'default'
2026-09-21 12:21:30 INFO  [zaxxer.hikari.HikariDataSource] - HikariPool-2 - Shutdown initiated...
2026-09-21 12:21:30 INFO  [zaxxer.hikari.HikariDataSource] - HikariPool-2 - Shutdown completed.
2026-09-21 12:21:30 INFO  [repository.config.RepositoryConfigurationDelegate] - Bootstrapping Spring Data JPA repositories in DEFAULT mode.
2026-09-21 12:21:30 INFO  [repository.config.RepositoryConfigurationDelegate] - Finished Spring Data repository scanning in 12 ms. Found 3 JPA repository interfaces.
2026-09-21 12:21:30 INFO  [boot.tomcat.TomcatWebServer] - Tomcat initialized with port 8091 (http)
2026-09-21 12:21:30 INFO  [coyote.http11.Http11NioProtocol] - Initializing ProtocolHandler ["http-nio-8091"]
2026-09-21 12:21:30 INFO  [catalina.core.StandardService] - Starting service [Tomcat]
2026-09-21 12:21:30 INFO  [catalina.core.StandardEngine] - Starting Servlet engine: [Apache Tomcat/11.0.24]
2026-09-21 12:21:30 INFO  [context.servlet.WebApplicationContextInitializer] - Root WebApplicationContext: initialization completed in 395 ms
2026-09-21 12:21:30 INFO  [hibernate.orm.jpa] - HHH008540: Processing PersistenceUnitInfo [name: default]
2026-09-21 12:21:30 INFO  [jpa.persistenceunit.SpringPersistenceUnitInfo] - No LoadTimeWeaver setup: ignoring JPA class transformer
2026-09-21 12:21:30 INFO  [zaxxer.hikari.HikariDataSource] - HikariPool-3 - Starting...
2026-09-21 12:21:30 INFO  [hikari.pool.HikariPool] - HikariPool-3 - Added connection com.mysql.cj.jdbc.ConnectionImpl@50ab7a94
2026-09-21 12:21:30 INFO  [zaxxer.hikari.HikariDataSource] - HikariPool-3 - Start completed.
2026-09-21 12:21:30 WARN  [hibernate.orm.deprecation] - HHH90000025: MySQLDialect does not need to be specified explicitly using 'hibernate.dialect' (remove the property setting and it will be selected by default)
2026-09-21 12:21:30 INFO  [orm.connections.pooling] - HHH10001005: Database info:
	Database JDBC URL [jdbc:mysql://localhost:3306/DB_CALENDAR]
	Database driver: MySQL Connector/J
	Database dialect: MySQLDialect
	Database version: 8.0.46
	Default catalog/schema: DB_CALENDAR/undefined
	Autocommit mode: undefined/unknown
	Isolation level: REPEATABLE_READ [default REPEATABLE_READ]
	JDBC fetch size: none
	Pool: DataSourceConnectionProvider
	Minimum pool size: undefined/unknown
	Maximum pool size: undefined/unknown
2026-09-21 12:21:30 INFO  [hibernate.orm.core] - HHH000489: No JTA platform available (set 'hibernate.transaction.jta.platform' to enable JTA platform integration)
2026-09-21 12:21:30 WARN  [schema.internal.ExceptionHandlerLoggedImpl] - GenerationTarget encountered exception accepting command : Error executing DDL "
    alter table user_member 
       add constraint FK5yi94mub7yelh1efo6dm5k9f1 
       foreign key (authority_no) 
       references user_authority (no)" via JDBC [Referencing column 'authority_no' and referenced column 'no' in foreign key constraint 'FK5yi94mub7yelh1efo6dm5k9f1' are incompatible.]
org.hibernate.tool.schema.spi.CommandAcceptanceException: Error executing DDL "
    alter table user_member 
       add constraint FK5yi94mub7yelh1efo6dm5k9f1 
       foreign key (authority_no) 
       references user_authority (no)" via JDBC [Referencing column 'authority_no' and referenced column 'no' in foreign key constraint 'FK5yi94mub7yelh1efo6dm5k9f1' are incompatible.]
	at org.hibernate.tool.schema.internal.exec.GenerationTargetToDatabase.accept(GenerationTargetToDatabase.java:91)
	at org.hibernate.tool.schema.internal.AbstractSchemaMigrator.applySqlString(AbstractSchemaMigrator.java:566)
	at org.hibernate.tool.schema.internal.AbstractSchemaMigrator.applySqlStrings(AbstractSchemaMigrator.java:506)
	at org.hibernate.tool.schema.internal.AbstractSchemaMigrator.applyForeignKeys(AbstractSchemaMigrator.java:438)
	at org.hibernate.tool.schema.internal.AbstractSchemaMigrator.performMigration(AbstractSchemaMigrator.java:256)
	at org.hibernate.tool.schema.internal.AbstractSchemaMigrator.doMigration(AbstractSchemaMigrator.java:96)
	at org.hibernate.tool.schema.spi.SchemaManagementToolCoordinator.performDatabaseAction(SchemaManagementToolCoordinator.java:269)
	at org.hibernate.tool.schema.spi.SchemaManagementToolCoordinator.lambda$process$1(SchemaManagementToolCoordinator.java:101)
	at java.base/java.util.HashMap.forEach(HashMap.java:1421)
	at org.hibernate.tool.schema.spi.SchemaManagementToolCoordinator.process(SchemaManagementToolCoordinator.java:100)
	at org.hibernate.boot.internal.SessionFactoryObserverForSchemaExport.sessionFactoryCreated(SessionFactoryObserverForSchemaExport.java:35)
	at org.hibernate.internal.SessionFactoryObserverChain.sessionFactoryCreated(SessionFactoryObserverChain.java:33)
	at org.hibernate.internal.SessionFactoryImpl.<init>(SessionFactoryImpl.java:327)
	at org.hibernate.internal.SessionFactoryRegistry.instantiateSessionFactory(SessionFactoryRegistry.java:64)
	at org.hibernate.boot.internal.SessionFactoryBuilderImpl.build(SessionFactoryBuilderImpl.java:458)
	at org.hibernate.jpa.boot.internal.EntityManagerFactoryBuilderImpl.build(EntityManagerFactoryBuilderImpl.java:1452)
	at org.springframework.orm.jpa.vendor.SpringHibernateJpaPersistenceProvider.createContainerEntityManagerFactory(SpringHibernateJpaPersistenceProvider.java:93)
	at org.springframework.orm.jpa.LocalContainerEntityManagerFactoryBean.createNativeEntityManagerFactory(LocalContainerEntityManagerFactoryBean.java:443)
	at org.springframework.orm.jpa.AbstractEntityManagerFactoryBean.buildNativeEntityManagerFactory(AbstractEntityManagerFactoryBean.java:436)
	at org.springframework.orm.jpa.AbstractEntityManagerFactoryBean.afterPropertiesSet(AbstractEntityManagerFactoryBean.java:411)
	at org.springframework.orm.jpa.LocalContainerEntityManagerFactoryBean.afterPropertiesSet(LocalContainerEntityManagerFactoryBean.java:419)
	at org.springframework.beans.factory.support.AbstractAutowireCapableBeanFactory.invokeInitMethods(AbstractAutowireCapableBeanFactory.java:1862)
	at org.springframework.beans.factory.support.AbstractAutowireCapableBeanFactory.initializeBean(AbstractAutowireCapableBeanFactory.java:1811)
	at org.springframework.beans.factory.support.AbstractAutowireCapableBeanFactory.doCreateBean(AbstractAutowireCapableBeanFactory.java:603)
	at org.springframework.beans.factory.support.AbstractAutowireCapableBeanFactory.createBean(AbstractAutowireCapableBeanFactory.java:525)
	at org.springframework.beans.factory.support.AbstractBeanFactory.lambda$doGetBean$0(AbstractBeanFactory.java:333)
	at org.springframework.beans.factory.support.DefaultSingletonBeanRegistry.getSingleton(DefaultSingletonBeanRegistry.java:371)
	at org.springframework.beans.factory.support.AbstractBeanFactory.doGetBean(AbstractBeanFactory.java:331)
	at org.springframework.beans.factory.support.AbstractBeanFactory.getBean(AbstractBeanFactory.java:201)
	at org.springframework.context.support.AbstractApplicationContext.finishBeanFactoryInitialization(AbstractApplicationContext.java:977)
	at org.springframework.context.support.AbstractApplicationContext.refresh(AbstractApplicationContext.java:621)
	at org.springframework.boot.web.server.servlet.context.ServletWebServerApplicationContext.refresh(ServletWebServerApplicationContext.java:143)
	at org.springframework.boot.SpringApplication.refresh(SpringApplication.java:756)
	at org.springframework.boot.SpringApplication.refreshContext(SpringApplication.java:445)
	at org.springframework.boot.SpringApplication.run(SpringApplication.java:321)
	at org.springframework.boot.SpringApplication.run(SpringApplication.java:1365)
	at org.springframework.boot.SpringApplication.run(SpringApplication.java:1354)
	at com.office.calendaradmin.CalendarAdminApplication.main(CalendarAdminApplication.java:11)
	at java.base/jdk.internal.reflect.NativeMethodAccessorImpl.invoke0(Native Method)
	at java.base/jdk.internal.reflect.NativeMethodAccessorImpl.invoke(NativeMethodAccessorImpl.java:77)
	at java.base/jdk.internal.reflect.DelegatingMethodAccessorImpl.invoke(DelegatingMethodAccessorImpl.java:43)
	at java.base/java.lang.reflect.Method.invoke(Method.java:568)
	at org.springframework.boot.devtools.restart.RestartLauncher.run(RestartLauncher.java:52)
Caused by: java.sql.SQLException: Referencing column 'authority_no' and referenced column 'no' in foreign key constraint 'FK5yi94mub7yelh1efo6dm5k9f1' are incompatible.
	at com.mysql.cj.jdbc.exceptions.SQLError.createSQLException(SQLError.java:121)
	at com.mysql.cj.jdbc.exceptions.SQLExceptionsMapping.translateException(SQLExceptionsMapping.java:114)
	at com.mysql.cj.jdbc.StatementImpl.executeInternal(StatementImpl.java:839)
	at com.mysql.cj.jdbc.StatementImpl.execute(StatementImpl.java:687)
	at com.zaxxer.hikari.pool.ProxyStatement.execute(ProxyStatement.java:95)
	at com.zaxxer.hikari.pool.HikariProxyStatement.execute(HikariProxyStatement.java)
	at org.hibernate.tool.schema.internal.exec.GenerationTargetToDatabase.accept(GenerationTargetToDatabase.java:86)
	... 42 more
2026-09-21 12:21:30 INFO  [orm.jpa.LocalContainerEntityManagerFactoryBean] - Initialized JPA EntityManagerFactory for persistence unit 'default'
2026-09-21 12:21:31 WARN  [jpa.autoconfigure.JpaBaseConfiguration$JpaWebConfiguration] - spring.jpa.open-in-view is enabled by default. Therefore, database queries may be performed during view rendering. Explicitly configure spring.jpa.open-in-view to disable this warning
2026-09-21 12:21:31 INFO  [authentication.configuration.InitializeUserDetailsBeanManagerConfigurer$InitializeUserDetailsManagerConfigurer] - Global AuthenticationManager configured with UserDetailsService bean with name memberDetailsService
2026-09-21 12:21:31 INFO  [coyote.http11.Http11NioProtocol] - Starting ProtocolHandler ["http-nio-8091"]
2026-09-21 12:21:31 INFO  [boot.tomcat.TomcatWebServer] - Tomcat started on port 8091 (http) with context path '/'
2026-09-21 12:21:31 INFO  [devtools.autoconfigure.ConditionEvaluationDeltaLoggingListener] - Condition evaluation unchanged
2026-09-21 12:21:31 INFO  [[Tomcat].[localhost].[/]] - Initializing Spring DispatcherServlet 'dispatcherServlet'
2026-09-21 12:21:31 INFO  [web.servlet.DispatcherServlet] - Initializing Servlet 'dispatcherServlet'
2026-09-21 12:21:31 INFO  [web.servlet.DispatcherServlet] - Completed initialization in 2 ms
2026-09-21 12:26:16 INFO  [boot.tomcat.GracefulShutdown] - Commencing graceful shutdown. Waiting for active requests to complete
2026-09-21 12:26:16 INFO  [boot.tomcat.GracefulShutdown] - Graceful shutdown complete
2026-09-21 12:26:16 INFO  [orm.jpa.LocalContainerEntityManagerFactoryBean] - Closing JPA EntityManagerFactory for persistence unit 'default'
2026-09-21 12:26:16 INFO  [zaxxer.hikari.HikariDataSource] - HikariPool-3 - Shutdown initiated...
2026-09-21 12:26:16 INFO  [zaxxer.hikari.HikariDataSource] - HikariPool-3 - Shutdown completed.
